,Name,Fueltype,Technology,Set,Country,Capacity,Efficiency,DateIn,DateRetrofit,DateOut,lat,lon,Duration,Volume_Mm3,DamHeight_m,StorageCapacity_MWh,EIC,projectID,bus
0,Borssele,Hard Coal,Steam Turbine,PP,NL,485.0,,1973.0,1973.0,2034.0,51.4332,3.716,,0.0,0.0,0.0,{'49W000000000054X'},"{'BEYONDCOAL': {'BEYOND-NL-2'}, 'ENTSOE': {'49W000000000054X'}, 'GEM': {'G100000500496'}, 'OPSD': {'OEU-97'}, 'WIKIPEDIA': {'WIKIPEDIA-132'}, 'GPD': {'WRI1019300'}, 'GEO': {'GEO-2401'}}",NL0 2
1,Maasvlakte 2,Hard Coal,Steam Turbine,PP,NL,1102.6366000495566,,1975.0,1975.0,2029.0,51.9586,4.0264,,0.0,0.0,0.0,{'49W000000000102B'},"{'BEYONDCOAL': {'BEYOND-NL-10'}, 'ENTSOE': {'49W000000000102B'}, 'GEM': {'G100000106535'}, 'GPD': {'WRI1019296', 'WRI1019295'}, 'GEO': {'GEO-44522', 'GEO-44521'}}",NL0 2
2,Eemshaven,Hard Coal,Steam Turbine,PP,NL,1604.1703044199232,,2014.0,2014.0,2029.0,53.4405,6.8612,,0.0,0.0,0.0,{'49W000000000066Q'},"{'BEYONDCOAL': {'BEYOND-NL-12'}, 'ENTSOE': {'49W000000000066Q'}, 'GEM': {'G100000102596', 'G100000102597'}, 'GPD': {'WRI1019289'}, 'GEO': {'GEO-44523'}}",NL0 1
3,Flevo,Natural Gas,CCGT,PP,NL,872.1,0.59,2010.0,2010.0,2050.0,52.5772,5.53,,0.0,0.0,0.0,"{'49W000000000072V', '49W000000000074R'}","{'ENTSOE': {'49W000000000072V', '49W000000000074R'}, 'GEM': {'L100000400544'}, 'OPSD': {'OEU-149', 'OEU-150'}, 'GPD': {'WRI1019290'}, 'GEO': {'GEO-44501'}}",NL0 3
4,Eemshaven,Natural Gas,CCGT,PP,NL,1410.0,0.58,2013.0,2013.0,2053.0,53.4502,6.8548,,0.0,0.0,0.0,{'49W000000000044-'},"{'ENTSOE': {'49W000000000044-'}, 'GEM': {'L100000400541'}, 'OPSD': {'OEU-145', 'OEU-147', 'OEU-146'}, 'GPD': {'WRI1019311'}, 'GEO': {'GEO-44513'}}",NL0 1
5,Tnz Elsta,Natural Gas,CCGT,CHP,NL,455.0,,1998.0,1998.0,2038.0,51.3331,3.7787,,0.0,0.0,0.0,{'49W000000000048S'},"{'ENTSOE': {'49W000000000048S'}, 'GEM': {'L100000400519'}, 'OPSD': {'OEU-129'}, 'GPD': {'WRI1005509'}, 'GEO': {'GEO-44511'}}",NL0 2
6,Sloecentrale 2,Natural Gas,CCGT,CHP,NL,870.0,0.59,2009.0,2009.0,2049.0,51.4482,3.6928,,0.0,0.0,0.0,"{'49W0000000000512', '49W000000000117Z'}","{'ENTSOE': {'49W0000000000512', '49W000000000117Z'}, 'GEM': {'L100000400564'}, 'OPSD': {'OEU-159', 'OEU-160'}, 'GPD': {'WRI1019287'}, 'GEO': {'GEO-44496'}}",NL0 2
7,Rijnmond 3,Natural Gas,CCGT,CHP,NL,790.0,0.2073234811165845,2004.0,2004.0,2044.0,51.890175,4.354686,,0.0,0.0,0.0,{'49W0000000001128'},"{'ENTSOE': {'49W0000000001128'}, 'GEM': {'L100000406400'}, 'OPSD': {'OEU-157', 'OEU-156'}, 'GPD': {'WRI1005515'}, 'GEO': {'GEO-44497', 'GEO-44512'}}",NL0 2
8,Diemen 2,Natural Gas,CCGT,CHP,NL,684.0,0.3661198288159771,1995.0,1995.0,2035.0,52.3389,5.0213,,0.0,0.0,0.0,{'49W0000000000431'},"{'ENTSOE': {'49W0000000000431'}, 'GEM': {'L100000400509'}, 'OPSD': {'OEU-102', 'OEU-101'}, 'GPD': {'WRI1019310'}, 'GEO': {'GEO-44499', 'GEO-44500'}}",NL0 3
9,Delesto 2,Natural Gas,CCGT,CHP,NL,343.0,0.3771428571428571,1987.0,1987.0,2027.0,53.3185,6.9544,,0.0,0.0,0.0,{'49W000000000152X'},"{'ENTSOE': {'49W000000000152X'}, 'GEM': {'L100000400502'}, 'OPSD': {'OEU-125', 'OEU-124'}, 'GPD': {'WRI1005506'}, 'GEO': {'GEO-41986', 'GEO-45078'}}",NL0 1
10,Moerdijk 4,Natural Gas,CCGT,CHP,NL,766.0,0.3251629726205997,1997.0,1997.0,2037.0,51.68506,4.58094,,0.0,0.0,0.0,{'49W000000000063W'},"{'ENTSOE': {'49W000000000063W'}, 'GEM': {'L100000400548'}, 'OPSD': {'OEU-152', 'OEU-151'}, 'GEO': {'GEO-44515', 'GEO-44514'}}",NL0 2
11,Swentibold,Natural Gas,CCGT,CHP,NL,209.0,,1999.0,1999.0,2039.0,50.9721,5.7911,,0.0,0.0,0.0,{'49W000000000061-'},"{'ENTSOE': {'49W000000000061-'}, 'GEM': {'L100000400568'}, 'OPSD': {'OEU-116'}, 'GEO': {'GEO-44516'}}",NL0 0
12,Ijmuiden Steel Works 3,Natural Gas,CCGT,CHP,NL,144.0,,1997.0,1997.0,2037.0,52.4778,4.6031,,0.0,0.0,0.0,{},"{'GEM': {'L100001000007'}, 'OPSD': {'OEU-109'}, 'GPD': {'WRI1019313'}, 'GEO': {'GEO-44537'}}",NL0 3
13,Amer 3,Hard Coal,Steam Turbine,CHP,NL,601.1028956791896,,1979.0,1979.0,2024.0,51.7078,4.8439,,0.0,0.0,0.0,{'49W000000000070Z'},"{'BEYONDCOAL': {'BEYOND-NL-4'}, 'ENTSOE': {'49W000000000070Z'}, 'GEM': {'G100000100156', 'G100001021429'}, 'GEO': {'GEO-44517'}}",NL0 2
14,Enecogen 5,Natural Gas,CCGT,PP,NL,844.0,0.59,2011.0,2011.0,2051.0,51.957,4.0916,,0.0,0.0,0.0,{'49W000000000058P'},"{'ENTSOE': {'49W000000000058P'}, 'GEM': {'L100000400522'}, 'GEO': {'GEO-44502'}}",NL0 2
15,Centrale Lage Weide 4,Natural Gas,CCGT,CHP,NL,247.0,,1995.0,1995.0,2035.0,52.101944,5.071389,,0.0,0.0,0.0,{'49W000000000047U'},"{'ENTSOE': {'49W000000000047U'}, 'GEM': {'L100000407615'}, 'OPSD': {'OEU-110'}}",NL0 3
16,Bergum 3,Natural Gas,CCGT,PP,NL,144.0,,2019.0,2019.0,2059.0,53.20975,6.02959,,0.0,0.0,0.0,"{'49W000000000135X', '49W0000000001233'}","{'ENTSOE': {'49W000000000135X', '49W0000000001233'}, 'GEM': {'L100000400499'}, 'OPSD': {'OEU-100', 'OEU-99'}}",NL0 1
17,Maasvlakte Ucml 6,Natural Gas,CCGT,CHP,NL,70.0,,2003.0,2003.0,2043.0,51.96,4.0254,,0.0,0.0,0.0,{},"{'GEM': {'L100000400540'}, 'OPSD': {'OEU-161'}, 'GEO': {'GEO-44527'}}",NL0 2
18,Leiden 7,Natural Gas,CCGT,CHP,NL,85.0,,1982.0,2004.0,2044.0,52.1641,4.4941,,0.0,0.0,0.0,{},"{'GEM': {'L100000400536'}, 'OPSD': {'OEU-141'}, 'GEO': {'GEO-45076'}}",NL0 2
19,Pergen 8,Natural Gas,CCGT,CHP,NL,260.0,,2008.0,2008.0,2048.0,51.88191,4.37786,,0.0,0.0,0.0,"{'49W000000000094L', '49W000000000092P'}","{'ENTSOE': {'49W000000000094L', '49W000000000092P'}, 'GEM': {'L100000400552'}}",NL0 2
20,Nam Schoonebeek 4,Natural Gas,CCGT,CHP,NL,128.0,,2010.0,2010.0,2050.0,52.680874,6.894958,,0.0,0.0,0.0,{'49W0000000000504'},"{'ENTSOE': {'49W0000000000504'}, 'GEM': {'L100000400550'}}",NL0 1
21,Maastroom Energie Cv 9,Natural Gas,CCGT,PP,NL,426.0,,2010.0,2010.0,2050.0,51.8901,4.352,,0.0,0.0,0.0,{'49W0000000001225'},"{'ENTSOE': {'49W0000000001225'}, 'GEM': {'L100000400537'}}",NL0 2
22,Pu 5,Natural Gas,CCGT,CHP,NL,67.0,,1988.0,1988.0,2028.0,52.51608,4.99524,,0.0,0.0,0.0,{},"{'OPSD': {'OEU-153'}, 'GEO': {'GEO-44536'}}",NL0 3
23,Amylum 6,Natural Gas,CCGT,PP,NL,7.0,,1994.8260869565217,1994.8260869565217,2034.8260869565217,52.46552,4.81361,,0.0,0.0,0.0,{},{'OPSD': {'OEU-95'}},NL0 3
24,Boz 10,Natural Gas,CCGT,PP,NL,33.0,,1994.8260869565217,1994.8260869565217,2034.8260869565217,51.50555,4.339980000000001,,0.0,0.0,0.0,{},{'OPSD': {'OEU-96'}},NL0 2
25,Erica 5,Natural Gas,CCGT,PP,NL,63.0,,1994.8260869565217,1994.8260869565217,2034.8260869565217,52.69631999999999,6.914110000000001,,0.0,0.0,0.0,{},{'OPSD': {'OEU-131'}},NL0 1
26,Htb 2,Natural Gas,CCGT,PP,NL,32.0,,1994.8260869565217,1994.8260869565217,2034.8260869565217,51.701640000000005,5.28009,,0.0,0.0,0.0,{},{'OPSD': {'OEU-139'}},NL0 0
27,Klazi 6,Natural Gas,CCGT,PP,NL,63.0,,1994.8260869565217,1994.8260869565217,2034.8260869565217,52.73792,7.01368,,0.0,0.0,0.0,{},{'OPSD': {'OEU-140'}},NL0 1
28,Mk 7,Natural Gas,CCGT,PP,NL,103.0,,1994.8260869565217,1994.8260869565217,2034.8260869565217,52.10157,5.07982,,0.0,0.0,0.0,{'49W000000000091R'},{'OPSD': {'OEU-143'}},NL0 3
29,Sal,Natural Gas,CCGT,PP,NL,60.0,,1994.8260869565217,1994.8260869565217,2034.8260869565217,52.24587,6.794789999999999,,0.0,0.0,0.0,{},{'OPSD': {'OEU-158'}},NL0 4
30,Maasvlakte 4,Hard Coal,,PP,NL,802.0851522099616,,1987.0,1987.0,2029.0,51.95155,4.0491,,0.0,0.0,0.0,{},"{'BEYONDCOAL': {'BEYOND-NL-6', 'BEYOND-NL-11'}}",NL0 2
31,Akzo Salinco 11,Natural Gas,CCGT,CHP,NL,100.0,,1993.0,1993.0,2033.0,51.70948,4.84284,,0.0,0.0,0.0,{},{'GEM': {'L100000400490'}},NL0 2
32,Alco Energy Rotterdam,Bioenergy,Steam Turbine,PP,NL,60.0,,2010.0,2010.0,2030.0,51.9248,4.1815,,0.0,0.0,0.0,{},{'GEM': {'G201409'}},NL0 2
33,Berkelcentrale 2,Natural Gas,CCGT,CHP,NL,72.0,,1995.0,1995.0,2035.0,52.1207,6.53741,,0.0,0.0,0.0,{},{'GEM': {'L100001000006'}},NL0 4
34,Bmc Moerdijk 2,Bioenergy,Steam Turbine,PP,NL,36.0,,2008.0,2008.0,2028.0,51.6855,4.5832,,0.0,0.0,0.0,{},{'GEM': {'G200251'}},NL0 2
35,Botlek 12,Natural Gas,CCGT,CHP,NL,94.0,,1991.0,1991.0,2031.0,51.87962,4.275115,,0.0,0.0,0.0,{},"{'GEM': {'L100000400498', 'L100000400497'}}",NL0 2
36,De Hoop Paper Mill 3,Natural Gas,CCGT,CHP,NL,71.0,,1993.0,1993.0,2033.0,52.097,6.05142,,0.0,0.0,0.0,{},{'GEM': {'L100000400501'}},NL0 4
37,Dordrecht Dupont 13,Natural Gas,CCGT,CHP,NL,29.0,,1998.0,1998.0,2038.0,51.81533,4.72493,,0.0,0.0,0.0,{},{'GEM': {'L100000400512'}},NL0 2
38,Ede 3,Natural Gas,CCGT,CHP,NL,50.0,,1992.0,1992.0,2032.0,52.02328,5.65989,,0.0,0.0,0.0,{},{'GEM': {'L100001000002'}},NL0 0
39,Eew Delfzijl Waste To Energy,Bioenergy,Steam Turbine,PP,NL,36.0,,2010.0,2010.0,2030.0,53.3092,6.9879,,0.0,0.0,0.0,{},{'GEM': {'G200265'}},NL0 1
40,Eneco Bio Golden Raand 2,Bioenergy,Steam Turbine,PP,NL,49.0,,2013.0,2013.0,2033.0,53.3125,6.9844,,0.0,0.0,0.0,{},{'GEM': {'G200272'}},NL0 1
41,Enschede 4,Natural Gas,CCGT,CHP,NL,59.0,,1985.0,1985.0,2025.0,52.21415,6.82797,,0.0,0.0,0.0,{},{'GEM': {'L100000400524'}},NL0 4
42,Foxhol 7,Natural Gas,CCGT,CHP,NL,20.0,,1995.0,1995.0,2035.0,53.16981,6.71449,,0.0,0.0,0.0,{},{'GEM': {'L100000400525'}},NL0 1
43,Gasselternijveen 8,Natural Gas,CCGT,CHP,NL,24.5,,1994.8260869565217,1994.8260869565217,2034.8260869565217,52.98981,6.86755,,0.0,0.0,0.0,{},{'GEM': {'L100000400526'}},NL0 1
44,Hemweg 8,Natural Gas,CCGT,CHP,NL,440.0,,2012.0,2012.0,2052.0,52.4049,4.8465,,0.0,0.0,0.0,{},{'GEM': {'L100000400533'}},NL0 3
45,Maastricht Mill 4,Natural Gas,CCGT,CHP,NL,74.4,,2007.0,2007.0,2047.0,50.85798,5.69025,,0.0,0.0,0.0,{},{'GEM': {'L100000400538'}},NL0 0
46,Maasvlakte Uniper 5,Hard Coal,Steam Turbine,PP,NL,2306.0,,1987.0,1987.0,2029.0,51.958734,4.027208,,0.0,0.0,0.0,{},"{'GEM': {'G100000106534', 'G100000106537', 'G100000106536'}}",NL0 2
47,Prezero Reenergy Roosendal 3,Bioenergy,Steam Turbine,PP,NL,39.0,,2011.0,2011.0,2031.0,51.5471,4.4428,,0.0,0.0,0.0,{},{'GEM': {'G200314'}},NL0 2
48,Rotterdam Irp 14,Natural Gas,CCGT,CHP,NL,24.0,,1999.0,1999.0,2039.0,51.9608,4.0977,,0.0,0.0,0.0,{},{'GEM': {'L100000407930'}},NL0 2
49,Schiphol 9,Natural Gas,CCGT,PP,NL,107.0,,2023.0,2023.0,2063.0,52.28383,4.76796,,0.0,0.0,0.0,{},{'GEM': {'L100001000004'}},NL0 3
50,Sluiskil Works 15,Natural Gas,CCGT,CHP,NL,68.0,,2005.0,2005.0,2045.0,51.29168,3.8012,,0.0,0.0,0.0,{},{'GEM': {'L100000400566'}},NL0 2
51,Ter Apelkanaal Siem 9,Natural Gas,CCGT,CHP,NL,40.0,,1995.0,1995.0,2035.0,52.92145,7.04402,,0.0,0.0,0.0,{},{'GEM': {'L100000400569'}},NL0 1
52,Chastang,Hydro,Run-Of-River,Store,FR,293.0,,1951.0,1951.0,2051.0,45.1518,2.0098,,0.0,0.0,0.0,{'17W100P100P0302T'},"{'ENTSOE': {'17W100P100P0302T'}, 'GEM': {'G601650'}, 'JRC': {'JRC-H151'}, 'OPSD': {'OEU-210'}, 'GPD': {'WRI1002704'}, 'GEO': {'GEO-39746', 'GEO-2638'}}",FR0 6
53,Cheylas,Hydro,Pumped Storage,Store,FR,485.0,,1979.0,1979.0,2079.0,45.3865,6.0013,5.8,0.0,0.0,0.0,{'17W100P100P0273A'},"{'ENTSOE': {'17W100P100P0273A'}, 'GEM': {'G601652'}, 'JRC': {'JRC-H63'}, 'OPSD': {'OEU-198'}, 'GPD': {'WRI1002705'}, 'GEO': {'GEO-45014'}}",FR0 4
54,Coche 2,Hydro,Pumped Storage,Store,FR,320.0,,1975.0,2019.0,2119.0,45.4968,6.5103,2.90625,0.0,0.0,0.0,{'17W100P100P02748'},"{'ENTSOE': {'17W100P100P02748'}, 'GEM': {'G601653'}, 'JRC': {'JRC-H134'}, 'OPSD': {'OEU-199'}, 'GPD': {'WRI1002709'}, 'GEO': {'GEO-39819'}}",FR0 4
55,Combe Avrieux 3,Hydro,Reservoir,Store,FR,123.0,,1950.0,1950.0,2050.0,45.215,6.712,,0.0,0.0,0.0,{'17W100P100P02837'},"{'ENTSOE': {'17W100P100P02837'}, 'GEM': {'G601654'}, 'JRC': {'JRC-H419'}, 'OPSD': {'OEU-235'}, 'GPD': {'WRI1002710'}, 'GEO': {'GEO-39818'}}",FR0 4
56,Couesque 2,Hydro,Run-Of-River,PP,FR,119.0,,1950.0,1950.0,2050.0,44.6953,2.5825,,0.0,0.0,0.0,{'17W100P100P0313O'},"{'ENTSOE': {'17W100P100P0313O'}, 'GEM': {'G601655'}, 'JRC': {'JRC-H433'}, 'OPSD': {'OEU-211'}, 'GPD': {'WRI1002714'}, 'GEO': {'GEO-39721'}}",FR0 6
57,Pouget 3,Hydro,Reservoir,Store,FR,446.9,,1951.0,1951.0,2051.0,44.0597,2.7701,1.5730337078651686,0.0,0.0,0.0,{'17W100P100P0290A'},"{'ENTSOE': {'17W100P100P0290A'}, 'GEM': {'G601686'}, 'JRC': {'JRC-H73'}, 'OPSD': {'OEU-242'}, 'GPD': {'WRI1002758'}, 'GEO': {'GEO-39723'}}",FR0 6
58,Pied De Borne 4,Hydro,Reservoir,Store,FR,109.4,,1965.0,1965.0,2065.0,44.4788,3.9858,,0.0,0.0,0.0,{'17W100P100P0289W'},"{'ENTSOE': {'17W100P100P0289W'}, 'GEM': {'G601684'}, 'JRC': {'JRC-H471'}, 'OPSD': {'OEU-241'}, 'GPD': {'WRI1002755'}, 'GEO': {'GEO-39800'}}",FR0 6
59,Ottmarsheim,Hydro,Run-Of-River,PP,FR,156.0,,1952.0,1952.0,2052.0,47.7741,7.5225,,0.0,0.0,0.0,{'17W100P100P0306L'},"{'ENTSOE': {'17W100P100P0306L'}, 'GEM': {'G601682'}, 'JRC': {'JRC-H318'}, 'OPSD': {'OEU-222'}, 'GPD': {'WRI1002751'}, 'GEO': {'GEO-39779'}}",FR0 5
60,Oraison 4,Hydro,Reservoir,Store,FR,187.0,,1962.0,1962.0,2062.0,43.9212,5.9253,,0.0,0.0,0.0,{'17W100P100P0288Y'},"{'ENTSOE': {'17W100P100P0288Y'}, 'GEM': {'G601680'}, 'JRC': {'JRC-H260'}, 'OPSD': {'OEU-240'}, 'GPD': {'WRI1002750'}, 'GEO': {'GEO-39706'}}",FR0 4
61,Montpezat 5,Hydro,Reservoir,Store,FR,131.8,,1954.0,1954.0,2054.0,43.7514,6.0888,,0.0,0.0,0.0,{'17W100B100P0287S'},"{'ENTSOE': {'17W100B100P0287S'}, 'GEM': {'G601679'}, 'JRC': {'JRC-H387'}, 'OPSD': {'OEU-239'}, 'GPD': {'WRI1002748'}, 'GEO': {'GEO-39820'}}",FR0 4
62,Vouglans,Hydro,Reservoir,Store,FR,285.0,,1968.0,1968.0,2068.0,46.3968,5.6634,,0.0,0.0,0.0,{'17W100P100P0301V'},"{'ENTSOE': {'17W100P100P0301V'}, 'GEM': {'G601710'}, 'JRC': {'JRC-H167'}, 'OPSD': {'OEU-253'}, 'GPD': {'WRI1002786'}, 'GEO': {'GEO-45927', 'GEO-39796'}}",FR0 1
63,Monteynard 6,Hydro,Reservoir,Store,FR,366.0,,1962.0,1962.0,2062.0,44.8722,5.7726,212.8415300546448,0.0,0.0,0.0,{'17W100P100P02861'},"{'ENTSOE': {'17W100P100P02861'}, 'GEM': {'G601677'}, 'JRC': {'JRC-H105'}, 'OPSD': {'OEU-238'}, 'GPD': {'WRI1002746'}, 'GEO': {'GEO-39790'}}",FR0 4
64,Mareges 5,Hydro,Run-Of-River,PP,FR,150.0,,1935.0,2018.0,2118.0,45.3917,2.3646,,0.0,0.0,0.0,{'17W100P100P0328B'},"{'ENTSOE': {'17W100P100P0328B'}, 'GEM': {'G601675'}, 'JRC': {'JRC-H328'}, 'OPSD': {'OEU-214'}, 'GPD': {'WRI1002742'}, 'GEO': {'GEO-39738'}}",FR0 6
65,Marckolsheim 2,Hydro,Run-Of-River,PP,FR,156.2,,1961.0,1961.0,2061.0,48.1537,7.5898,,0.0,0.0,0.0,{'17W100P100P0305N'},"{'ENTSOE': {'17W100P100P0305N'}, 'GEM': {'G601674'}, 'JRC': {'JRC-H316'}, 'OPSD': {'OEU-220'}, 'GPD': {'WRI1002741'}, 'GEO': {'GEO-39808'}}",FR0 5
66,Malgovert 7,Hydro,Reservoir,Store,FR,297.0,,1952.0,1952.0,2052.0,45.6178,6.791,1370.707070707071,0.0,0.0,0.0,{'17W100P100P02853'},"{'ENTSOE': {'17W100P100P02853'}, 'GEM': {'G601672'}, 'JRC': {'JRC-H149'}, 'OPSD': {'OEU-237'}, 'GPD': {'WRI1002740'}, 'GEO': {'GEO-39815'}}",FR0 4
67,Logis Neuf 8,Hydro,Run-Of-River,PP,FR,191.8,,1960.0,1960.0,2060.0,44.6763,4.7868,,0.0,0.0,0.0,"{'17W000001017799C', '17W100P100P0322N'}","{'ENTSOE': {'17W000001017799C', '17W100P100P0322N'}, 'GEM': {'G601671'}, 'JRC': {'JRC-H356'}, 'OPSD': {'OEU-206'}, 'GPD': {'WRI1002690'}, 'GEO': {'GEO-39759'}}",FR0 4
68,Kembs 3,Hydro,Run-Of-River,PP,FR,162.1,,1932.0,2016.0,2116.0,47.6548,7.5183,,0.0,0.0,0.0,{'17W100P100P0307J'},"{'ENTSOE': {'17W100P100P0307J'}, 'GEM': {'G601664'}, 'JRC': {'JRC-H299', 'JRC-H323'}, 'OPSD': {'OEU-219'}, 'GPD': {'WRI1002738'}, 'GEO': {'GEO-39780'}}",FR0 5
69,Grand Maison 9,Hydro,Pumped Storage,Store,FR,1700.0,,1987.0,2017.0,2117.0,45.1454,6.0515,20.59171597633136,0.0,0.0,0.0,{'17W100P100P02756'},"{'ENTSOE': {'17W100P100P02756'}, 'GEM': {'G601661'}, 'JRC': {'JRC-H3'}, 'OPSD': {'OEU-200'}, 'GPD': {'WRI1002734'}, 'GEO': {'GEO-42969'}}",FR0 4
70,Gerstheim 4,Hydro,Run-Of-River,PP,FR,140.5,,1967.0,1967.0,2067.0,48.4021,7.7272,,0.0,0.0,0.0,{'17W100P100P0310U'},"{'ENTSOE': {'17W100P100P0310U'}, 'GEM': {'G601659'}, 'JRC': {'JRC-H353'}, 'OPSD': {'OEU-217'}, 'GPD': {'WRI1002732'}, 'GEO': {'GEO-39807'}}",FR0 5
71,Genissiat 2,Hydro,Run-Of-River,Store,FR,397.5,,1948.0,1948.0,2048.0,46.0527,5.8128,,0.0,0.0,0.0,{'17W100P100P0319C'},"{'ENTSOE': {'17W100P100P0319C'}, 'GEM': {'G601658'}, 'JRC': {'JRC-H83'}, 'OPSD': {'OEU-216'}, 'GPD': {'WRI1002730'}, 'GEO': {'GEO-39698'}}",FR0 1
72,Fessenheim 5,Hydro,Run-Of-River,PP,FR,175.0,,1956.0,1956.0,2056.0,47.9146,7.5706,,0.0,0.0,0.0,{'17W100P100P0303R'},"{'ENTSOE': {'17W100P100P0303R'}, 'GEM': {'G601657'}, 'JRC': {'JRC-H283'}, 'OPSD': {'OEU-213'}, 'GPD': {'WRI1002726'}, 'GEO': {'GEO-39778'}}",FR0 5
73,Montezic 6,Hydro,Pumped Storage,Store,FR,910.0,,1982.0,1982.0,2082.0,44.7372,2.6432,40.0,0.0,0.0,0.0,{'17W100P100P02772'},"{'ENTSOE': {'17W100P100P02772'}, 'GEM': {'G601678'}, 'JRC': {'JRC-H20'}, 'OPSD': {'OEU-201'}, 'GPD': {'WRI1002747'}, 'GEO': {'GEO-42240'}}",FR0 6
74,Caderousse 10,Hydro,Run-Of-River,PP,FR,186.6,,1975.0,1975.0,2075.0,44.0961,4.7233,,0.0,0.0,0.0,{'17W100P100P0325H'},"{'ENTSOE': {'17W100P100P0325H'}, 'GEM': {'G601649'}, 'JRC': {'JRC-H317'}, 'OPSD': {'OEU-209'}, 'GPD': {'WRI1002702'}, 'GEO': {'GEO-39825'}}",FR0 4
75,Vogelgrun 6,Hydro,Run-Of-River,PP,FR,140.5,,1958.0,1958.0,2058.0,48.0199,7.5733,,0.0,0.0,0.0,{'17W100P100P0311S'},"{'ENTSOE': {'17W100P100P0311S'}, 'GEM': {'G601709'}, 'JRC': {'JRC-H354', 'JRC-H364'}, 'OPSD': {'OEU-230'}, 'GPD': {'WRI1002785'}, 'GEO': {'GEO-5953'}}",FR0 5
76,Villarodin 11,Hydro,Reservoir,Store,FR,357.0,,1968.0,1968.0,2068.0,45.2128,6.7164,1932.4929971988795,0.0,0.0,0.0,{'17W100P100P0300X'},"{'ENTSOE': {'17W100P100P0300X'}, 'GEM': {'G601708'}, 'JRC': {'JRC-H114'}, 'OPSD': {'OEU-252'}, 'GPD': {'WRI1002784'}, 'GEO': {'GEO-39817'}}",FR0 4
77,Super Bissorte 12,Hydro,Pumped Storage,Store,FR,742.3,,1936.0,1936.0,2036.0,45.2047,6.5779,3.8181818181818175,0.0,0.0,0.0,{'17W100P100P02764'},"{'ENTSOE': {'17W100P100P02764'}, 'GEM': {'G601707'}, 'JRC': {'JRC-H24'}, 'OPSD': {'OEU-203'}, 'GPD': {'WRI1002781'}, 'GEO': {'GEO-44379', 'GEO-39783'}}",FR0 4
78,Strasbourg 7,Hydro,Run-Of-River,PP,FR,147.8,,1969.0,2016.0,2116.0,48.5256,7.7966,,0.0,0.0,0.0,{'17W100P100P0308H'},"{'ENTSOE': {'17W100P100P0308H'}, 'GEM': {'G601706'}, 'JRC': {'JRC-H339'}, 'OPSD': {'OEU-228'}, 'GPD': {'WRI1002780'}, 'GEO': {'GEO-39811'}}",FR0 5
79,St Etienne Cantales 7,Hydro,Reservoir,Store,FR,103.3,,1945.0,2016.0,2116.0,44.9453,2.2184,,0.0,0.0,0.0,{'17W100P100P02950'},"{'ENTSOE': {'17W100P100P02950'}, 'GEM': {'G601698'}, 'JRC': {'JRC-H501'}, 'OPSD': {'OEU-251'}, 'GPD': {'WRI1002778'}, 'GEO': {'GEO-39739'}}",FR0 6
80,Sisteron 13,Hydro,Reservoir,Store,FR,240.0,,1975.0,2017.0,2117.0,44.2093,5.9186,,0.0,0.0,0.0,{'17W100P100P02942'},"{'ENTSOE': {'17W100P100P02942'}, 'GEM': {'G601705'}, 'JRC': {'JRC-H221'}, 'OPSD': {'OEU-250'}, 'GPD': {'WRI1002774'}, 'GEO': {'GEO-39773'}}",FR0 4
81,Serre Poncon 14,Hydro,Reservoir,Store,FR,384.0,,1960.0,1960.0,2060.0,44.4709,6.2696,1036.7567567567569,0.0,0.0,0.0,{'17W100P100P02926'},"{'ENTSOE': {'17W100P100P02926'}, 'GEM': {'G601704'}, 'JRC': {'JRC-H97'}, 'OPSD': {'OEU-249'}, 'GPD': {'WRI1002773'}, 'GEO': {'GEO-39770'}}",FR0 4
82,Sarrans 8,Hydro,Reservoir,Store,FR,183.0,,1932.0,1932.0,2032.0,44.828,2.7395,,0.0,0.0,0.0,{'17W100P100P02934'},"{'ENTSOE': {'17W100P100P02934'}, 'GEM': {'G601703'}, 'JRC': {'JRC-H267'}, 'OPSD': {'OEU-248'}, 'GPD': {'WRI1002771'}, 'GEO': {'GEO-39726'}}",FR0 6
83,Sainte Croix 15,Hydro,Reservoir,Store,FR,132.3,,1974.0,1974.0,2074.0,43.7375,6.1343,,0.0,0.0,0.0,{'17W100P100P0297X'},"{'ENTSOE': {'17W100P100P0297X'}, 'GEM': {'G601699'}, 'JRC': {'JRC-H384'}, 'OPSD': {'OEU-247'}, 'GPD': {'WRI1002770'}, 'GEO': {'GEO-39712'}}",FR0 4
84,Saint Esteve 16,Hydro,Reservoir,Store,FR,141.0,,1963.0,1963.0,2063.0,43.692,5.385,,0.0,0.0,0.0,{'17W100P100P0298V'},"{'ENTSOE': {'17W100P100P0298V'}, 'GEM': {'G601694'}, 'JRC': {'JRC-H351'}, 'OPSD': {'OEU-245'}, 'GPD': {'WRI1002766'}, 'GEO': {'GEO-39736'}}",FR0 4
85,Saint Chamas 17,Hydro,Reservoir,Store,FR,159.0,,1965.0,1965.0,2065.0,43.529,5.0741,,0.0,0.0,0.0,{'17W100P100P0296Z'},"{'ENTSOE': {'17W100P100P0296Z'}, 'GEM': {'G601693'}, 'JRC': {'JRC-H311'}, 'OPSD': {'OEU-244'}, 'GPD': {'WRI1002765'}, 'GEO': {'GEO-39735'}}",FR0 4
86,Rhinau 8,Hydro,Run-Of-River,PP,FR,152.0,,1963.0,2016.0,2116.0,48.2844,7.6768,,0.0,0.0,0.0,{'17W100P100P0304P'},"{'ENTSOE': {'17W100P100P0304P'}, 'GEM': {'G601690'}, 'JRC': {'JRC-H325'}, 'OPSD': {'OEU-225'}, 'GPD': {'WRI1002764'}, 'GEO': {'GEO-39809'}}",FR0 5
87,Revin,Hydro,Pumped Storage,Store,FR,808.0,,1974.0,1974.0,2074.0,49.9276,4.6171,5.573019801980198,0.0,0.0,0.0,{'17W100P100P02780'},"{'ENTSOE': {'17W100P100P02780'}, 'GEM': {'G601689'}, 'JRC': {'JRC-H29'}, 'OPSD': {'OEU-202'}, 'GPD': {'WRI1002763'}, 'GEO': {'GEO-45157', 'GEO-39715'}}",FR0 2
88,Pragneres,Hydro,Reservoir,Store,FR,189.2,,1953.0,1953.0,2053.0,42.8205,0.0102,,0.0,0.0,0.0,{'17W100P100P02918'},"{'ENTSOE': {'17W100P100P02918'}, 'GEM': {'G601687'}, 'JRC': {'JRC-H257'}, 'OPSD': {'OEU-243'}, 'GPD': {'WRI1002759'}, 'GEO': {'GEO-39776'}}",FR0 0
89,Saint Guillerme 18,Hydro,Reservoir,Store,FR,116.0,,1983.0,1983.0,2083.0,45.029,6.0717,,0.0,0.0,0.0,{'17W100P100P0299T'},"{'ENTSOE': {'17W100P100P0299T'}, 'GEM': {'G601695'}, 'JRC': {'JRC-H440'}, 'OPSD': {'OEU-246'}, 'GPD': {'WRI1002767'}, 'GEO': {'GEO-39797', 'GEO-45154'}}",FR0 4
90,Nogent,Nuclear,Steam Turbine,PP,FR,2620.0,,1987.0,1987.0,2029.0,48.5171,3.5181,,0.0,0.0,0.0,"{'17W100P100P0219G', '17W100P100P0220V'}","{'ENTSOE': {'17W100P100P0219G', '17W100P100P0220V'}, 'GEM': {'G100000500064', 'G100000500065'}, 'OPSD': {'OEU-297', 'OEU-296'}, 'WIKIPEDIA': {'WIKIPEDIA-107', 'WIKIPEDIA-106'}, 'GPD': {'WRI1002749'}, 'GEO': {'GEO-4511'}}",FR0 2
91,Paluel 2,Nuclear,Steam Turbine,PP,FR,5320.0,,1984.0,1984.0,2026.0,49.8582,0.6354,,0.0,0.0,0.0,"{'17W100P100P0223P', '17W100P100P0222R', '17W100P100P0221T', '17W100P100P0224N'}","{'ENTSOE': {'17W100P100P0223P', '17W100P100P0222R', '17W100P100P0221T', '17W100P100P0224N'}, 'GEM': {'G100000500054', 'G100000500055', 'G100000500053', 'G100000500052'}, 'OPSD': {'OEU-301', 'OEU-300', 'OEU-298', 'OEU-299'}, 'WIKIPEDIA': {'WIKIPEDIA-109', 'WIKIPEDIA-111', 'WIKIPEDIA-108', 'WIKIPEDIA-110'}, 'GPD': {'WRI1002752'}, 'GEO': {'GEO-4689'}}",FR0 2
92,Penly 3,Nuclear,Steam Turbine,PP,FR,2660.0,,1990.0,1990.0,2032.0,49.9764,1.2107,,0.0,0.0,0.0,"{'17W100P100P0225L', '17W100P100P0226J'}","{'ENTSOE': {'17W100P100P0225L', '17W100P100P0226J'}, 'GEM': {'G100000500057', 'G100000500056'}, 'OPSD': {'OEU-303', 'OEU-302'}, 'WIKIPEDIA': {'WIKIPEDIA-112', 'WIKIPEDIA-113'}, 'GPD': {'WRI1002754'}, 'GEO': {'GEO-4746'}}",FR0 2
93,St Alban,Nuclear,Steam Turbine,PP,FR,2670.0,,1985.0,1985.0,2027.0,45.4043,4.7554,,0.0,0.0,0.0,"{'17W100P100P0228F', '17W100P100P0227H'}","{'ENTSOE': {'17W100P100P0228F', '17W100P100P0227H'}, 'GEM': {'G100000500059', 'G100000500058'}, 'OPSD': {'OEU-305', 'OEU-304'}, 'WIKIPEDIA': {'WIKIPEDIA-115', 'WIKIPEDIA-116'}, 'GPD': {'WRI1002777'}, 'GEO': {'GEO-5216'}}",FR0 1
94,Dampierre 4,Nuclear,Steam Turbine,PP,FR,3560.0,,1980.0,1980.0,2035.0,47.7321,2.5185,,0.0,0.0,0.0,"{'17W100P100P0206P', '17W100P100P0205R', '17W100P100P0203V', '17W100P100P0204T'}","{'ENTSOE': {'17W100P100P0206P', '17W100P100P0205R', '17W100P100P0203V', '17W100P100P0204T'}, 'GEM': {'G100000500306', 'G100000500308', 'G100000500305', 'G100000500307'}, 'OPSD': {'OEU-283', 'OEU-282', 'OEU-281', 'OEU-280'}, 'WIKIPEDIA': {'WIKIPEDIA-88', 'WIKIPEDIA-89', 'WIKIPEDIA-87', 'WIKIPEDIA-90'}, 'GPD': {'WRI1002720'}, 'GEO': {'GEO-2862'}}",FR0 2
95,Belleville 5,Nuclear,Steam Turbine,PP,FR,2620.0,,1987.0,1987.0,2029.0,47.5103,2.87501,,0.0,0.0,0.0,"{'17W100P100P01865', '17W100P100P01857'}","{'ENTSOE': {'17W100P100P01865', '17W100P100P01857'}, 'GEM': {'G100000500061', 'G100000500060'}, 'OPSD': {'OEU-254', 'OEU-255'}, 'WIKIPEDIA': {'WIKIPEDIA-55', 'WIKIPEDIA-56'}, 'GPD': {'WRI1002693'}, 'GEO': {'GEO-2300'}}",FR0 2
96,Gravelines 6,Nuclear,Steam Turbine,PP,FR,5460.0,,1980.0,1980.0,2028.0,51.014100000000006,2.1332,,0.0,0.0,0.0,"{'17W100P100P0214Q', '17W100P100P0218I', '17W100P100P0217K', '17W100P100P0216M', '17W100P100P0213S', '17W100P100P0215O'}","{'ENTSOE': {'17W100P100P0214Q', '17W100P100P0218I', '17W100P100P0217K', '17W100P100P0216M', '17W100P100P0213S', '17W100P100P0215O'}, 'GEM': {'G100000500297', 'G100000500298', 'G100000500300', 'G100000500302', 'G100000500301', 'G100000500299'}, 'OPSD': {'OEU-290', 'OEU-293', 'OEU-294', 'OEU-295', 'OEU-291', 'OEU-292'}, 'WIKIPEDIA': {'WIKIPEDIA-102', 'WIKIPEDIA-99', 'WIKIPEDIA-101', 'WIKIPEDIA-98', 'WIKIPEDIA-103', 'WIKIPEDIA-100'}, 'GPD': {'WRI1002735'}, 'GEO': {'GEO-3383'}}",FR0 2
97,Bugey 2,Nuclear,Steam Turbine,PP,FR,3580.0,,1972.0,1972.0,2030.0,45.7973,5.2706,,0.0,0.0,0.0,"{'17W100P100P0183B', '17W100P100P0181F', '17W100P100P0182D', '17W100P100P01849'}","{'ENTSOE': {'17W100P100P0183B', '17W100P100P0181F', '17W100P100P0182D', '17W100P100P01849'}, 'GEM': {'G100000500394', 'G100000500304', 'G100000500303', 'G100000500310', 'G100000500309'}, 'OPSD': {'OEU-260', 'OEU-262', 'OEU-261', 'OEU-263'}, 'WIKIPEDIA': {'WIKIPEDIA-62', 'WIKIPEDIA-66', 'WIKIPEDIA-63', 'WIKIPEDIA-65', 'WIKIPEDIA-64'}, 'GPD': {'WRI1002701'}, 'GEO': {'GEO-2471'}}",FR0 1
98,Cattenom,Nuclear,Steam Turbine,PP,FR,5200.0,,1978.0,1978.0,2032.0,49.416,6.2169,,0.0,0.0,0.0,"{'17W100B100P0189S', '17W100P100P01881', '17W100P100P0190E', '17W100P100P01873'}","{'ENTSOE': {'17W100B100P0189S', '17W100P100P01881', '17W100P100P0190E', '17W100P100P01873'}, 'GEM': {'G100000500068', 'G100000500067', 'G100000500066', 'G100000500069'}, 'OPSD': {'OEU-265', 'OEU-266', 'OEU-267', 'OEU-264'}, 'WIKIPEDIA': {'WIKIPEDIA-70', 'WIKIPEDIA-69', 'WIKIPEDIA-67', 'WIKIPEDIA-68'}, 'GPD': {'WRI1002703'}, 'GEO': {'GEO-2589'}}",FR0 5
99,Chinon,Nuclear,Steam Turbine,PP,FR,3620.0,,1963.0,1963.0,2028.0,47.2254,0.1656,,0.0,0.0,0.0,"{'17W100P100P01938', '17W100P100P0191C', '17W100P100P0192A', '17W100P100P01946'}","{'ENTSOE': {'17W100P100P01938', '17W100P100P0191C', '17W100P100P0192A', '17W100P100P01946'}, 'GEM': {'G100000500575', 'G100000500291', 'G100000500503', 'G100000500289', 'G100000500539', 'G100000500290', 'G100000500292'}, 'OPSD': {'OEU-271', 'OEU-268', 'OEU-269', 'OEU-270'}, 'WIKIPEDIA': {'WIKIPEDIA-73', 'WIKIPEDIA-75', 'WIKIPEDIA-76', 'WIKIPEDIA-77', 'WIKIPEDIA-71', 'WIKIPEDIA-72', 'WIKIPEDIA-74'}, 'GPD': {'WRI1002706'}, 'GEO': {'GEO-2665'}}",FR0 3
100,Chooz 2,Nuclear,Steam Turbine,PP,FR,3000.0,,1967.0,1967.0,2039.0,50.0901,4.7872,,0.0,0.0,0.0,"{'17W100P100P01954', '17W100P100P01962'}","{'ENTSOE': {'17W100P100P01954', '17W100P100P01962'}, 'GEM': {'G100000500011', 'G100000500010', 'G100000500509'}, 'OPSD': {'OEU-272', 'OEU-273'}, 'WIKIPEDIA': {'WIKIPEDIA-78', 'WIKIPEDIA-80', 'WIKIPEDIA-79'}, 'GPD': {'WRI1002707'}, 'GEO': {'GEO-2670'}}",FR0 5
101,Civaux 2,Nuclear,Steam Turbine,PP,FR,2990.0,,1997.0,1997.0,2039.0,46.4555,0.6582,,0.0,0.0,0.0,"{'17W100P100P01970', '17W100P100P0198Z'}","{'ENTSOE': {'17W100P100P01970', '17W100P100P0198Z'}, 'GEM': {'G100000500009', 'G100000500008'}, 'OPSD': {'OEU-275', 'OEU-274'}, 'WIKIPEDIA': {'WIKIPEDIA-81', 'WIKIPEDIA-82'}, 'GPD': {'WRI1002708'}, 'GEO': {'GEO-2687'}}",FR0 3
102,Cruas,Nuclear,Steam Turbine,PP,FR,3660.0,,1983.0,1983.0,2025.0,44.6325,4.7546,,0.0,0.0,0.0,"{'17W100P100P0202X', '17W100P100P0201Z', '17W100P100P02000', '17W100P100P0199X'}","{'ENTSOE': {'17W100P100P0202X', '17W100P100P0201Z', '17W100P100P02000', '17W100P100P0199X'}, 'GEM': {'G100000500281', 'G100001017698', 'G100000500282', 'G100000500279'}, 'OPSD': {'OEU-278', 'OEU-276', 'OEU-279', 'OEU-277'}, 'WIKIPEDIA': {'WIKIPEDIA-84', 'WIKIPEDIA-83', 'WIKIPEDIA-85', 'WIKIPEDIA-86'}, 'GPD': {'WRI1002716'}, 'GEO': {'GEO-2825'}}",FR0 4
103,Flamanville,Nuclear,Steam Turbine,PP,FR,2660.0,,1985.0,1985.0,2051.0,49.5366,-1.8823,,0.0,0.0,0.0,"{'17W100P100P0209J', '17W100P100P0210Y'}","{'ENTSOE': {'17W100P100P0209J', '17W100P100P0210Y'}, 'GEM': {'G100000500050', 'G100000500051', 'G100000500007'}, 'OPSD': {'OEU-286', 'OEU-287'}, 'WIKIPEDIA': {'WIKIPEDIA-94', 'WIKIPEDIA-93', 'WIKIPEDIA-95'}, 'GPD': {'WRI1002728'}, 'GEO': {'GEO-3183'}}",FR0 7
104,Golfech,Nuclear,Steam Turbine,PP,FR,2620.0,,1990.0,1990.0,2034.0,44.106,0.8443,,0.0,0.0,0.0,"{'17W100P100P0211W', '17W100P100P0212U'}","{'ENTSOE': {'17W100P100P0211W', '17W100P100P0212U'}, 'GEM': {'G100000500062', 'G100000500063'}, 'OPSD': {'OEU-288', 'OEU-289'}, 'WIKIPEDIA': {'WIKIPEDIA-97', 'WIKIPEDIA-96'}, 'GPD': {'WRI1002733'}, 'GEO': {'GEO-3348'}}",FR0 0
105,Brommat 9,Hydro,Reservoir,Store,FR,406.0,,1933.0,1933.0,2033.0,44.7682,2.6834,,0.0,0.0,0.0,{'17W100P100P02829'},"{'ENTSOE': {'17W100P100P02829'}, 'GEM': {'G601648'}, 'JRC': {'JRC-H89'}, 'OPSD': {'OEU-234'}, 'GPD': {'WRI1002700'}, 'GEO': {'GEO-39720'}}",FR0 6
106,Aston 10,Hydro,Run-Of-River,PP,FR,104.0,,1947.0,1947.0,2047.0,42.7772,1.6764,,0.0,0.0,0.0,{'17W100P100P0315K'},"{'ENTSOE': {'17W100P100P0315K'}, 'GEM': {'G601638'}, 'JRC': {'JRC-H495'}, 'OPSD': {'OEU-204'}, 'GPD': {'WRI1002688'}, 'GEO': {'GEO-39716'}}",FR0 6
107,Avignon 19,Hydro,Run-Of-River,PP,FR,120.0,,1973.0,1973.0,2073.0,43.9764,4.8191,,0.0,0.0,0.0,{'17W100P100P0326F'},"{'ENTSOE': {'17W100P100P0326F'}, 'GEM': {'G601640'}, 'JRC': {'JRC-H407'}, 'OPSD': {'OEU-205'}, 'GPD': {'WRI1002689'}, 'GEO': {'GEO-39823'}}",FR0 4
108,Bathie 20,Hydro,Reservoir,Store,FR,592.0,,1961.0,2018.0,2118.0,45.6452,6.4443,1038.8278388278388,0.0,0.0,0.0,{'17W100P100P0280D'},"{'ENTSOE': {'17W100P100P0280D'}, 'GEM': {'G601641'}, 'JRC': {'JRC-H47'}, 'OPSD': {'OEU-232'}, 'GPD': {'WRI1002691'}, 'GEO': {'GEO-39814', 'GEO-45155'}}",FR0 4
109,Beauchastel 21,Hydro,Run-Of-River,PP,FR,192.0,,1963.0,1963.0,2063.0,44.8242,4.8099,,0.0,0.0,0.0,{'17W100P100P0321P'},"{'ENTSOE': {'17W100P100P0321P'}, 'GEM': {'G601643'}, 'JRC': {'JRC-H245'}, 'OPSD': {'OEU-207'}, 'GPD': {'WRI1002692'}, 'GEO': {'GEO-39756'}}",FR0 4
110,Bollene 22,Hydro,Run-Of-River,PP,FR,349.2,,1952.0,1952.0,2052.0,44.3039,4.7418,,0.0,0.0,0.0,{'17W100P100P0324J'},"{'ENTSOE': {'17W100P100P0324J'}, 'GEM': {'G601645'}, 'JRC': {'JRC-H116'}, 'OPSD': {'OEU-212'}, 'GPD': {'WRI1002723'}, 'GEO': {'GEO-39757'}}",FR0 4
111,Bort 11,Hydro,Reservoir,Store,FR,235.0,,1951.0,1951.0,2051.0,45.4127,2.4986,,0.0,0.0,0.0,{'17W100P100P0281B'},"{'ENTSOE': {'17W100P100P0281B'}, 'GEM': {'G601646'}, 'JRC': {'JRC-H187'}, 'OPSD': {'OEU-233'}, 'GPD': {'WRI1002696'}, 'GEO': {'GEO-2402', 'GEO-39749'}}",FR0 6
112,Curbans 9,Hydro,Reservoir,Store,FR,139.0,,1966.0,1966.0,2066.0,47.915,6.0616,,0.0,0.0,0.0,{'17W100P100P02845'},"{'ENTSOE': {'17W100P100P02845'}, 'GEM': {'G601656'}, 'JRC': {'JRC-H370'}, 'OPSD': {'OEU-236'}, 'GPD': {'WRI1002717'}, 'GEO': {'GEO-39714'}}",FR0 5
113,Bourg Les Valence 23,Hydro,Run-Of-River,PP,FR,180.0,,1968.0,1968.0,2068.0,44.9612,4.8724,,0.0,0.0,0.0,{'17W100P100P0320R'},"{'ENTSOE': {'17W100P100P0320R'}, 'GEM': {'G601647'}, 'JRC': {'JRC-H274'}, 'OPSD': {'OEU-208'}, 'GPD': {'WRI1002698'}, 'GEO': {'GEO-39761'}}",FR0 4
114,Saussaz 24,Hydro,Run-Of-River,PP,FR,145.4,,1973.0,1973.0,2073.0,45.211,6.475,,0.0,0.0,0.0,{'17W100P100P0309F'},"{'ENTSOE': {'17W100P100P0309F'}, 'GEM': {'G601667'}, 'JRC': {'JRC-H341'}, 'OPSD': {'OEU-227'}, 'GPD': {'WRI1002772'}}",FR0 4
115,Saint Pierre 12,Hydro,Run-Of-River,PP,FR,223.0,,1956.0287769784172,1956.0287769784172,2056.028776978417,45.3906,2.3663,,0.0,0.0,0.0,"{'17W100P100P0317G', '17W100P100P03299'}","{'ENTSOE': {'17W100P100P0317G', '17W100P100P03299'}, 'GEM': {'G601697'}, 'JRC': {'JRC-H203'}, 'OPSD': {'OEU-226'}, 'GPD': {'WRI1002769', 'WRI1002768'}}",FR0 6
116,Randens 25,Hydro,Run-Of-River,PP,FR,124.2,,1954.0,1954.0,2054.0,45.5275,6.3208,,0.0,0.0,0.0,{'17W100P100P0312Q'},"{'ENTSOE': {'17W100P100P0312Q'}, 'GEM': {'G601688'}, 'JRC': {'JRC-H413'}, 'OPSD': {'OEU-224'}, 'GPD': {'WRI1002762'}}",FR0 4
117,Passy 26,Hydro,Run-Of-River,PP,FR,104.0,,1951.0,1951.0,2051.0,45.917,6.7272,,0.0,0.0,0.0,{'17W100P100P0316I'},"{'ENTSOE': {'17W100P100P0316I'}, 'GEM': {'G601683'}, 'JRC': {'JRC-H498'}, 'OPSD': {'OEU-223'}, 'GPD': {'WRI1002753'}}",FR0 4
118,Brens 3,Hydro,Run-Of-River,Store,FR,90.0,,1982.0,1982.0,2082.0,45.7253,5.699,,0.0,0.0,0.0,{'17W000001017790U'},"{'ENTSOE': {'17W000001017790U'}, 'GEM': {'G601644'}, 'JRC': {'JRC-H556'}, 'GPD': {'WRI1026744'}, 'GEO': {'GEO-39816'}}",FR0 1
119,Chateauneuf Du Rhone 27,Hydro,Run-Of-River,PP,FR,275.4,,1957.0,1957.0,2057.0,44.498,4.7092,,0.0,0.0,0.0,{'17W100P100P0323L'},"{'ENTSOE': {'17W100P100P0323L'}, 'GEM': {'G601662'}, 'JRC': {'JRC-H165'}, 'GPD': {'WRI1002744'}, 'GEO': {'GEO-39758'}}",FR0 4
120,Aigle 13,Hydro,Reservoir,Store,FR,360.0,,1945.0,1945.0,2045.0,45.2438,2.2248,,0.0,0.0,0.0,{'17W100P100P0279Z'},"{'ENTSOE': {'17W100P100P0279Z'}, 'GEM': {'G601665'}, 'JRC': {'JRC-H109'}, 'OPSD': {'OEU-231'}, 'GEO': {'GEO-3929'}}",FR0 6
121,Beaucaire 28,Hydro,Run-Of-River,PP,FR,210.0,,1970.0,1970.0,2070.0,43.8238,4.6424,,0.0,0.0,0.0,{'17W100P100P0327D'},"{'ENTSOE': {'17W100P100P0327D'}, 'GEM': {'G601642'}, 'JRC': {'JRC-H228'}, 'OPSD': {'OEU-229'}, 'GEO': {'GEO-39762'}}",FR0 4
122,Pont Sur Sambre,Natural Gas,CCGT,PP,FR,412.0,,2009.0,2019.0,2059.0,50.22915,3.86807,,0.0,0.0,0.0,{'17W100P100P0341J'},"{'ENTSOE': {'17W100P100P0341J'}, 'GEM': {'L100000400105'}, 'OPSD': {'OEU-179'}, 'GPD': {'WRI1002756'}, 'GEO': {'GEO-4844'}}",FR0 2
123,Martigues Ponteau,Natural Gas,CCGT,PP,FR,930.0,0.565,2012.0,2012.0,2052.0,43.35822,5.02112,,0.0,0.0,0.0,"{'17W100P100P0245F', '17W100P100P0246D'}","{'ENTSOE': {'17W100P100P0245F', '17W100P100P0246D'}, 'GEM': {'L100000400102'}, 'OPSD': {'OEU-178', 'OEU-177'}, 'GPD': {'WRI1002743'}, 'GEO': {'GEO-45606'}}",FR0 4
124,Dk 2,Natural Gas,CCGT,CHP,FR,796.0,,2005.0,2005.0,2045.0,51.0482,2.3255,,0.0,0.0,0.0,{'17W100P100P0350I'},"{'ENTSOE': {'17W100P100P0350I'}, 'GEM': {'L100000400096'}, 'OPSD': {'OEU-172'}, 'GPD': {'WRI1002722'}, 'GEO': {'GEO-2947'}}",FR0 2
125,Croix De Metz,Natural Gas,CCGT,PP,FR,413.0,0.5700000000000001,2012.0,2019.0,2059.0,48.69336,5.91468,,0.0,0.0,0.0,{'17W100P100P0340L'},"{'ENTSOE': {'17W100P100P0340L'}, 'GEM': {'L100000400094'}, 'OPSD': {'OEU-171'}, 'GPD': {'WRI1002715'}, 'GEO': {'GEO-45605'}}",FR0 5
126,Combigolfe 2,Natural Gas,CCGT,PP,FR,425.0,,2010.0,2010.0,2050.0,43.4072,4.8676,,0.0,0.0,0.0,{'17W100P100P0337A'},"{'ENTSOE': {'17W100P100P0337A'}, 'GEM': {'L100000400093'}, 'OPSD': {'OEU-169'}, 'GPD': {'WRI1002711'}, 'GEO': {'GEO-2746'}}",FR0 4
127,Bouchain 3,Natural Gas,CCGT,PP,FR,585.0,0.61,2016.0,2017.0,2057.0,50.2987,3.3156,,0.0,0.0,0.0,{'17W100P100P0244H'},"{'ENTSOE': {'17W100P100P0244H'}, 'GEM': {'L100000101860'}, 'OPSD': {'OEU-168'}, 'GPD': {'WRI1002697'}, 'GEO': {'GEO-45599'}}",FR0 2
128,Pierre Benite 4,Hydro,Run-Of-River,PP,FR,80.0,,1966.0,1966.0,2066.0,45.7018,4.8422,,0.0,0.0,0.0,{'17W000001017793O'},"{'ENTSOE': {'17W000001017793O'}, 'GEM': {'G601685'}, 'JRC': {'JRC-H767'}, 'GPD': {'WRI1026738'}, 'GEO': {'GEO-39813'}}",FR0 1
129,Blenod 2,Natural Gas,CCGT,PP,FR,427.0,,2011.0,2011.0,2051.0,48.86898,6.08415,,0.0,0.0,0.0,{'17W100P100P0243J'},"{'ENTSOE': {'17W100P100P0243J'}, 'GEM': {'L100000101857'}, 'OPSD': {'OEU-167'}, 'GPD': {'WRI1002695'}, 'GEO': {'GEO-46606'}}",FR0 5
130,Chautagne 5,Hydro,Run-Of-River,PP,FR,90.0,,1980.0,1980.0,2080.0,45.8786,5.8112,,0.0,0.0,0.0,{'17W000001017789F'},"{'ENTSOE': {'17W000001017789F'}, 'GEM': {'G601651'}, 'JRC': {'JRC-H727'}, 'GPD': {'WRI1026743'}, 'GEO': {'GEO-39696'}}",FR0 1
131,Spem,Natural Gas,CCGT,CHP,FR,435.0,0.3821176470588235,2010.0,2010.0,2050.0,47.30584,-2.13821,,0.0,0.0,0.0,{'17W100P100P0334G'},"{'ENTSOE': {'17W100P100P0334G'}, 'GEM': {'L100000408772'}, 'OPSD': {'OEU-180'}, 'GEO': {'GEO-42813'}}",FR0 7
132,Cycofos 3,Natural Gas,CCGT,PP,FR,428.0,,2009.0,2009.0,2049.0,43.42801,4.88652,,0.0,0.0,0.0,{'17W100P100P0351G'},"{'ENTSOE': {'17W100P100P0351G'}, 'GEM': {'L100000400095'}, 'OPSD': {'OEU-170'}, 'GEO': {'GEO-3211'}}",FR0 4
133,Hermillon 29,Hydro,Run-Of-River,PP,FR,115.6,,1974.0,1974.0,2074.0,45.2848,6.3615,,0.0,0.0,0.0,{'17W100P100P0314M'},"{'ENTSOE': {'17W100P100P0314M'}, 'GEM': {'G601663'}, 'JRC': {'JRC-H443'}, 'OPSD': {'OEU-218'}}",FR0 4
134,Hospitalet 14,Hydro,Reservoir,Store,FR,93.0,,1960.0,1960.0,2060.0,42.5879,1.7972,,0.0,0.0,0.0,{},"{'GEM': {'G601666'}, 'JRC': {'JRC-H551'}, 'GPD': {'WRI1026745'}, 'GEO': {'GEO-39806'}}",FR0 6
135,Le Sautet 30,Hydro,Reservoir,Store,FR,76.0,,1931.0,1931.0,2031.0,44.8166,5.9084,,0.0,0.0,0.0,{},"{'GEM': {'G601669'}, 'JRC': {'JRC-H636'}, 'GPD': {'WRI1026736'}, 'GEO': {'GEO-39786'}}",FR0 4
136,Orlu 15,Hydro,Reservoir,Store,FR,89.0,,1959.0,1959.0,2059.0,42.6893,1.9119,,0.0,0.0,0.0,{},"{'GEM': {'G601681'}, 'JRC': {'JRC-H580'}, 'GPD': {'WRI1026742'}, 'GEO': {'GEO-39717'}}",FR0 6
137,Salignac 31,Hydro,Reservoir,PP,FR,78.0,,1976.0,1976.0,2076.0,44.1371,5.9789,,0.0,0.0,0.0,{},"{'GEM': {'G601701'}, 'JRC': {'JRC-H751'}, 'GPD': {'WRI1026740'}, 'GEO': {'GEO-39713'}}",FR0 4
138,Bregnier Cordon 6,Hydro,Run-Of-River,PP,FR,70.0,,1984.0,1984.0,2084.0,45.6539999999999,5.605,,0.0,0.0,0.0,{'17W000001017791S'},"{'ENTSOE': {'17W000001017791S'}, 'JRC': {'JRC-H877'}, 'GPD': {'WRI1026732'}, 'GEO': {'GEO-39789'}}",FR0 1
139,Sault Brenaz 7,Hydro,Run-Of-River,PP,FR,44.6,,1986.0,1986.0,2086.0,45.846,5.41799999999999,,0.0,0.0,0.0,{'17W000001017792Q'},"{'ENTSOE': {'17W000001017792Q'}, 'JRC': {'JRC-H1126'}, 'GPD': {'WRI1026714'}, 'GEO': {'GEO-39695'}}",FR0 1
140,Seyssel 8,Hydro,Run-Of-River,Store,FR,40.5,,1951.0,1951.0,2051.0,45.971,5.834,,0.0,0.0,0.0,{'17W000001017788H'},"{'ENTSOE': {'17W000001017788H'}, 'JRC': {'JRC-H899'}, 'GPD': {'WRI1026715'}, 'GEO': {'GEO-39697'}}",FR0 1
141,Vaugris 9,Hydro,Run-Of-River,PP,FR,72.0,,1980.0,1980.0,2080.0,45.495,4.826,,0.0,0.0,0.0,{'17W000001017794M'},"{'ENTSOE': {'17W000001017794M'}, 'JRC': {'JRC-H860'}, 'GPD': {'WRI1026734'}, 'GEO': {'GEO-39793'}}",FR0 1
142,Gervans 10,Hydro,Run-Of-River,PP,FR,120.0,,1971.0,1971.0,2071.0,45.1094,4.8212,,0.0,0.0,0.0,"{'17W000001017798E', '17W000001017797G'}","{'ENTSOE': {'17W000001017798E', '17W000001017797G'}, 'GEM': {'G601660'}, 'JRC': {'JRC-H607'}, 'GEO': {'GEO-39760'}}",FR0 1
143,Sablons 11,Hydro,Run-Of-River,PP,FR,160.0,,1977.0,1977.0,2077.0,45.3066,4.7975,,0.0,0.0,0.0,"{'17W000001017795K', '17W000001017796I'}","{'ENTSOE': {'17W000001017795K', '17W000001017796I'}, 'GEM': {'G601692'}, 'JRC': {'JRC-H474'}, 'GEO': {'GEO-39792'}}",FR0 1
144,Cordemais,Hard Coal,Steam Turbine,PP,FR,1161.6405652695996,,1983.0,1983.0,2027.0,47.2762,-1.8776,,0.0,0.0,0.0,"{'17W100P100P0236G', '17W100P100P0237E'}","{'BEYONDCOAL': {'BEYOND-FR-22'}, 'ENTSOE': {'17W100P100P0236G', '17W100P100P0237E'}, 'GEM': {'G100000101704', 'G100000101703'}, 'GPD': {'WRI1002713'}}",FR0 7
145,Gennevilliers 4,Natural Gas,CCGT,PP,FR,203.0,,1994.0,1994.0,2034.0,48.93699,2.26144,,0.0,0.0,0.0,{'17W100P100P02667'},"{'ENTSOE': {'17W100P100P02667'}, 'GEM': {'L100000400101'}, 'OPSD': {'OEU-176'}, 'GPD': {'WRI1002731'}}",FR0 2
146,Arrighi,Oil,Steam Turbine,PP,FR,254.0,,1997.0,1997.0,2037.0,48.786486,2.418792,,0.0,0.0,0.0,"{'17W100P100P0256A', '17W100P100P0255C'}","{'ENTSOE': {'17W100P100P0256A', '17W100P100P0255C'}, 'GEM': {'L100000406382'}, 'OPSD': {'OEU-186', 'OEU-187'}, 'GPD': {'WRI1002687'}}",FR0 2
147,Triouzoune 16,Hydro,Reservoir,Store,FR,22.0,,1945.0,1945.0,2045.0,45.347,2.349,,24.0,27.0,0.0,{},"{'JRC': {'JRC-H1331'}, 'GPD': {'WRI1026683'}, 'GEO': {'GEO-39752'}}",FR0 6
148,Val Beynette Val Beynette Val Beynette 17,Hydro,Reservoir,Store,FR,29.6178343949044,,1927.0,1927.0,2027.0,45.416,2.372,,0.0,0.0,0.0,{},"{'JRC': {'JRC-H1155'}, 'GPD': {'WRI1026694'}, 'GEO': {'GEO-39750'}}",FR0 6
149,Vinon 32,Hydro,Reservoir,Store,FR,32.0859872611465,,1967.0,1967.0,2067.0,43.725,5.827,,0.0,0.0,0.0,{},"{'JRC': {'JRC-H1098'}, 'GPD': {'WRI1026699'}, 'GEO': {'GEO-39822'}}",FR0 4
150,Enchanet 18,Hydro,Reservoir,Store,FR,35.0,,1951.0,1951.0,2051.0,45.082,2.194,,93.0,0.0,0.0,{},"{'JRC': {'JRC-H1070'}, 'GPD': {'WRI1026700'}, 'GEO': {'GEO-39742'}}",FR0 6
151,Eygliers 33,Hydro,Reservoir,Store,FR,24.6815286624203,,1982.0,1982.0,2082.0,44.672,6.65,,0.0,0.0,0.0,{},"{'JRC': {'JRC-H1275'}, 'GPD': {'WRI1026687'}, 'GEO': {'GEO-39771'}}",FR0 4
152,Golinhac 19,Hydro,Reservoir,Store,FR,44.4267515923566,,1960.0,1960.0,2060.0,44.606,2.605,,0.0,0.0,0.0,{},"{'JRC': {'JRC-H913'}, 'GPD': {'WRI1026716'}, 'GEO': {'GEO-39722'}}",FR0 6
153,Gour Noir Le Gour Noir Le 20,Hydro,Reservoir,Store,FR,40.0,,1947.0,1947.0,2047.0,45.071,2.067,,5.2,43.0,0.0,{},"{'JRC': {'JRC-H966'}, 'GPD': {'WRI1026706'}, 'GEO': {'GEO-39747'}}",FR0 6
154,Grandval 21,Hydro,Reservoir,Store,FR,73.0573248407643,,1959.0,1959.0,2059.0,44.9219,3.0745,,0.0,0.0,0.0,{},"{'JRC': {'JRC-H649'}, 'GPD': {'WRI1026735'}, 'GEO': {'GEO-3375'}}",FR0 6
155,Grangent 12,Hydro,Reservoir,Store,FR,36.5286624203821,,1957.0,1957.0,2057.0,45.467,4.248,,0.0,0.0,0.0,{},"{'JRC': {'JRC-H1042'}, 'GPD': {'WRI1026701'}, 'GEO': {'GEO-39798'}}",FR0 1
156,Hautefage 22,Hydro,Reservoir,Store,FR,24.6815286624203,,1958.0,1958.0,2058.0,45.06,1.994,,0.0,0.0,0.0,{},"{'JRC': {'JRC-H1276'}, 'GPD': {'WRI1026686'}, 'GEO': {'GEO-39748'}}",FR0 6
157,Jouques 34,Hydro,Run-Of-River,PP,FR,52.733744826499,,1959.0,1959.0,2059.0,43.681,5.656,,0.0,0.0,0.0,{},"{'JRC': {'JRC-H815'}, 'GPD': {'WRI1026737'}, 'GEO': {'GEO-39733'}}",FR0 4
158,Lanau 23,Hydro,Reservoir,Store,FR,20.7324840764331,,1962.0,1962.0,2062.0,44.891,3.003,,0.0,0.0,0.0,{},"{'JRC': {'JRC-H1369'}, 'GPD': {'WRI1026681'}, 'GEO': {'GEO-39744'}}",FR0 6
159,Lardy 24,Hydro,Reservoir,Store,FR,44.4267515923566,,1947.0,1947.0,2047.0,44.662,2.583,,0.0,0.0,0.0,{},"{'JRC': {'JRC-H914'}, 'GPD': {'WRI1026717'}, 'GEO': {'GEO-39730'}}",FR0 6
160,Licq Atherey Licq Atherey Licq Atherey 2,Hydro,Reservoir,Store,FR,27.0509554140127,,1956.0,1956.0,2056.0,43.048,-0.885999999999999,,0.0,0.0,0.0,{},"{'JRC': {'JRC-H1192'}, 'GPD': {'WRI1026689'}, 'GEO': {'GEO-39804'}}",FR0 0
161,Lot 25,Hydro,Reservoir,Store,FR,28.2356687898089,,1956.0287769784172,1956.0287769784172,2056.028776978417,44.663,2.66399999999999,,0.0,0.0,0.0,{},"{'JRC': {'JRC-H1170'}, 'GPD': {'WRI1026691'}, 'GEO': {'GEO-39731'}}",FR0 6
162,Louron 3,Hydro,Reservoir,Store,FR,49.3,,1940.0,1940.0,2040.0,42.79,0.41,,25.4,24.0,0.0,{},"{'JRC': {'JRC-H856'}, 'GPD': {'WRI1026720'}, 'GEO': {'GEO-39775'}}",FR0 0
163,Soulom 4,Hydro,Reservoir,Store,FR,56.2738853503184,,1956.0287769784172,1956.0287769784172,2056.028776978417,42.953,-0.069,,0.0,0.0,0.0,{},"{'JRC': {'JRC-H768'}, 'GPD': {'WRI1026726'}, 'GEO': {'GEO-39803'}}",FR0 0
164,Manosque Voix Manosque Voix Manosque Voix 35,Hydro,Run-Of-River,PP,FR,37.184050839198,,1969.0,1969.0,2069.0,43.8769999999999,5.86299999999999,,0.0,0.0,0.0,{},"{'JRC': {'JRC-H1029'}, 'GPD': {'WRI1026724'}, 'GEO': {'GEO-39709'}}",FR0 4
165,Marcillac Barrage La Valette 26,Hydro,Reservoir,Store,FR,30.0,,1949.0,1949.0,2049.0,45.215,2.038,,31.0,230.0,0.0,{},"{'JRC': {'JRC-H1154'}, 'GPD': {'WRI1026695'}, 'GEO': {'GEO-39751'}}",FR0 6
166,Mazet,Hydro,Reservoir,Store,FR,56.0,,1951.0,1951.0,2051.0,45.801,1.803,,106.0,38.0,0.0,{},"{'JRC': {'JRC-H770'}, 'GPD': {'WRI1026725'}, 'GEO': {'GEO-39777'}}",FR0 3
167,Moux Charmines Moux Charmines Moux Charmines 13,Hydro,Reservoir,Store,FR,27.6433121019108,,1950.0,1950.0,2050.0,46.277,5.55399999999999,,0.0,0.0,0.0,{},"{'JRC': {'JRC-H1189'}, 'GPD': {'WRI1026690'}, 'GEO': {'GEO-39701'}}",FR0 1
168,Nentilla 27,Hydro,Reservoir,Store,FR,54.0,,1932.0,1932.0,2032.0,42.772,2.213,,0.0,0.0,0.0,{},"{'JRC': {'JRC-H538'}, 'GPD': {'WRI1026748'}, 'GEO': {'GEO-39719'}}",FR0 6
169,Ocana 36,Hydro,Reservoir,Store,FR,41.9585987261146,,1961.0,1961.0,2061.0,41.946,8.935,,0.0,0.0,0.0,{},"{'JRC': {'JRC-H950'}, 'GPD': {'WRI1026711'}, 'GEO': {'GEO-39754'}}",FR0 4
170,Pinet 28,Hydro,Reservoir,Store,FR,66.5,,1929.0,1929.0,2029.0,44.07,2.805,,10.4,45.0,0.0,{},"{'JRC': {'JRC-H685'}, 'GPD': {'WRI1026730'}, 'GEO': {'GEO-39732'}}",FR0 6
171,Portillon Le Portillon Le Portillon Le 5,Hydro,Reservoir,Store,FR,93.7898089171974,,1950.0,1950.0,2050.0,42.733,0.552999999999999,,0.0,0.0,0.0,{},"{'JRC': {'JRC-H544'}, 'GPD': {'WRI1026746'}, 'GEO': {'GEO-39766'}}",FR0 0
172,Quinson 37,Hydro,Reservoir,Store,FR,40.4777070063694,,1974.0,1974.0,2074.0,43.699,6.051,,0.0,0.0,0.0,{},"{'JRC': {'JRC-H964'}, 'GPD': {'WRI1026708'}, 'GEO': {'GEO-39711'}}",FR0 4
173,Saint Cassien Saint Cassien Saint Cassien 38,Hydro,Reservoir,Store,FR,21.4235668789808,,1966.0,1966.0,2066.0,43.602,6.841,,0.0,0.0,0.0,{},"{'JRC': {'JRC-H1350'}, 'GPD': {'WRI1026682'}, 'GEO': {'GEO-39821'}}",FR0 4
174,Saint Georges Commiers Saint Georges De Commiers Saint Georges De Commiers 39,Hydro,Reservoir,Store,FR,59.2356687898089,,1964.0,1964.0,2064.0,45.006,5.687,,0.0,0.0,0.0,{},"{'JRC': {'JRC-H752'}, 'GPD': {'WRI1026729'}, 'GEO': {'GEO-39794'}}",FR0 4
175,Saut Mortier Saut Mortier Saut Mortier 14,Hydro,Run-Of-River,PP,FR,29.7472406713584,,1966.0,1966.0,2066.0,46.372,5.642,,0.0,0.0,0.0,{},"{'JRC': {'JRC-H1153'}, 'GPD': {'WRI1026712'}, 'GEO': {'GEO-39795'}}",FR0 1
176,Lugo Di Nazza Lugo Di Nazza Lugo Di Nazza 40,Hydro,Reservoir,Store,FR,38.5031847133757,,1991.0,1991.0,2091.0,42.091,9.316,,0.0,0.0,0.0,{},"{'JRC': {'JRC-H1000'}, 'GPD': {'WRI1026704'}, 'GEO': {'GEO-39764'}}",FR0 4
177,Eguzon 2,Hydro,Reservoir,Store,FR,71.0828025477707,,1926.0,1926.0,2026.0,46.455,1.613,,0.0,0.0,0.0,{},"{'JRC': {'JRC-H661'}, 'GPD': {'WRI1026733'}, 'GEO': {'GEO-39782'}}",FR0 3
178,Allement 15,Hydro,Reservoir,Store,FR,31.592356687898,,1960.0,1960.0,2060.0,46.1119999999999,5.422,,0.0,0.0,0.0,{},"{'JRC': {'JRC-H1113'}, 'GPD': {'WRI1026697'}, 'GEO': {'GEO-39694'}}",FR0 1
179,Argentat Generating Argentat Generating 29,Hydro,Run-Of-River,PP,FR,47.5,,1957.0,1957.0,2057.0,45.104,1.954,,0.0,0.0,0.0,{},"{'JRC': {'JRC-H875'}, 'GPD': {'WRI1026718'}, 'GEO': {'GEO-39745', 'GEO-2154'}}",FR0 6
180,Artouste 6,Hydro,Reservoir,Store,FR,88.0,,1947.0,1947.0,2047.0,42.887,-0.411,,6.7,56.0,0.0,{},"{'JRC': {'JRC-H574'}, 'GPD': {'WRI1026741'}, 'GEO': {'GEO-39802'}}",FR0 0
181,Auzerette 30,Hydro,Reservoir,Store,FR,28.6305732484076,,1970.0,1970.0,2070.0,45.365,2.646,,0.0,0.0,0.0,{},"{'JRC': {'JRC-H1166'}, 'GPD': {'WRI1026692'}, 'GEO': {'GEO-39740'}}",FR0 6
182,Bancairon 41,Hydro,Reservoir,Store,FR,49.3630573248407,,1933.0,1933.0,2033.0,44.003,7.137,,0.0,0.0,0.0,{},"{'JRC': {'JRC-H853'}, 'GPD': {'WRI1026721'}, 'GEO': {'GEO-39702'}}",FR0 4
183,Beaumont 42,Hydro,Run-Of-River,PP,FR,29.7472406713584,,1969.0,1969.0,2069.0,43.735,5.75299999999999,,0.0,0.0,0.0,{},"{'JRC': {'JRC-H1152'}, 'GPD': {'WRI1026713'}, 'GEO': {'GEO-39824'}}",FR0 4
184,Beauvoir 43,Hydro,Run-Of-River,PP,FR,26.3668724132495,,1963.0,1963.0,2063.0,45.121,5.319,,0.0,0.0,0.0,{},"{'JRC': {'JRC-H1210'}, 'GPD': {'WRI1026705'}, 'GEO': {'GEO-39791'}}",FR0 4
185,Castelnau Lassouts Castelnau Lassouts Castelnau Lassouts 31,Hydro,Reservoir,Store,FR,41.4649681528662,,1949.0,1949.0,2049.0,44.505,2.87399999999999,,0.0,0.0,0.0,{},"{'JRC': {'JRC-H952'}, 'GPD': {'WRI1026710'}, 'GEO': {'GEO-39729'}}",FR0 6
186,Castillon 44,Hydro,Reservoir,Store,FR,68.0,,1948.0,1948.0,2048.0,43.878,6.53799999999999,,149.0,100.0,0.0,{},"{'JRC': {'JRC-H682'}, 'GPD': {'WRI1026731'}, 'GEO': {'GEO-39704'}}",FR0 4
187,Castirla 45,Hydro,Reservoir,Store,FR,54.5,,1968.0,1968.0,2068.0,42.38,9.134,,25.5,74.0,0.0,{},"{'JRC': {'JRC-H797'}, 'GPD': {'WRI1026723'}, 'GEO': {'GEO-39763'}}",FR0 4
188,Chaudanne 46,Hydro,Reservoir,Store,FR,23.9904458598726,,1952.0,1952.0,2052.0,43.848,6.544,,0.0,0.0,0.0,{},"{'JRC': {'JRC-H1301'}, 'GPD': {'WRI1026685'}, 'GEO': {'GEO-39705'}}",FR0 4
189,Cize Bolozon Cize Bolozon Cize Bolozon 16,Hydro,Reservoir,Store,FR,22.7070063694267,,1931.0,1931.0,2031.0,46.211,5.465,,0.0,0.0,0.0,{},"{'JRC': {'JRC-H1323'}, 'GPD': {'WRI1026684'}, 'GEO': {'GEO-39699'}}",FR0 1
190,Coiselet 17,Hydro,Reservoir,Store,FR,40.4777070063694,,1971.0,1971.0,2071.0,46.294,5.592,,0.0,0.0,0.0,{},"{'JRC': {'JRC-H963'}, 'GPD': {'WRI1026707'}, 'GEO': {'GEO-39700'}}",FR0 1
191,Egets 7,Hydro,Reservoir,Store,FR,36.8248407643312,,1924.0,1924.0,2024.0,42.955,0.565,,0.0,0.0,0.0,{},"{'JRC': {'JRC-H1037'}, 'GPD': {'WRI1026702'}, 'GEO': {'GEO-39774'}}",FR0 0
192,Vaires 5,Natural Gas,CCGT,CHP,FR,542.0,,2008.0,2008.0,2048.0,48.873643,2.655851,,0.0,0.0,0.0,"{'17W100P100P02683', '17W100P100P02675', '17W100P100P02691'}","{'ENTSOE': {'17W100P100P02683', '17W100P100P02675', '17W100P100P02691'}, 'GEM': {'L100000104715'}, 'OPSD': {'OEU-195', 'OEU-197', 'OEU-196'}}",FR0 2
193,Provence Biomasse,Bioenergy,Steam Turbine,PP,FR,150.0,,1995.0,2018.0,2038.0,43.4688,5.4896,,0.0,0.0,0.0,{'17W100P100P03647'},"{'ENTSOE': {'17W100P100P03647'}, 'GEM': {'G108157'}, 'OPSD': {'OEU-164'}}",FR0 4
194,Fr Ga Morant 6,Natural Gas,CCGT,CHP,FR,401.0,,2010.0,2016.0,2056.0,48.380254,2.85126,,0.0,0.0,0.0,{'17W100P100P0318E'},"{'ENTSOE': {'17W100P100P0318E'}, 'GEM': {'L100000406384'}, 'OPSD': {'OEU-175'}}",FR0 2
195,Amfard 7,Natural Gas,CCGT,CHP,FR,260.0,,2004.0,2004.0,2044.0,49.48,0.22,,0.0,0.0,0.0,"{'17W100P100P03493', '17W100P100P0353C'}","{'ENTSOE': {'17W100P100P03493', '17W100P100P0353C'}, 'GEM': {'L100000400088'}, 'OPSD': {'OEU-165', 'OEU-166'}}",FR0 2
196,Salon 47,Hydro,Reservoir,PP,FR,96.0,,1965.0,1965.0,2065.0,43.6331,5.1148,,0.0,0.0,0.0,{},"{'GEM': {'G601702'}, 'JRC': {'JRC-H673'}, 'GEO': {'GEO-39737'}}",FR0 4
197,Mallemort 48,Hydro,Reservoir,PP,FR,99.0,,1966.0,1966.0,2066.0,43.7161,5.2061,,0.0,0.0,0.0,{},"{'GEM': {'G601673'}, 'JRC': {'JRC-H672'}, 'GEO': {'GEO-39734'}}",FR0 4
198,Laval De Cere 32,Hydro,Run-Of-River,Store,FR,96.0,,1967.0,1967.0,2067.0,44.9532,1.9495,,0.0,0.0,0.0,{},"{'GEM': {'G601668'}, 'JRC': {'JRC-H390'}, 'GEO': {'GEO-39799'}}",FR0 6
199,Gambsheim 10,Hydro,Run-Of-River,PP,FR,100.0,,1974.0,1974.0,2074.0,48.6852,7.9141,,0.0,0.0,0.0,{},"{'GEM': {'G604125'}, 'JRC': {'JRC-H650'}, 'GEO': {'GEO-39810'}}",FR0 5
200,Romanche Gavet 49,Hydro,Run-Of-River,PP,FR,97.0,,2020.0,2020.0,2120.0,45.1172,5.9613,,0.0,0.0,0.0,{},"{'GEM': {'G601691'}, 'JRC': {'JRC-H3673'}}",FR0 4
201,Teich 33,Hydro,Reservoir,Store,FR,6.21974522292993,,1942.0,1942.0,2042.0,42.71,1.864,,0.0,0.0,0.0,{},"{'JRC': {'JRC-H1918'}, 'GEO': {'GEO-39718'}}",FR0 6
202,Rhue La Rhue La 34,Hydro,Reservoir,Store,FR,11.8471337579617,,1952.0,1952.0,2052.0,45.415,2.499,,0.0,0.0,0.0,{},"{'JRC': {'JRC-H1688'}, 'GEO': {'GEO-39741'}}",FR0 6
203,Monceaux La Virolle Monceaux La Virolle 35,Hydro,Reservoir,Store,FR,19.0,,1946.0,1946.0,2046.0,45.576,1.84,,20.5,32.0,0.0,{},"{'JRC': {'JRC-H1420'}, 'GEO': {'GEO-39753'}}",FR0 6
204,Lazer Le Lazer Le Lazer Le 50,Hydro,Reservoir,Store,FR,16.2898089171974,,1994.0,1994.0,2094.0,44.346,5.86799999999999,,0.0,0.0,0.0,{},"{'JRC': {'JRC-H1496'}, 'GEO': {'GEO-39772'}}",FR0 4
205,Hourat 8,Hydro,Reservoir,Store,FR,137.229299363057,,1956.0287769784172,1956.0287769784172,2056.028776978417,43.075,-0.42,,0.0,0.0,0.0,{},"{'JRC': {'JRC-H374'}, 'GEO': {'GEO-39801'}}",FR0 0
206,Claux 51,Hydro,Reservoir,Store,FR,13.328025477707,,1932.0,1932.0,2032.0,44.876,6.48,,0.0,0.0,0.0,{},"{'JRC': {'JRC-H1609'}, 'GEO': {'GEO-39769'}}",FR0 4
207,Cambeyrac 36,Hydro,Reservoir,Store,FR,9.67515923566878,,1957.0,1957.0,2057.0,44.655,2.574,,0.0,0.0,0.0,{},"{'JRC': {'JRC-H1777'}, 'GEO': {'GEO-39728'}}",FR0 6
208,Alrance 37,Hydro,Pumped Storage,Store,FR,11.0,,1951.0,1951.0,2051.0,44.1035517,2.6946591,,0.0,0.0,0.0,{},"{'JRC': {'JRC-H1707'}, 'GEO': {'GEO-39727'}}",FR0 6
209,Bayet Combined Cycle,Natural Gas,CCGT,PP,FR,401.0,0.57,2011.0,2011.0,2051.0,46.2731,3.3007,,0.0,0.0,0.0,{},"{'GEM': {'L100000400090'}, 'GEO': {'GEO-45400'}}",FR0 1
210,Lucciana 4,Natural Gas,CCGT,CHP,FR,231.0,,1992.0,1992.0,2032.0,42.52842,9.447,,0.0,0.0,0.0,{},"{'GEM': {'L100000408774'}, 'GEO': {'GEO-4103'}}",FR0 4
211,Montelimar Chateauneuf Du Rhone 52,Hydro,Run-Of-River,PP,FR,285.0,,1957.0,1957.0,2057.0,44.59281,4.72593,,0.0,19.0,0.0,{},"{'JRC': {'JRC-H150'}, 'OPSD': {'OEU-221'}}",FR0 4
212,Arvan 53,Hydro,Run-Of-River,PP,FR,29.0,,1956.0287769784172,1956.0287769784172,2056.028776978417,45.239059,6.3168593,,0.0,0.0,0.0,{},{'JRC': {'JRC-H3407'}},FR0 4
213,Calypso 54,Hydro,Run-Of-River,PP,FR,19.8,,1956.0287769784172,1956.0287769784172,2056.028776978417,45.235311,6.4399136,,0.0,0.0,0.0,{},{'JRC': {'JRC-H3406'}},FR0 4
214,Centrale Hydraulique Edf De Golfech Sud Ouest 9,Hydro,Run-Of-River,PP,FR,63.0,,1956.0287769784172,1956.0287769784172,2056.028776978417,44.1091231,0.8503732,,0.0,0.0,0.0,{},{'JRC': {'JRC-H3672'}},FR0 0
215,Centrale Hydro Electrique Luz 10,Hydro,Run-Of-River,PP,FR,74.57,,1956.0287769784172,1956.0287769784172,2056.028776978417,42.87024,-0.01209,,0.0,0.0,0.0,{},{'JRC': {'JRC-H3421'}},FR0 0
216,Centrale Hydroelectrique Arrens 11,Hydro,Run-Of-River,PP,FR,24.5,,1956.0287769784172,1956.0287769784172,2056.028776978417,42.9474,-0.2179,,0.0,0.0,0.0,{},{'JRC': {'JRC-H3418'}},FR0 0
217,Centrale Hydroelectrique De Lau Balagnas 12,Hydro,Run-Of-River,PP,FR,31.3,,1956.0287769784172,1956.0287769784172,2056.028776978417,42.9929,-0.0998,,0.0,0.0,0.0,{},{'JRC': {'JRC-H3420'}},FR0 0
218,Centrale Hydroelectrique De Nouaux 13,Hydro,Run-Of-River,PP,FR,19.2,,1956.0287769784172,1956.0287769784172,2056.028776978417,42.9842,-0.1428,,0.0,0.0,0.0,{},{'JRC': {'JRC-H3419'}},FR0 0
219,Centrale Hydroelectrique De Tucoy 14,Hydro,Run-Of-River,PP,FR,11.1,,1956.0287769784172,1956.0287769784172,2056.028776978417,42.90973,-0.25888,,0.0,0.0,0.0,{},{'JRC': {'JRC-H3417'}},FR0 0
220,Laparan 38,Hydro,Reservoir,Store,FR,44.0,,1956.0287769784172,1956.0287769784172,2056.028776978417,42.6717259,1.7009906,,15.7,439.0,0.0,{},{'JRC': {'JRC-H3408'}},FR0 6
221,Montahut 39,Hydro,Reservoir,Store,FR,97.7388535031847,,1956.0287769784172,1956.0287769784172,2056.028776978417,43.571,2.94,,0.0,0.0,0.0,{},{'JRC': {'JRC-H535'}},FR0 6
222,Orelle 55,Hydro,Run-Of-River,PP,FR,72.0,,1956.0287769784172,1956.0287769784172,2056.028776978417,45.20308,6.57913,,0.0,0.0,0.0,{},{'JRC': {'JRC-H3405'}},FR0 4
223,Villerest 18,Hydro,Reservoir,Store,FR,58.0,,1956.0287769784172,1956.0287769784172,2056.028776978417,45.9869,4.04938,,128.0,70.0,0.0,{},{'JRC': {'JRC-H755'}},FR0 1
224,Montereau 2,Oil,,PP,FR,370.0,,1984.6,1984.6,2024.6,48.38045,2.85108,,0.0,0.0,0.0,"{'17W100P100P0270G', '17W100P100P0271E'}","{'OPSD': {'OEU-194', 'OEU-193'}}",FR0 2
225,Arjowiggins Mill,Natural Gas,CCGT,CHP,FR,43.0,,2000.0,2000.0,2040.0,47.82482,0.7474,,0.0,0.0,0.0,{},{'GEM': {'L100000407938'}},FR0 3
226,Aussois 56,Hydro,Reservoir,PP,FR,87.0,,1947.0,1947.0,2047.0,45.2518,6.7236,,0.0,0.0,0.0,{},{'GEM': {'G601639'}},FR0 4
227,Bassens,Natural Gas,CCGT,CHP,FR,42.0,,1998.0,1998.0,2038.0,44.916514,-0.526851,,0.0,0.0,0.0,{},{'GEM': {'L100000407672'}},FR0 0
228,Chatelard Vallorcine 57,Hydro,Pumped Storage,PP,FR,260.0,,1978.0,1978.0,2078.0,46.0513,6.9488,,0.0,0.0,0.0,{},{'GEM': {'G604126'}},FR0 4
229,Condat Le Lardin 2,Natural Gas,CCGT,CHP,FR,87.2,,2003.0,2003.0,2043.0,45.126714,1.230112,,0.0,0.0,0.0,{},{'GEM': {'L100000407647'}},FR0 0
230,Dalkia,Bioenergy,Steam Turbine,PP,FR,50.0,,2010.0,2010.0,2030.0,44.6314,-0.9779,,0.0,0.0,0.0,{},{'GEM': {'G201388'}},FR0 0
231,Dombasle 3,Natural Gas,CCGT,CHP,FR,46.0,,2002.55,2002.55,2042.55,48.6278,6.3339,,0.0,0.0,0.0,{},{'GEM': {'L100000408744'}},FR0 5
232,Emile Huchet,Lignite,Steam Turbine,PP,FR,977.0,,1972.0,1972.0,2027.0,49.153262,6.70146,,0.0,0.0,0.0,{},"{'GEM': {'G100000102636', 'G100000102637'}}",FR0 5
233,Iffezheim 11,Hydro,Run-Of-River,PP,FR,146.0,,1978.0,1978.0,2078.0,48.8325,8.1115,,0.0,0.0,0.0,{},{'GEM': {'G604127'}},FR0 5
234,Ilot Haubourdin 8,Natural Gas,not found,CHP,FR,47.0,,2001.0,2001.0,2041.0,50.606265,2.983246,,0.0,0.0,0.0,{},{'GEM': {'L100000407657'}},FR0 2
235,Isseane Waste To Energy,Bioenergy,Steam Turbine,PP,FR,52.0,,2007.0,2007.0,2027.0,48.8321,2.2636,,0.0,0.0,0.0,{},{'GEM': {'G200286'}},FR0 2
236,La Madeleine 4,Natural Gas,CCGT,CHP,FR,96.0,,2002.55,2002.55,2042.55,48.63766,6.26467,,0.0,0.0,0.0,{},{'GEM': {'L100000408766'}},FR0 5
237,Lacq 3,Natural Gas,CCGT,CHP,FR,35.0,,2010.0,2010.0,2050.0,43.4071,-0.6445,,0.0,0.0,0.0,{},{'GEM': {'L100000408765'}},FR0 0
238,Landivisiau 2,Natural Gas,CCGT,PP,FR,446.0,,2022.0,2022.0,2062.0,48.5221952,-4.0716595,,0.0,0.0,0.0,{},{'GEM': {'L100000401426'}},FR0 7
239,Lavera 5,Natural Gas,CCGT,CHP,FR,28.0,,2001.0,2001.0,2041.0,43.3911533,4.996888,,0.0,0.0,0.0,{},{'GEM': {'L100000406386'}},FR0 4
240,Les Brevieres 58,Hydro,Reservoir,PP,FR,90.0,,1952.0,1952.0,2052.0,45.5042,6.9247,,0.0,0.0,0.0,{},{'GEM': {'G601670'}},FR0 4
241,Lestrem 9,Natural Gas,CCGT,CHP,FR,80.0,,2015.0,2015.0,2055.0,49.39816,3.10694,,0.0,0.0,0.0,{},{'GEM': {'L100000408764'}},FR0 2
242,Lille 10,Natural Gas,CCGT,CHP,FR,46.0,,2006.0,2006.0,2046.0,50.6243,3.0068,,0.0,0.0,0.0,{},{'GEM': {'L100000407937'}},FR0 2
243,Meaux 11,Natural Gas,CCGT,CHP,FR,30.0,,2000.0,2000.0,2040.0,48.9528102549637,2.90706886792886,,0.0,0.0,0.0,{},{'GEM': {'L100000407934'}},FR0 2
244,Montahut 40,Hydro,Reservoir,PP,FR,95.0,,1966.0,1966.0,2066.0,43.5708,2.9397,,0.0,0.0,0.0,{},{'GEM': {'G601676'}},FR0 6
245,Montoir De Bretagne 3,Natural Gas,CCGT,PP,FR,435.0,,2010.0,2010.0,2050.0,47.30721,-2.13716,,0.0,0.0,0.0,{},{'GEM': {'L100000400104'}},FR0 7
246,Ruhbogen 5,Natural Gas,CCGT,CHP,FR,50.0,,2020.0,2020.0,2060.0,48.1669,7.5979,,0.0,0.0,0.0,{},{'GEM': {'L100000408773'}},FR0 5
247,Saint Denis 12,Natural Gas,CCGT,CHP,FR,42.0,,2001.0,2001.0,2041.0,48.9313,2.36086,,0.0,0.0,0.0,{},{'GEM': {'L100000407932'}},FR0 2
248,Saint Etienne Du Rouvray 13,Natural Gas,CCGT,CHP,FR,132.0,,2000.0,2000.0,2040.0,49.36522,1.11589,,0.0,0.0,0.0,{},{'GEM': {'L100000400106'}},FR0 2
249,Saint Fons 2,Natural Gas,CCGT,CHP,FR,86.0,,1999.0,1999.0,2039.0,45.6864,4.84071,,0.0,0.0,0.0,{},{'GEM': {'L100000407933'}},FR0 1
250,Saint Ouen Sur Seine 14,Natural Gas,CCGT,CHP,FR,128.0,,2001.0,2001.0,2041.0,48.91174,2.32764,,0.0,0.0,0.0,{},{'GEM': {'L100000407655'}},FR0 2
251,Saint Pierre Cognet 59,Hydro,Run-Of-River,PP,FR,101.0,,1957.0,1957.0,2057.0,44.8725,5.7732,,0.0,0.0,0.0,{},{'GEM': {'G601696'}},FR0 4
252,Sethelec Arles 6,Natural Gas,CCGT,CHP,FR,44.0,,2002.0,2002.0,2042.0,43.67355,4.60872,,0.0,0.0,0.0,{},{'GEM': {'L100000407634'}},FR0 4
253,Sethelec Saillat 2,Natural Gas,not found,CHP,FR,33.0,,2005.0,2005.0,2045.0,45.8714263802658,0.835803591805426,,0.0,0.0,0.0,{},{'GEM': {'L100000407654'}},FR0 3
254,Solvay Chalampe 6,Natural Gas,CCGT,CHP,FR,50.0,,2001.0,2001.0,2041.0,47.8075949791407,7.53385024283944,,0.0,0.0,0.0,{},{'GEM': {'L100000407653'}},FR0 5
255,Tavaux Works 3,Natural Gas,CCGT,CHP,FR,141.0,,2000.0,2000.0,2040.0,47.0546930711737,5.40860034397807,,0.0,0.0,0.0,{},{'GEM': {'L100000407652'}},FR0 1
256,Varengeville 15,Natural Gas,CCGT,CHP,FR,43.0,,1998.0,1998.0,2038.0,49.9025,1.002,,0.0,0.0,0.0,{},{'GEM': {'L100000407931'}},FR0 2
257,Vitry Sur Seine Cogeneration 16,Natural Gas,CCGT,CHP,FR,125.0,,2001.0,2001.0,2041.0,48.789238,2.417308,,0.0,0.0,0.0,{},{'GEM': {'L100000406385'}},FR0 2
258,Sloy,Hydro,Run-Of-River,Store,GB,153.0,,1950.0,1950.0,2050.0,56.2615,-4.7636,,0.0,0.0,0.0,{'48WSTN00000SLOY0'},"{'ENTSOE': {'48WSTN00000SLOY0'}, 'GEM': {'G603750'}, 'JRC': {'JRC-H324'}, 'OPSD': {'OEU-3051'}, 'GPD': {'GBR1000404'}, 'GEO': {'GEO-44140'}}",GB3 25
259,Foye,Hydro,Run-Of-River,Store,GB,320.0,,1968.0,1974.0,2074.0,57.2558,-4.4941,20.65573770491803,0.0,0.0,0.0,{'48WSTN00000FOYEQ'},"{'ENTSOE': {'48WSTN00000FOYEQ'}, 'GEM': {'G603744'}, 'JRC': {'JRC-H144'}, 'OPSD': {'OEU-3005', 'OEU-3063'}, 'GPD': {'GBR2000657', 'GBR0000403'}, 'GEO': {'GEO-3219'}}",GB3 9
260,Ffes,Hydro,Run-Of-River,Store,GB,384.0,,1963.0,1963.0,2063.0,52.9808,-3.9686,4.805555555555555,0.0,0.0,0.0,{'48WSTN00000FFESK'},"{'ENTSOE': {'48WSTN00000FFESK'}, 'GEM': {'G603742'}, 'JRC': {'JRC-H112'}, 'OPSD': {'OEU-2905'}, 'GPD': {'GBR1000152'}, 'GEO': {'GEO-3173'}}",GB3 28
261,Dino 2,Hydro,Run-Of-River,Store,GB,1728.0,,1984.0,1984.0,2084.0,53.1206,-4.1153,5.777777777777778,0.0,0.0,0.0,{'48WSTN10000DINOQ'},"{'ENTSOE': {'48WSTN10000DINOQ'}, 'GEM': {'G603738'}, 'JRC': {'JRC-H2'}, 'OPSD': {'OEU-2904'}, 'GPD': {'GBR1000151', 'GBR2001139'}, 'GEO': {'GEO-2941'}}",GB3 28
262,Crua 2,Hydro,Pumped Storage,Store,GB,440.0,,1965.0,1965.0,2065.0,56.4192,-5.0127,15.909090909090908,0.0,0.0,0.0,{'48WSTN00000CRUAC'},"{'ENTSOE': {'48WSTN00000CRUAC'}, 'GEM': {'G603737'}, 'JRC': {'JRC-H75'}, 'OPSD': {'OEU-2882'}, 'GPD': {'GBR2001140', 'GBR1000455'}, 'GEO': {'GEO-2824'}}",GB3 25
263,Heym,Nuclear,Steam Turbine,PP,GB,2676.0,,1983.0,1988.0,2030.0,54.030255,-2.91305,,0.0,0.0,0.0,"{'48WSTN0000HEYM2N', '48WSTN0000HEYM1P'}","{'ENTSOE': {'48WSTN0000HEYM2N', '48WSTN0000HEYM1P'}, 'GEM': {'G100000501028', 'G100000501027', 'G100000501029', 'G100000501030'}, 'OPSD': {'OEU-2897', 'OEU-2896'}, 'WIKIPEDIA': {'WIKIPEDIA-205', 'WIKIPEDIA-206', 'WIKIPEDIA-207', 'WIKIPEDIA-208'}, 'GPD': {'GBR1000054', 'GBR1000055'}, 'GEO': {'GEO-3533'}}",GB3 1
264,Hrtl,Nuclear,Steam Turbine,PP,GB,1332.0,,1983.0,1983.0,2024.0,54.6341,-1.1801,,0.0,0.0,0.0,{'48WSTN00000HRTL5'},"{'ENTSOE': {'48WSTN00000HRTL5'}, 'GEM': {'G100000501025', 'G100000501026'}, 'OPSD': {'OEU-2895'}, 'WIKIPEDIA': {'WIKIPEDIA-204', 'WIKIPEDIA-203'}, 'GPD': {'GBR1000053'}, 'GEO': {'GEO-3491'}}",GB3 13
265,Torn,Nuclear,Steam Turbine,PP,GB,1370.0,,1988.0,1988.0,2030.0,55.9679,-2.4086,,0.0,0.0,0.0,{'48WSTN00000TORNX'},"{'ENTSOE': {'48WSTN00000TORNX'}, 'GEM': {'G100000500435', 'G100000500434'}, 'OPSD': {'OEU-2901'}, 'WIKIPEDIA': {'WIKIPEDIA-225', 'WIKIPEDIA-224'}, 'GPD': {'GBR1000059'}, 'GEO': {'GEO-5748'}}",GB3 22
266,Sizb,Nuclear,Steam Turbine,PP,GB,1320.0,,1966.0,1995.0,2035.0,52.21303333333333,1.6198666666666668,,0.0,0.0,0.0,{'48WSTN00000SIZBP'},"{'ENTSOE': {'48WSTN00000SIZBP'}, 'GEM': {'G100000501043', 'G100000501045', 'G100000501044'}, 'OPSD': {'OEU-2900'}, 'WIKIPEDIA': {'WIKIPEDIA-221', 'WIKIPEDIA-222', 'WIKIPEDIA-223'}, 'GPD': {'GBR1000058'}, 'GEO': {'GEO-5425'}}",GB3 31
267,Ratcliffe,Hard Coal,Steam Turbine,PP,GB,2002.4470696552144,,1968.0,1968.0,2024.0,52.8615,-1.2499,,0.0,0.0,0.0,{'48WSTN00000RATS9'},"{'BEYONDCOAL': {'BEYOND-UK-57'}, 'ENTSOE': {'48WSTN00000RATS9'}, 'GEM': {'G100000108482', 'G100000108481', 'G100000108480', 'G100000108479'}, 'GPD': {'GBR1000496'}, 'GEO': {'GEO-5024'}}",GB3 37
268,Svrp,Natural Gas,CCGT,PP,GB,850.0,0.58,2010.0,2010.0,2050.0,51.5475,-2.975,,0.0,0.0,0.0,{'48WSTN00000SVRP6'},"{'ENTSOE': {'48WSTN00000SVRP6'}, 'GEM': {'L100000400783'}, 'OPSD': {'OEU-2863'}, 'GPD': {'GBR1000313'}, 'GEO': {'GEO-44587'}}",GB3 38
269,Sutb,Natural Gas,CCGT,PP,GB,819.0,,1999.0,1999.0,2039.0,52.75713,0.19189,,0.0,0.0,0.0,{'48WSTN00000SUTBW'},"{'ENTSOE': {'48WSTN00000SUTBW'}, 'GEM': {'L100000400794'}, 'OPSD': {'OEU-2864'}, 'GPD': {'GBR2000518'}, 'GEO': {'GEO-5612'}}",GB3 24
270,Stay,Natural Gas,CCGT,PP,GB,1828.0,,2010.0,2010.0,2050.0,53.07368,-0.85901,,0.0,0.0,0.0,{'48WSTN00000STAYA'},"{'ENTSOE': {'48WSTN00000STAYA'}, 'GEM': {'L100000400790'}, 'OPSD': {'OEU-2961'}, 'GPD': {'GBR1000373'}, 'GEO': {'GEO-5543'}}",GB3 4
271,Spln 2,Natural Gas,CCGT,PP,GB,903.0,,2004.0,2004.0,2044.0,52.80721,-0.13334,,0.0,0.0,0.0,{'48WSTN00000SPLNF'},"{'ENTSOE': {'48WSTN00000SPLNF'}, 'GEM': {'L100000400788'}, 'OPSD': {'OEU-2922'}, 'GPD': {'GBR0006165'}, 'GEO': {'GEO-5493'}}",GB3 24
272,Shos,Natural Gas,CCGT,PP,GB,420.0,,2000.0,2000.0,2040.0,50.82992,-0.23144,,0.0,0.0,0.0,{'48WSTN00000SHOSS'},"{'ENTSOE': {'48WSTN00000SHOSS'}, 'GEM': {'L100000400785'}, 'OPSD': {'OEU-2881'}, 'GPD': {'GBR2000769'}, 'GEO': {'GEO-5384'}}",GB3 29
273,Seab,Natural Gas,CCGT,PP,GB,1258.0,,2000.0,2000.0,2040.0,51.5392,-2.67,,0.0,0.0,0.0,{'48WSTN00000SEAB5'},"{'ENTSOE': {'48WSTN00000SEAB5'}, 'GEM': {'L100000400781'}, 'OPSD': {'OEU-2962'}, 'GPD': {'GBR1000480', 'GBR2000806'}, 'GEO': {'GEO-5298'}}",GB3 34
274,Kead,Natural Gas,CCGT,PP,GB,794.0,,1994.0,1994.0,2034.0,53.59444,-0.7504399999999999,,0.0,0.0,0.0,"{'48WSTN000KEADGT6', '48WSTN00000KEAD4'}","{'ENTSOE': {'48WSTN000KEADGT6', '48WSTN00000KEAD4'}, 'GEM': {'L100000400755'}, 'OPSD': {'OEU-3067', 'OEU-2973'}, 'GPD': {'GBR1000443'}, 'GEO': {'GEO-3813'}}",GB3 16
275,Cdcl,Natural Gas,CCGT,PP,GB,440.0,,2001.0,2001.0,2041.0,52.58395,1.73381,,0.0,0.0,0.0,{'48WSTN00000CDCLQ'},"{'ENTSOE': {'48WSTN00000CDCLQ'}, 'GEM': {'L100000400754'}, 'OPSD': {'OEU-2958'}, 'GPD': {'GBR1000370'}, 'GEO': {'GEO-3389'}}",GB3 31
276,Brgg 2,Natural Gas,CCGT,PP,GB,268.0,,1993.0,1994.0,2034.0,53.5411,-0.5055,,0.0,0.0,0.0,{'48WSTN00000BRGGA'},"{'ENTSOE': {'48WSTN00000BRGGA'}, 'GEM': {'L100000400748'}, 'OPSD': {'OEU-2865'}, 'GPD': {'GBR2000126'}, 'GEO': {'GEO-3328'}}",GB3 16
277,Glndo 2,Hydro,Run-Of-River,Store,GB,100.0,,2008.0,2008.0,2108.0,57.1416,-4.6425,,0.0,0.0,0.0,{'48WSTN0000GLNDOL'},"{'ENTSOE': {'48WSTN0000GLNDOL'}, 'GEM': {'G603745'}, 'JRC': {'JRC-H523'}, 'OPSD': {'OEU-3008'}, 'GPD': {'GBR0000388'}}",GB3 9
278,Hinkley Point,Nuclear,Steam Turbine,PP,GB,5284.0,,1965.0,1976.0,2051.0,51.20726666666667,-3.1357666666666666,,0.0,0.0,0.0,{},"{'GEM': {'G100000501036', 'G100000501035', 'G100000501032', 'G100000501033', 'G100000501034', 'G100000501031'}, 'OPSD': {'OEU-2898'}, 'WIKIPEDIA': {'WIKIPEDIA-210', 'WIKIPEDIA-212', 'WIKIPEDIA-209', 'WIKIPEDIA-211', 'WIKIPEDIA-213', 'WIKIPEDIA-214'}, 'GPD': {'GBR1000056'}, 'GEO': {'GEO-3556'}}",GB3 10
279,Rock,Natural Gas,CCGT,PP,GB,830.0,,1998.0,1998.0,2038.0,36.1297,-5.354,,0.0,0.0,0.0,{'48WSTN00000ROCKK'},"{'ENTSOE': {'48WSTN00000ROCKK'}, 'GEM': {'L100000409134'}, 'OPSD': {'OEU-2921'}, 'GPD': {'GBR1000212'}, 'GEO': {'GEO-5152'}}",GB3 27
280,Pete 3,Natural Gas,CCGT,PP,GB,405.0,,1993.0,1993.0,2033.0,52.5769,-0.204,,0.0,0.0,0.0,{'48WSTN00000PETEV'},"{'ENTSOE': {'48WSTN00000PETEV'}, 'GEM': {'L100000400772'}, 'OPSD': {'OEU-2866'}, 'GPD': {'GBR2000128'}, 'GEO': {'GEO-4764'}}",GB3 24
281,Pemb,Natural Gas,CCGT,CHP,GB,2305.0,,2011.0,2012.0,2052.0,51.68421333333333,-5.002111666666667,,0.0,0.0,0.0,{'48WSTN00000PEMBL'},"{'ENTSOE': {'48WSTN00000PEMBL'}, 'GEM': {'L100000400767', 'L100000400798'}, 'OPSD': {'OEU-2960'}, 'GPD': {'GBR1000372'}, 'GEO': {'GEO-4743'}}",GB3 14
282,Medp,Natural Gas,CCGT,PP,GB,700.0,,1995.0,1995.0,2035.0,51.43956,0.68939,,0.0,0.0,0.0,{'48WSTN00000MEDPZ'},"{'ENTSOE': {'48WSTN00000MEDPZ'}, 'GEM': {'L100000400766'}, 'OPSD': {'OEU-3068'}, 'GPD': {'GBR1000437'}, 'GEO': {'GEO-4239'}}",GB3 15
283,Laga,Natural Gas,CCGT,PP,GB,905.0,,2009.0,2010.0,2050.0,50.38782,-4.01099,,0.0,0.0,0.0,{'48WSTN00000LAGA3'},"{'ENTSOE': {'48WSTN00000LAGA3'}, 'GEM': {'L100000400763'}, 'OPSD': {'OEU-2912'}, 'GPD': {'GBR1000073'}, 'GEO': {'GEO-3998'}}",GB3 42
284,Kilns 3,Natural Gas,CCGT,PP,GB,680.0,,1992.0,1992.0,2032.0,53.6536913756366,-0.256617358332895,,0.0,0.0,0.0,{'48WSTN0000KILNSJ'},"{'ENTSOE': {'48WSTN0000KILNSJ'}, 'GEM': {'L100000103775'}, 'OPSD': {'OEU-3090'}, 'GPD': {'GBR1000500'}, 'GEO': {'GEO-3849', 'GEO-3848'}}",GB3 16
285,Humr 4,Natural Gas,CCGT,PP,GB,1240.0,,1997.0,1997.0,2037.0,53.60078000000001,-0.14462,,0.0,0.0,0.0,{'48WSTN00000HUMR2'},"{'ENTSOE': {'48WSTN00000HUMR2'}, 'GEM': {'L100000400786'}, 'OPSD': {'OEU-2913'}, 'GPD': {'GBR1000074'}, 'GEO': {'GEO-5469'}}",GB3 16
286,Fell,Natural Gas,CCGT,CHP,GB,180.0,,1995.0,1995.0,2035.0,54.4184,-3.4883,,0.0,0.0,0.0,{'48WSTN00000FELLH'},"{'ENTSOE': {'48WSTN00000FELLH'}, 'GEM': {'L100000400747'}, 'OPSD': {'OEU-2918'}, 'GPD': {'GBR1000317'}, 'GEO': {'GEO-3162'}}",GB3 30
287,Damc 2,Natural Gas,CCGT,PP,GB,805.0,,2000.0,2000.0,2040.0,51.42492,0.60143,,0.0,0.0,0.0,{'48WSTN00000DAMCL'},"{'ENTSOE': {'48WSTN00000DAMCL'}, 'GEM': {'L100000400742'}, 'OPSD': {'OEU-2879'}, 'GPD': {'GBR1000465'}, 'GEO': {'GEO-2860'}}",GB3 15
288,Coso 3,Natural Gas,CCGT,PP,GB,800.0,,2001.0,2002.0,2042.0,51.51185,0.5079,,0.0,0.0,0.0,{'48WSTN00000COSO2'},"{'ENTSOE': {'48WSTN00000COSO2'}, 'GEM': {'L100000400740'}, 'OPSD': {'OEU-2920'}, 'GPD': {'GBR1000211'}, 'GEO': {'GEO-2781'}}",GB3 15
289,Corb,Natural Gas,CCGT,PP,GB,401.0,,1993.0,1994.0,2034.0,52.51044,-0.68143,,0.0,0.0,0.0,{'48WSTN00000CORBV'},"{'ENTSOE': {'48WSTN00000CORBV'}, 'GEM': {'L100000400739'}, 'OPSD': {'OEU-2917'}, 'GPD': {'GBR1000077'}, 'GEO': {'GEO-2770'}}",GB3 46
290,Grai 4,Natural Gas,CCGT,CHP,GB,1423.0,,2010.0,2011.0,2051.0,51.44298,0.70782,,0.0,0.0,0.0,"{'48WSTN000GRAI-GD', '48WSTN0000GRAINU'}","{'ENTSOE': {'48WSTN000GRAI-GD', '48WSTN0000GRAINU'}, 'GEM': {'L100000400749'}, 'OPSD': {'OEU-3089'}, 'GPD': {'GBR1000497'}, 'GEO': {'GEO-3365'}}",GB3 15
291,Erro,Hydro,Run-Of-River,Store,GB,75.0,,1955.0,1955.0,2055.0,56.7091,-4.0065,,0.0,0.0,0.0,{'48WSTN00000ERROK'},"{'ENTSOE': {'48WSTN00000ERROK'}, 'GEM': {'G603741'}, 'JRC': {'JRC-H643'}, 'OPSD': {'OEU-3001'}}",GB3 3
292,Saltend 5,Natural Gas,CCGT,CHP,GB,1200.0,,2000.0,2000.0,2040.0,53.73543,-0.24315,,0.0,0.0,0.0,{},"{'GEM': {'L100000400777'}, 'OPSD': {'OEU-2903'}, 'GPD': {'GBR2000263'}, 'GEO': {'GEO-5231'}}",GB3 16
293,Rye House,Natural Gas,CCGT,PP,GB,715.0,,1993.0,1993.0,2033.0,51.76317,0.00974,,0.0,0.0,0.0,{},"{'GEM': {'L100000400776'}, 'OPSD': {'OEU-2880'}, 'GPD': {'GBR1000466'}, 'GEO': {'GEO-5191'}}",GB3 5
294,Marchwood,Natural Gas,CCGT,PP,GB,920.0,0.58,2009.0,2009.0,2049.0,50.89798,-1.43751,,0.0,0.0,0.0,{},"{'GEM': {'L100000401451'}, 'OPSD': {'OEU-2925'}, 'GPD': {'GBR1000311'}, 'GEO': {'GEO-44589'}}",GB3 18
295,Little Barford,Natural Gas,CCGT,PP,GB,735.0,,1995.0,2006.0,2046.0,52.20533,-0.2668,,0.0,0.0,0.0,{},"{'GEM': {'L100000400764'}, 'OPSD': {'OEU-2959', 'OEU-2932'}, 'GPD': {'GBR1000378', 'GBR1000371'}, 'GEO': {'GEO-4053'}}",GB3 20
296,Immingham 6,Natural Gas,CCGT,CHP,GB,1280.0,,2004.0,2004.0,2044.0,53.63779,-0.23674,,0.0,0.0,0.0,{},"{'GEM': {'L100000400799'}, 'OPSD': {'OEU-3100'}, 'GPD': {'GBR1000517'}, 'GEO': {'GEO-3638'}}",GB3 16
297,Enfield 2,Natural Gas,CCGT,PP,GB,408.0,,1999.0,1999.0,2039.0,51.66248,-0.02248,,0.0,0.0,0.0,{},"{'GEM': {'L100000400745'}, 'OPSD': {'OEU-3088'}, 'GPD': {'GBR1000494'}, 'GEO': {'GEO-3081'}}",GB3 5
298,Coolkeeragh,Natural Gas,CCGT,PP,GB,473.0,,1970.0,2004.0,2044.0,55.0437,-7.24868,,0.0,0.0,0.0,{},"{'GEM': {'L100000400738'}, 'OPSD': {'OEU-2914', 'OEU-2916'}, 'GPD': {'GBR1000075', 'GBR1000076'}, 'GEO': {'GEO-2762'}}",GB4 2
299,Connah Quay,Natural Gas,CCGT,PP,GB,1500.0,,1996.0,1996.0,2036.0,53.2317,-3.08149,,0.0,0.0,0.0,{},"{'GEM': {'L100000400734'}, 'OPSD': {'OEU-3091'}, 'GPD': {'GBR1000492'}, 'GEO': {'GEO-2756'}}",GB3 19
300,Ballylumford,Natural Gas,CCGT,PP,GB,720.0,,1974.0,2003.0,2043.0,54.845,-5.786,,0.0,0.0,0.0,{},"{'GEM': {'L100000401443'}, 'OPSD': {'OEU-2858', 'OEU-2860'}, 'GPD': {'GBR1000001', 'GBR1000004', 'GBR1000003'}, 'GEO': {'GEO-43949'}}",GB4 7
301,Indq 2,Natural Gas,CCGT,PP,GB,140.0,,1996.0,1996.0,2036.0,50.3980983853812,-4.89920423117703,,0.0,0.0,0.0,{'48WSTN00000INDQH'},"{'ENTSOE': {'48WSTN00000INDQH'}, 'GEM': {'L100000407718'}, 'OPSD': {'OEU-2902'}, 'GPD': {'GBR1000150'}}",GB3 27
302,Bage 2,Natural Gas,CCGT,PP,GB,552.0,,2002.0,2002.0,2042.0,51.60345,-3.8077,,0.0,0.0,0.0,{'48WSTN00000BAGE8'},"{'ENTSOE': {'48WSTN00000BAGE8'}, 'OPSD': {'OEU-2861', 'OEU-2862'}, 'GPD': {'GBR1000314', 'GBR1000312'}, 'GEO': {'GEO-2231'}}",GB3 14
303,Carr,Natural Gas,CCGT,PP,GB,910.0,,2016.0,2016.0,2056.0,53.43772,-2.41014,,0.0,0.0,0.0,{'48WSTN00000CARRI'},"{'ENTSOE': {'48WSTN00000CARRI'}, 'GEM': {'L100000400731'}, 'OPSD': {'OEU-2915'}, 'GPD': {'GBR2000124'}}",GB3 23
304,Stve 3,Hydro,Run-Of-River,PP,GB,0.0,,1951.0,1951.0,2051.0,56.014999,-5.121,,0.0,0.0,0.0,{'48WSTN00000STVEO'},"{'ENTSOE': {'48WSTN00000STVEO'}, 'JRC': {'JRC-H1857'}, 'OPSD': {'OEU-3055'}, 'GPD': {'GBR0000397'}}",GB3 25
305,Cass 3,Hydro,Run-Of-River,PP,GB,11.0,,1959.0,1959.0,2059.0,58.188999,-4.734,,0.0,0.0,0.0,{'48WSTN00000CASSD'},"{'ENTSOE': {'48WSTN00000CASSD'}, 'JRC': {'JRC-H1766'}, 'OPSD': {'OEU-2986'}, 'GPD': {'GBR0000406'}}",GB3 9
306,Clac 4,Hydro,Run-Of-River,PP,GB,44.0,,1955.0,1955.0,2055.0,56.282002,-4.93,,0.0,0.0,0.0,{'48WSTN00000CLACI'},"{'ENTSOE': {'48WSTN00000CLACI'}, 'JRC': {'JRC-H982'}, 'OPSD': {'OEU-2989'}, 'GPD': {'GBR1000401'}}",GB3 25
307,Finl 2,Hydro,Run-Of-River,PP,GB,17.0,,1955.0,1955.0,2055.0,56.509998,-4.228,,0.0,0.0,0.0,{'48WSTN00000FINLW'},"{'ENTSOE': {'48WSTN00000FINLW'}, 'JRC': {'JRC-H1489'}, 'OPSD': {'OEU-3004'}, 'GPD': {'GBR1000383'}}",GB3 3
308,Gaur 4,Hydro,Run-Of-River,PP,GB,6.4,,1953.0,1953.0,2053.0,56.682999,-4.513,,0.0,0.0,0.0,{'48WSTN00000GAURQ'},"{'ENTSOE': {'48WSTN00000GAURQ'}, 'JRC': {'JRC-H1898'}, 'OPSD': {'OEU-3006'}, 'GPD': {'GBR0000393'}}",GB3 9
309,Inaw 5,Hydro,Run-Of-River,PP,GB,25.0,,1963.0,1963.0,2063.0,56.408001,-5.112,,0.0,0.0,0.0,{'48WSTN00000INAWE'},"{'ENTSOE': {'48WSTN00000INAWE'}, 'JRC': {'JRC-H1264'}, 'OPSD': {'OEU-3011'}, 'GPD': {'GBR1000402'}}",GB3 25
310,Locg 6,Hydro,Run-Of-River,PP,GB,6.0,,1961.0,1961.0,2061.0,56.078999,-5.342,,0.0,0.0,0.0,{'48WSTN00000LOCGL'},"{'ENTSOE': {'48WSTN00000LOCGL'}, 'JRC': {'JRC-H1939'}, 'OPSD': {'OEU-3024'}, 'GPD': {'GBR0000395'}}",GB3 25
311,Nant 7,Hydro,Run-Of-River,PP,GB,15.0,,1963.0,1963.0,2063.0,56.345001,-5.13,,0.0,0.0,0.0,{'48WSTN00000NANT8'},"{'ENTSOE': {'48WSTN00000NANT8'}, 'JRC': {'JRC-H1556'}, 'OPSD': {'OEU-3039'}, 'GPD': {'GBR1000403'}}",GB3 25
312,Rann 5,Hydro,Run-Of-River,PP,GB,51.0,,1930.0,1930.0,2030.0,56.699001,-4.408,,0.0,0.0,0.0,{'48WSTN00000RANN0'},"{'ENTSOE': {'48WSTN00000RANN0'}, 'JRC': {'JRC-H870'}, 'OPSD': {'OEU-3047'}, 'GPD': {'GBR1000408'}}",GB3 9
313,Shin 6,Hydro,Run-Of-River,PP,GB,24.0,,1958.0,1958.0,2058.0,57.944,-4.417,,0.0,0.0,0.0,{'48WSTN00000SHINJ'},"{'ENTSOE': {'48WSTN00000SHINJ'}, 'JRC': {'JRC-H1294'}, 'OPSD': {'OEU-3049'}, 'GPD': {'GBR1000397'}}",GB3 9
314,Tumb 3,Hydro,Run-Of-River,PP,GB,40.0,,1933.0,1933.0,2033.0,56.673,-4.147,,0.0,0.0,0.0,{'48WSTN00000TUMBB'},"{'ENTSOE': {'48WSTN00000TUMBB'}, 'JRC': {'JRC-H1079'}, 'OPSD': {'OEU-3061'}, 'GPD': {'GBR1000409'}}",GB3 3
315,Fasn 7,Hydro,Run-Of-River,PP,GB,75.0,,1951.0,2006.0,2106.0,57.382,-4.881,,0.0,0.0,0.0,{'48WSTN00000FASN8'},"{'ENTSOE': {'48WSTN00000FASN8'}, 'JRC': {'JRC-H645'}, 'OPSD': {'OEU-3003', 'OEU-3002'}, 'GPD': {'GBR0000390'}}",GB3 9
316,Srom 8,Hydro,Run-Of-River,PP,GB,40.0,,1957.0,1957.0,2057.0,56.351002,-5.094,,0.0,0.0,0.0,{'48WSTN00000SROM0'},"{'ENTSOE': {'48WSTN00000SROM0'}, 'JRC': {'JRC-H2009'}, 'OPSD': {'OEU-3052'}, 'GPD': {'GBR0000396'}}",GB3 25
317,Klyn 4,Natural Gas,CCGT,PP,GB,340.0,,1997.0,1997.0,2037.0,52.72783,0.37975,,0.0,0.0,0.0,{'48WSTN000KLYN-A4'},"{'ENTSOE': {'48WSTN000KLYN-A4'}, 'GEM': {'L100000401448'}, 'GEO': {'GEO-3861'}}",GB3 24
318,Grub 8,Hydro,Run-Of-River,PP,GB,34.0,,1950.0,2017.0,2117.0,57.775002,-4.955,,0.0,0.0,0.0,{'48WSTN00000GRUBR'},"{'ENTSOE': {'48WSTN00000GRUBR'}, 'JRC': {'JRC-H1293'}, 'OPSD': {'OEU-2949', 'OEU-3010'}}",GB3 9
319,Sfil 4,Hydro,Run-Of-River,PP,GB,20.0,,1957.0,1957.0,2057.0,56.401001,-4.122,,0.0,0.0,0.0,{'48WSTN00000SFILV'},"{'ENTSOE': {'48WSTN00000SFILV'}, 'JRC': {'JRC-H1359'}, 'OPSD': {'OEU-3053'}}",GB3 3
320,Torr Achilty 9,Hydro,Reservoir,Store,GB,15.0,,1954.0,1954.0,2054.0,57.5851,-4.5397,,0.0,0.0,0.0,{},"{'JRC': {'JRC-H1558'}, 'OPSD': {'OEU-3058'}, 'GPD': {'GBR0000401'}}",GB3 9
321,Rheidol 3,Hydro,Run-Of-River,PP,GB,55.975,,1961.0,1985.0,2085.0,52.4076,-3.8772,,0.0,0.0,0.0,{},"{'JRC': {'JRC-H3432'}, 'OPSD': {'OEU-3076', 'OEU-3073', 'OEU-3075', 'OEU-3078', 'OEU-3072', 'OEU-3077', 'OEU-3074'}, 'GPD': {'GBR0003552'}}",GB3 28
322,Orrin 10,Hydro,Reservoir,Store,GB,18.0,,1959.0,2002.0,2102.0,57.775002,-4.955,,59.466,45.0,0.0,{},"{'JRC': {'JRC-H1455'}, 'OPSD': {'OEU-3041', 'OEU-3042'}, 'GPD': {'GBR0000400'}}",GB3 9
323,Mullardoch 11,Hydro,Run-Of-River,PP,GB,2.4,,1955.0,1955.0,2055.0,57.382,-4.881,,0.0,0.0,0.0,{},"{'JRC': {'JRC-H2166'}, 'OPSD': {'OEU-3038'}, 'GPD': {'GBR0000467'}}",GB3 9
324,Maentwrog 4,Hydro,Run-Of-River,PP,GB,35.3,,1928.0,1928.0,2028.0,52.946,-3.9879,,0.0,0.0,0.0,{},"{'JRC': {'JRC-H3429'}, 'OPSD': {'OEU-2924'}, 'GPD': {'GBR1000310'}}",GB3 28
325,Lussa 9,Hydro,Run-Of-River,PP,GB,2.4,,1952.0,1952.0,2052.0,56.282002,-4.93,,0.0,0.0,0.0,{},"{'JRC': {'JRC-H2165'}, 'OPSD': {'OEU-3032'}, 'GPD': {'GBR0000466'}}",GB3 25
326,Lubreoch 5,Hydro,Run-Of-River,PP,GB,4.0,,1958.0,1958.0,2058.0,56.509998,-4.228,,0.0,0.0,0.0,{},"{'JRC': {'JRC-H2071'}, 'OPSD': {'OEU-3029'}, 'GPD': {'GBR0000464'}}",GB3 3
327,Lochay 6,Hydro,Run-Of-River,PP,GB,45.0,,1958.0,1958.0,2058.0,56.509998,-4.228,,0.0,0.0,0.0,{},"{'JRC': {'JRC-H904'}, 'OPSD': {'OEU-3026'}, 'GPD': {'GBR1000384', 'GBR1000385'}}",GB3 3
328,Livishie 12,Hydro,Run-Of-River,PP,GB,15.0,,1962.0,1962.0,2062.0,57.155998,-4.936,,0.0,0.0,0.0,{},"{'JRC': {'JRC-H1555'}, 'OPSD': {'OEU-3021'}, 'GPD': {'GBR0000405'}}",GB3 9
329,Lednock 7,Hydro,Run-Of-River,PP,GB,3.0,,1961.0,1961.0,2061.0,56.509998,-4.228,,0.0,0.0,0.0,{},"{'JRC': {'JRC-H2127'}, 'OPSD': {'OEU-3020'}, 'GPD': {'GBR0000463'}}",GB3 3
330,Lairg 13,Hydro,Reservoir,Store,GB,3.5,,1956.0,1959.0,2059.0,58.02,-4.4151,,0.0,0.0,0.0,{},"{'JRC': {'JRC-H2088'}, 'OPSD': {'OEU-3019', 'OEU-2982'}, 'GPD': {'GBR0000470'}}",GB3 9
331,Kilmorack 14,Hydro,Run-Of-River,PP,GB,20.0,,1962.0,1962.0,2062.0,57.382,-4.881,,0.0,0.0,0.0,{},"{'JRC': {'JRC-H1404'}, 'OPSD': {'OEU-3017'}, 'GPD': {'GBR0000399'}}",GB3 9
332,Kilmelfort 10,Hydro,Run-Of-River,PP,GB,2.0,,1956.0,1956.0,2056.0,56.282002,-4.93,,0.0,0.0,0.0,{},"{'JRC': {'JRC-H2198'}, 'OPSD': {'OEU-3015', 'OEU-3016'}, 'GPD': {'GBR0000461'}}",GB3 25
333,Kendoon 11,Hydro,Run-Of-River,PP,GB,24.0,,1935.0,1935.0,2035.0,55.0736,-4.1408,,0.0,0.0,0.0,{},"{'JRC': {'JRC-H3431'}, 'OPSD': {'OEU-2875'}, 'GPD': {'GBR1000460'}}",GB3 25
334,Invergarry 15,Hydro,Run-Of-River,PP,GB,20.0,,1956.0,2003.0,2103.0,57.077999,-4.781,,0.0,0.0,0.0,{},"{'JRC': {'JRC-H1403'}, 'OPSD': {'OEU-3013', 'OEU-3012'}, 'GPD': {'GBR0000404'}}",GB3 9
335,Glenlee,Hydro,Run-Of-River,PP,GB,24.0,,1935.0,1935.0,2035.0,54.941,-3.9278,,0.0,0.0,0.0,{},"{'JRC': {'JRC-H3430'}, 'OPSD': {'OEU-2874'}, 'GPD': {'GBR1000459'}}",GB3 30
336,Deanie 16,Hydro,Run-Of-River,PP,GB,38.0,,1963.0,1963.0,2063.0,57.382,-4.881,,0.0,0.0,0.0,{},"{'JRC': {'JRC-H1015'}, 'OPSD': {'OEU-2998'}, 'GPD': {'GBR1000381'}}",GB3 9
337,Dalchonzie 8,Hydro,Run-Of-River,PP,GB,4.0,,1958.0,1958.0,2058.0,56.509998,-4.228,,0.0,0.0,0.0,{},"{'JRC': {'JRC-H2070'}, 'OPSD': {'OEU-2997'}, 'GPD': {'GBR0000462'}}",GB3 3
338,Culligran 17,Hydro,Run-Of-River,PP,GB,19.1,,1962.0,1962.0,2062.0,57.382,-4.881,,3.0,60.0,0.0,{},"{'JRC': {'JRC-H1418'}, 'OPSD': {'OEU-2996', 'OEU-2995'}, 'GPD': {'GBR1000380', 'GBR1000379'}}",GB3 9
339,Cuaich 18,Hydro,Run-Of-River,PP,GB,2.5,,1959.0,1959.0,2059.0,56.699001,-4.408,,0.0,0.0,0.0,{},"{'JRC': {'JRC-H2158'}, 'OPSD': {'OEU-2994'}, 'GPD': {'GBR0000471'}}",GB3 9
340,Clunie Cascade Clun,Hydro,Reservoir,Store,GB,61.0,,1950.0,1950.0,2050.0,56.771999,-3.353,,36.359,21.0,0.0,{},"{'JRC': {'JRC-H725'}, 'OPSD': {'OEU-2992', 'OEU-2993'}, 'GPD': {'GBR1000405'}}",GB3 40
341,Ceannacroc 19,Hydro,Run-Of-River,PP,GB,56.0,,1956.0,1956.0,2056.0,57.155998,-4.936,,0.0,0.0,0.0,{},"{'JRC': {'JRC-H1053', 'JRC-H1402'}, 'OPSD': {'OEU-2987'}, 'GPD': {'GBR0004707'}}",GB3 9
342,Aigas 20,Hydro,Run-Of-River,PP,GB,20.0,,1962.0,1962.0,2062.0,57.382,-4.881,,0.0,0.0,0.0,{},"{'JRC': {'JRC-H1401'}, 'OPSD': {'OEU-2981'}, 'GPD': {'GBR0000398'}}",GB3 9
343,Achanalt 21,Hydro,Run-Of-River,PP,GB,3.0,,1956.0,1956.0,2056.0,57.775002,-4.955,,0.0,0.0,0.0,{},"{'JRC': {'JRC-H2126'}, 'OPSD': {'OEU-2980'}, 'GPD': {'GBR0000468'}}",GB3 9
344,Cashlie 9,Hydro,Run-Of-River,PP,GB,11.0,,1959.0,1959.0,2059.0,56.509998,-4.228,,0.0,142.0,0.0,{},"{'JRC': {'JRC-H1715'}, 'OPSD': {'OEU-2985'}, 'GPD': {'GBR0000407'}}",GB3 3
345,Chickerell,Natural Gas,CCGT,PP,GB,45.0,,1998.0,1998.0,2038.0,50.62357,-2.48907,,0.0,0.0,0.0,{},"{'GEM': {'L100000400733'}, 'OPSD': {'OEU-3065'}, 'GPD': {'GBR1000442'}}",GB3 44
346,Burghfield,Natural Gas,CCGT,PP,GB,50.0,,1998.0,1998.0,2038.0,51.42937,-1.0033,,0.0,0.0,0.0,{},"{'GEM': {'L100000400729'}, 'OPSD': {'OEU-3064'}, 'GPD': {'GBR1000441'}}",GB3 11
347,Blackburn Mill 2,Natural Gas,CCGT,CHP,GB,60.0,,2002.0,2011.0,2051.0,53.71818,-2.53718,,0.0,0.0,0.0,{},"{'GEM': {'L100000400728'}, 'OPSD': {'OEU-2878'}, 'GPD': {'GBR1000464'}}",GB3 23
348,Blackburn Meadows,Bioenergy,Steam Turbine,PP,GB,30.0,,1921.0,2015.0,2035.0,53.4204,-1.4007,,0.0,0.0,0.0,{},"{'GEM': {'G200227'}, 'OPSD': {'OEU-2883'}, 'GPD': {'GBR0000166'}}",GB3 26
349,Wilton Cogenerating,Bioenergy,Steam Turbine,PP,GB,79.0,,2007.0,2007.0,2027.0,54.5895,-1.118,,0.0,0.0,0.0,{},"{'GEM': {'G200356', 'G200357'}, 'OPSD': {'OEU-2963'}, 'GPD': {'GBR0000035'}}",GB3 13
350,Thornhill,Natural Gas,CCGT,CHP,GB,50.0,,1998.0,1998.0,2038.0,53.67706,-1.65496,,0.0,0.0,0.0,{},"{'GEM': {'L100000400797'}, 'OPSD': {'OEU-2887'}, 'GPD': {'GBR1000115'}}",GB3 17
351,Steven Croft Biomass,Bioenergy,Steam Turbine,CHP,GB,44.0,,2007.0,2007.0,2027.0,55.153,-3.3806,,0.0,0.0,0.0,{},"{'GEM': {'G200337'}, 'OPSD': {'OEU-2884'}, 'GPD': {'GBR0000196'}}",GB3 30
352,Riverside Resource Recovery,Bioenergy,Steam Turbine,PP,GB,62.0,,2011.0,2011.0,2031.0,51.5047,0.1552,,0.0,0.0,0.0,{},"{'GEM': {'G200318'}, 'OPSD': {'OEU-2926'}, 'GPD': {'GBR0000859'}}",GB3 36
353,Lochaber Rebuild 22,Hydro,Reservoir,Store,GB,90.0,,2011.0,2011.0,2111.0,56.8296,-5.0702,,0.0,0.0,0.0,{},"{'GEM': {'G603748'}, 'JRC': {'JRC-H3433'}}",GB3 9
354,Kinlochleven Hydro Knlcv 23,Hydro,Run-Of-River,PP,GB,24.0,,1968.11,1968.11,2068.1099999999997,56.713663,-4.9617,,0.0,26.2,0.0,{},"{'JRC': {'JRC-H3665'}, 'GPD': {'GBR0000410', 'GBR0000391'}}",GB3 9
355,Workington Iggesund 2,Bioenergy,Steam Turbine,CHP,GB,49.0,,2013.0,2013.0,2033.0,54.664,-3.5473,,0.0,0.0,0.0,{},"{'GEM': {'G201484'}, 'GPD': {'GBR0000047'}}",GB3 30
356,Margam Green Energy,Bioenergy,Steam Turbine,PP,GB,40.0,,2019.0,2019.0,2039.0,51.5632,-3.7468,,0.0,0.0,0.0,{},"{'GEM': {'G200298'}, 'GPD': {'GBR0000113'}}",GB3 14
357,Tilbury Green 2,Bioenergy,Steam Turbine,PP,GB,40.0,,2017.0,2017.0,2037.0,54.5675,-1.0968,,0.0,0.0,0.0,{},"{'GEM': {'G200344'}, 'GPD': {'GBR2001002'}}",GB3 13
358,Templeborough Biomass 2,Bioenergy,Steam Turbine,PP,GB,44.0,,2018.0,2018.0,2038.0,53.4231,-1.373,,0.0,0.0,0.0,{},"{'GEM': {'G200340'}, 'GPD': {'GBR2001003'}}",GB3 26
359,Snetterton,Bioenergy,Steam Turbine,PP,GB,42.0,,2017.0,2017.0,2037.0,52.4816,0.9541,,0.0,0.0,0.0,{},"{'GEM': {'G200331'}, 'GPD': {'GBR0000185'}}",GB3 31
360,Oldbury Energy From Waste,Bioenergy,Steam Turbine,PP,GB,40.0,,2014.0,2014.0,2034.0,52.5169,-2.0288,,0.0,0.0,0.0,{},"{'GEM': {'G200309'}, 'GPD': {'GBR0000950'}}",GB3 8
361,Sleaford Renewable Energy,Bioenergy,Steam Turbine,PP,GB,38.0,,2014.0,2014.0,2034.0,53.0002,-0.3823,,0.0,0.0,0.0,{},"{'GEM': {'G200328'}, 'GPD': {'GBR0000206'}}",GB3 24
362,Grmo,Natural Gas,CCGT,CHP,GB,144.0,,2001.0,2001.0,2041.0,56.010986,-3.695127,,0.0,0.0,0.0,{'48WSTN00000GRMOP'},"{'ENTSOE': {'48WSTN00000GRMOP'}, 'GEM': {'L100000400752'}}",GB3 3
363,Roos,Natural Gas,CCGT,PP,GB,229.0,,1991.0,1991.0,2031.0,54.105162550959,-3.1902408599854,,0.0,0.0,0.0,{'48WSTN00000ROOS5'},"{'ENTSOE': {'48WSTN00000ROOS5'}, 'GEO': {'GEO-5165'}}",GB3 1
364,Derw,Natural Gas,CCGT,CHP,GB,236.0,,1995.0,1995.0,2035.0,52.911004873482,-1.4142778515816,,0.0,0.0,0.0,{'48WSTN00000DERWO'},"{'ENTSOE': {'48WSTN00000DERWO'}, 'GEO': {'GEO-2905'}}",GB3 37
365,Seal Sands,Natural Gas,CCGT,CHP,GB,55.0,,1997.0,1997.0,2037.0,54.610203238613,-1.16999562171264,,0.0,0.0,0.0,{},"{'GEM': {'L100000407585'}, 'GEO': {'GEO-5302'}}",GB3 13
366,Heartlands,Natural Gas,CCGT,PP,GB,100.0,,1999.0,1999.0,2039.0,52.510222,-1.808279,,0.0,0.0,0.0,{},"{'GEM': {'L100000406412'}, 'GEO': {'GEO-3203'}}",GB3 33
367,Deeside 2,Natural Gas,CCGT,PP,GB,515.0,,1994.0,1994.0,2034.0,53.2332,-3.0547,,0.0,0.0,0.0,{},"{'GPD': {'GBR2000262'}, 'GEO': {'GEO-2889'}}",GB3 19
368,Barry 2,Natural Gas,CCGT,PP,GB,235.0,,1998.0,1998.0,2038.0,51.4089,-3.2301,,0.0,0.0,0.0,{},"{'GPD': {'GBR2000125'}, 'GEO': {'GEO-2256'}}",GB3 38
369,Brigg Renewable Energy,Bioenergy,Steam Turbine,PP,GB,40.0,,2016.0,2016.0,2036.0,53.5423,-0.5092,,0.0,0.0,0.0,{},"{'GEM': {'G200254'}, 'GPD': {'GBR0000150'}}",GB3 16
370,Avonmouth Erf,Bioenergy,Steam Turbine,PP,GB,34.0,,2021.0,2021.0,2041.0,51.5329,-2.6687,,0.0,0.0,0.0,{},"{'GEM': {'G200246'}, 'GPD': {'GBR0000915', 'GBR0001014'}}",GB3 34
371,Creyke Beck 7,Natural Gas,CCGT,PP,GB,49.5,,2017.0,2017.0,2057.0,53.79758,-0.41791,,0.0,0.0,0.0,{},"{'GEM': {'L100000408857'}, 'GPD': {'GBR2001173'}}",GB3 16
372,Trinafour 24,Hydro,Run-Of-River,PP,GB,0.5,,1959.0,1959.0,2059.0,56.699001,-4.408,,0.0,0.0,0.0,{},"{'JRC': {'JRC-H2417'}, 'OPSD': {'OEU-3060'}}",GB3 9
373,Quoich 25,Hydro,Run-Of-River,PP,GB,18.0,,1955.0,1955.0,2055.0,57.155998,-4.936,,0.0,0.0,0.0,{},"{'JRC': {'JRC-H1456'}, 'OPSD': {'OEU-3046', 'OEU-3045'}}",GB3 9
374,Mossford 26,Hydro,Run-Of-River,PP,GB,18.6,,1957.0,1957.0,2057.0,57.6166,-4.76,,0.0,0.0,0.0,{},"{'JRC': {'JRC-H1438'}, 'OPSD': {'OEU-3036'}}",GB3 9
375,Luichart 27,Hydro,Reservoir,Store,GB,34.0,,1954.0,1954.0,2054.0,57.775002,-4.955,,62.0,16.0,0.0,{},"{'JRC': {'JRC-H1078'}, 'OPSD': {'OEU-3031', 'OEU-3030'}}",GB3 9
376,Derrydarroch 28,Hydro,,PP,GB,2.0,,2015.0,2015.0,2115.0,56.8322,-5.0801,,0.0,0.0,0.0,{},"{'OPSD': {'OEU-3080'}, 'GPD': {'GBR0000474'}}",GB3 9
377,Cia Aig 29,Hydro,,PP,GB,3.0,,2016.0,2016.0,2116.0,56.9537,-5.0076,,0.0,0.0,0.0,{},"{'OPSD': {'OEU-2938'}, 'GPD': {'GBR0000475'}}",GB3 9
378,Chippenham,Natural Gas,CCGT,PP,GB,10.1,,2002.0,2002.0,2042.0,51.46,-2.1247,,0.0,0.0,0.0,{},"{'OPSD': {'OEU-3066'}, 'GPD': {'GBR1000440'}}",GB3 2
379,Carsfad 12,Hydro,,PP,GB,12.0,,1935.0,1935.0,2035.0,55.14348199999999,-4.189764,,0.0,0.0,0.0,{},"{'OPSD': {'OEU-2871'}, 'GPD': {'GBR1000456'}}",GB3 25
380,Carnoch 30,Hydro,,PP,GB,1.4,,2009.0,2009.0,2109.0,56.687854,-5.51635,,0.0,0.0,0.0,{},"{'OPSD': {'OEU-2937'}, 'GPD': {'GBR0000460'}}",GB3 9
381,Braevallich 13,Hydro,,PP,GB,2.3,,2005.0,2005.0,2105.0,56.214789,-5.293785,,0.0,0.0,0.0,{},"{'OPSD': {'OEU-2936'}, 'GPD': {'GBR0000503'}}",GB3 25
382,Black Rock 31,Hydro,,PP,GB,3.5,,2012.0,2012.0,2112.0,57.696842,-4.457313,,0.0,0.0,0.0,{},"{'OPSD': {'OEU-2934'}, 'GPD': {'GBR0000485'}}",GB3 9
383,Barkip,Waste,,PP,GB,2.1,,2011.0,2011.0,2036.0,55.7181,-4.7186,,0.0,0.0,0.0,{},"{'OPSD': {'OEU-3071'}, 'GPD': {'GBR0000266', 'GBR0000682'}}",GB3 25
384,Cardiff Efw,Waste,,PP,GB,30.0,,2014.0,2014.0,2039.0,53.474,-2.2079,,0.0,0.0,0.0,{},"{'OPSD': {'OEU-3095'}, 'GPD': {'GBR0000897'}}",GB3 23
385,Wilton Efw,Waste,,PP,GB,49.0,,2016.0,2016.0,2041.0,54.5674,-1.0967,,0.0,0.0,0.0,{},"{'OPSD': {'OEU-2965'}, 'GPD': {'GBR0000930'}}",GB3 13
386,Ardley Efw,Waste,,PP,GB,26.0,,2014.0,2014.0,2039.0,51.8813,-1.2304,,0.0,0.0,0.0,{},"{'OPSD': {'OEU-3093'}, 'GPD': {'GBR0000962'}}",GB3 11
387,Allt Fionn 14,Hydro,,PP,GB,2.0,,2012.0,2012.0,2112.0,56.3492,-4.7007,,0.0,0.0,0.0,{},"{'OPSD': {'OEU-3079'}, 'GPD': {'GBR0000473'}}",GB3 25
388,Dolgarrog High Head 5,Hydro,,PP,GB,17.0,,2002.0,2002.0,2102.0,53.191512,-3.842965,,0.0,0.0,0.0,{},"{'OPSD': {'OEU-2941'}, 'GPD': {'GBR2001081'}}",GB3 28
389,Runcorn Efw,Waste,,PP,GB,91.0,,2014.0,2014.0,2039.0,53.3257,-2.7524,,0.0,0.0,0.0,{},"{'OPSD': {'OEU-3099'}, 'GPD': {'GBR0000932'}}",GB3 48
390,River 32,Hydro,,PP,GB,6.3,,2002.0,2008.0,2108.0,57.214223,-4.451958,,0.0,0.0,0.0,{},"{'OPSD': {'OEU-3048', 'OEU-2954'}, 'GPD': {'GBR0000428'}}",GB3 9
391,Pitlochry 10,Hydro,,PP,GB,15.1,,1950.0,1950.0,2050.0,56.699293,-3.739996,,0.0,0.0,0.0,{},"{'OPSD': {'OEU-3043', 'OEU-3044'}, 'GPD': {'GBR0000394'}}",GB3 3
392,Peterborough Efw,Waste,,PP,GB,7.3,,2016.0,2016.0,2041.0,52.5752,-0.2062,,0.0,0.0,0.0,{},"{'OPSD': {'OEU-3098'}, 'GPD': {'GBR0000905'}}",GB3 24
393,Mucomir 33,Hydro,,PP,GB,1.9,,1962.0,1962.0,2062.0,56.910344,-4.984838,,0.0,0.0,0.0,{},"{'OPSD': {'OEU-3037'}, 'GPD': {'GBR0000469'}}",GB3 9
394,Maldie 34,Hydro,,PP,GB,4.0,,2013.0,2013.0,2113.0,58.26121,-4.982508,,0.0,0.0,0.0,{},"{'OPSD': {'OEU-2953'}, 'GPD': {'GBR0000484'}}",GB3 9
395,Loch Ericht 35,Hydro,,PP,GB,2.2,,1962.0,1962.0,2062.0,56.823662,-4.371775,,0.0,0.0,0.0,{},"{'OPSD': {'OEU-3023'}, 'GPD': {'GBR0000465'}}",GB3 9
396,Loch Dubh 36,Hydro,,PP,GB,1.2,,1954.0,1954.0,2054.0,57.954205,-5.119845,,0.0,0.0,0.0,{},"{'OPSD': {'OEU-3022'}, 'GPD': {'GBR1000390'}}",GB3 9
397,Lakeside Efw,Waste,,PP,GB,37.0,,2010.0,2010.0,2035.0,51.4872,-0.5251,,0.0,0.0,0.0,{},"{'OPSD': {'OEU-3097'}, 'GPD': {'GBR0000865'}}",GB3 47
398,Kerry Falls 37,Hydro,,PP,GB,1.3,,1951.0,1951.0,2051.0,57.684857,-5.642699,,0.0,0.0,0.0,{},"{'OPSD': {'OEU-3014'}, 'GPD': {'GBR1000425'}}",GB3 9
399,Inverlael 38,Hydro,,PP,GB,2.5,,2009.0,2009.0,2109.0,57.821875,-5.050058,,0.0,0.0,0.0,{},"{'OPSD': {'OEU-2951'}, 'GPD': {'GBR0000426'}}",GB3 9
400,Inverbain 11,Hydro,,PP,GB,1.0,,2006.0,2006.0,2106.0,56.6061,-4.1769,,0.0,0.0,0.0,{},"{'OPSD': {'OEU-2950'}, 'GPD': {'GBR0000477'}}",GB3 3
401,Glenmoriston 39,Hydro,,PP,GB,37.0,,1957.0,1957.0,2057.0,57.201652,-4.720786,,0.0,0.0,0.0,{},"{'OPSD': {'OEU-3009'}, 'GPD': {'GBR2001012'}}",GB3 9
402,Garrogie 40,Hydro,,PP,GB,2.4,,2005.0,2005.0,2105.0,57.185429000000006,-4.482321,,0.0,0.0,0.0,{},"{'OPSD': {'OEU-2946'}, 'GPD': {'GBR0000435'}}",GB3 9
403,Exeter Efw,Waste,,PP,GB,3.5,,2014.0,2014.0,2039.0,50.7035,-3.5222,,0.0,0.0,0.0,{},"{'OPSD': {'OEU-3096'}, 'GPD': {'GBR0000939'}}",GB3 6
404,Earlstoun 15,Hydro,,PP,GB,14.0,,1935.0,1935.0,2035.0,55.11209399999999,-4.174467,,0.0,0.0,0.0,{},"{'OPSD': {'OEU-2873'}, 'GPD': {'GBR1000458'}}",GB3 25
405,Drumjohn 16,Hydro,,PP,GB,1.0,,1935.0,1935.0,2035.0,55.248107,-4.327364,,0.0,0.0,0.0,{},"{'OPSD': {'OEU-2872'}, 'GPD': {'GBR1000457'}}",GB3 25
406,Douglas Water 17,Hydro,,PP,GB,3.0,,2008.0,2008.0,2108.0,56.201767,-5.137847,,0.0,0.0,0.0,{},"{'OPSD': {'OEU-2943'}, 'GPD': {'GBR0000425'}}",GB3 25
407,Kingairloch 41,Hydro,,PP,GB,3.5,,2005.0,2005.0,2105.0,56.632902,-5.571777,,0.0,0.0,0.0,{},"{'OPSD': {'OEU-3018'}, 'GPD': {'GBR0000424'}}",GB3 9
408,Stonebyres,Hydro,,PP,GB,6.0,,1927.0,1927.0,2027.0,55.677412,-3.830617,,0.0,0.0,0.0,{},"{'OPSD': {'OEU-2876'}, 'GPD': {'GBR1000463'}}",GB3 41
409,Tongland 2,Hydro,,PP,GB,33.0,,1935.0,1935.0,2035.0,54.860111,-4.0346150000000005,,0.0,0.0,0.0,{},"{'OPSD': {'OEU-2877'}, 'GPD': {'GBR1000461'}}",GB3 41
410,Thatcham 2,Natural Gas,CCGT,PP,GB,9.0,,1994.0,1994.0,2034.0,51.394535,-1.242002,,0.0,0.0,0.0,{},"{'OPSD': {'OEU-2978'}, 'GPD': {'GBR1000444'}}",GB3 11
411,Storr Lochs 42,Hydro,,PP,GB,2.4,,1952.0,1952.0,2052.0,57.496779,-6.145792,,0.0,0.0,0.0,{},"{'OPSD': {'OEU-3054'}, 'GPD': {'GBR1000431'}}",GB3 9
412,Auchtertyre 18,Hydro,,PP,GB,0.6,,2000.0,2000.0,2100.0,56.42485,-4.671236,,0.0,0.0,0.0,{},{'OPSD': {'OEU-2933'}},GB3 25
413,Barra,Natural Gas,CCGT,PP,GB,2.5,,1986.0,1986.0,2026.0,57.733565000000006,-4.780882,,0.0,0.0,0.0,{},{'OPSD': {'OEU-2969'}},GB3 9
414,Beannachran Dam 43,Hydro,,PP,GB,0.2,,1951.0,1951.0,2051.0,57.41384300000001,-4.789349,,0.0,0.0,0.0,{},{'OPSD': {'OEU-2984'}},GB3 9
415,Blantyre 3,Hydro,,PP,GB,0.6,,1995.0,1995.0,2095.0,55.801128000000006,-4.082644,,0.0,0.0,0.0,{},{'OPSD': {'OEU-2935'}},GB3 41
416,Bonnington 4,Hydro,,PP,GB,11.0,,1927.0,1927.0,2027.0,55.655526,-3.774459,,0.0,0.0,0.0,{},{'OPSD': {'OEU-2870'}},GB3 41
417,Chliostair 44,Hydro,,PP,GB,1.3,,1960.0,1960.0,2060.0,57.981161,-6.959031,,0.0,0.0,0.0,{},{'OPSD': {'OEU-2988'}},GB3 9
418,Cladach Dam 19,Hydro,,PP,GB,0.2,,1949.0,1949.0,2049.0,55.603612,-5.162045,,0.0,0.0,0.0,{},{'OPSD': {'OEU-2990'}},GB3 25
419,Cluanie Dam 45,Hydro,,PP,GB,0.3,,1956.0,1956.0,2056.0,57.14381899999999,-5.002231,,0.0,0.0,0.0,{},{'OPSD': {'OEU-2991'}},GB3 9
420,Croesor 6,Hydro,,PP,GB,0.5,,1999.0,1999.0,2099.0,52.984633,-4.032915,,0.0,0.0,0.0,{},{'OPSD': {'OEU-2939'}},GB3 28
421,Cwm Dyli 7,Hydro,,PP,GB,9.9,,2002.0,2002.0,2102.0,53.066247,-4.011430000000001,,0.0,0.0,0.0,{},{'OPSD': {'OEU-2940'}},GB3 28
422,Dolgarrog Low Head 8,Hydro,,PP,GB,15.0,,2002.0,2002.0,2102.0,53.191512,-3.842965,,0.0,0.0,0.0,{},{'OPSD': {'OEU-2942'}},GB3 28
423,Duchally 46,Hydro,,PP,GB,0.5,,1959.0,1959.0,2059.0,58.141289,-4.773841,,0.0,0.0,0.0,{},{'OPSD': {'OEU-2999'}},GB3 9
424,Dulyn 9,Hydro,,PP,GB,0.5,,1998.0,1998.0,2098.0,53.18977,-3.911098,,0.0,0.0,0.0,{},{'OPSD': {'OEU-2944'}},GB3 28
425,Garnedd 10,Hydro,,PP,GB,0.6,,1990.0,1990.0,2090.0,53.044496,-3.921795,,0.0,0.0,0.0,{},{'OPSD': {'OEU-2945'}},GB3 28
426,Garry Gualach 47,Hydro,,PP,GB,0.8,,2002.0,2002.0,2102.0,57.058665000000005,-5.018488,,0.0,0.0,0.0,{},{'OPSD': {'OEU-2947'}},GB3 9
427,Gisla 48,Hydro,,PP,GB,0.7,,1960.0,1960.0,2060.0,58.122669,-6.934258,,0.0,0.0,0.0,{},{'OPSD': {'OEU-3007'}},GB3 9
428,Glen Tarbert 49,Hydro,,PP,GB,0.9,,2000.0,2000.0,2100.0,56.688026,-5.486661,,0.0,0.0,0.0,{},{'OPSD': {'OEU-2948'}},GB3 9
429,Kielder,Hydro,,PP,GB,6.0,,2006.0,2006.0,2106.0,55.185139,-2.45771,,0.0,0.0,0.0,{},{'OPSD': {'OEU-2952'}},GB3 7
430,Lochay 12,Hydro,,PP,GB,46.1,,1958.0,1958.0,2058.0,56.484452000000005,-4.362674,,0.0,0.0,0.0,{},"{'OPSD': {'OEU-3025', 'OEU-3027'}}",GB3 3
431,Meig Dam 50,Hydro,,PP,GB,0.1,,1954.0,1954.0,2054.0,57.565006,-4.717085,,0.0,0.0,0.0,{},{'OPSD': {'OEU-3033'}},GB3 9
432,Pilkington Greengate,Natural Gas,CCGT,PP,GB,10.0,,1998.0,1998.0,2038.0,53.442988,-2.739958,,0.0,0.0,0.0,{},{'OPSD': {'OEU-3070'}},GB3 48
433,Selset 2,Hydro,,PP,GB,0.8,,2010.0,2010.0,2110.0,54.585667,-2.124333,,0.0,0.0,0.0,{},{'OPSD': {'OEU-2955'}},GB3 7
434,Shin Diversion Dam 51,Hydro,,PP,GB,0.1,,1958.0,1958.0,2058.0,58.01221999999999,-4.402339,,0.0,0.0,0.0,{},{'OPSD': {'OEU-3050'}},GB3 9
435,Stanley Mill 2,Hydro,,PP,GB,0.8,,2003.0,2003.0,2103.0,56.479236,-3.43767,,0.0,0.0,0.0,{},{'OPSD': {'OEU-2956'}},GB3 40
436,Allington Quarry,Bioenergy,Steam Turbine,PP,GB,43.0,,2008.0,2008.0,2028.0,51.2931,0.4924,,0.0,0.0,0.0,{},{'GEM': {'G201468'}},GB3 15
437,Bury St Edmunds Sugar Factory,Natural Gas,CCGT,CHP,GB,77.0,,1999.0,1999.0,2039.0,52.25567,0.72592,,0.0,0.0,0.0,{},{'GEM': {'L100000400730'}},GB3 0
438,Cardiff Erf,Bioenergy,Steam Turbine,PP,GB,30.0,,2015.0,2015.0,2035.0,51.4711,-3.1504,,0.0,0.0,0.0,{},{'GEM': {'G200256'}},GB3 38
439,Cheshire 2,Natural Gas,CCGT,CHP,GB,40.0,,2000.0,2000.0,2040.0,53.3030348407267,-2.92411095979631,,0.0,0.0,0.0,{},{'GEM': {'L100000407588'}},GB3 48
440,Cottam Development Centre 2,Natural Gas,CCGT,PP,GB,445.0,,1999.0,1999.0,2039.0,53.30513,-0.78582,,0.0,0.0,0.0,{},{'GEM': {'L100000400741'}},GB3 4
441,Derby 2,Natural Gas,CCGT,CHP,GB,58.0,,1994.8241758241759,1994.8241758241759,2034.8241758241759,52.884065,-1.464076,,0.0,0.0,0.0,{},{'GEM': {'L100000406414'}},GB3 37
442,Dubar Waste To Energy,Bioenergy,Steam Turbine,PP,GB,30.0,,2019.0,2019.0,2039.0,55.9761,-2.4638,,0.0,0.0,0.0,{},{'GEM': {'G200262'}},GB3 22
443,Exeter,Natural Gas,CCGT,PP,GB,50.0,,1994.8241758241759,1994.8241758241759,2034.8241758241759,50.706545,-3.524292,,0.0,0.0,0.0,{},{'GEM': {'L100000406413'}},GB3 6
444,Fawley Refinery 2,Natural Gas,CCGT,CHP,GB,125.0,,1985.0,1985.0,2025.0,50.83337,-1.36966,,0.0,0.0,0.0,{},{'GEM': {'L100000400746'}},GB3 18
445,Ferrybridge Multifuel,Bioenergy,Steam Turbine,PP,GB,138.0,,2015.0,2015.0,2035.0,53.7187,-1.2869,,0.0,0.0,0.0,{},"{'GEM': {'G200275', 'G200276'}}",GB3 35
446,Grimsby 8,Natural Gas,CCGT,CHP,GB,20.0,,2018.0,2018.0,2058.0,53.56679,0.07578,,0.0,0.0,0.0,{},{'GEM': {'L100000407945'}},GB3 16
447,Hirwaun 3,Natural Gas,CCGT,PP,GB,299.0,,2024.0,2024.0,2064.0,51.74467,-3.54103,,0.0,0.0,0.0,{},{'GEM': {'L100000401446'}},GB3 38
448,Hythe 3,Natural Gas,CCGT,CHP,GB,53.0,,2005.0,2005.0,2045.0,50.8504445847223,-1.3814990603096,,0.0,0.0,0.0,{},{'GEM': {'L100000407586'}},GB3 18
449,Kelvin Energy Recovery Facility 2,Bioenergy,Steam Turbine,PP,GB,35.0,,2005.2058823529412,2005.2058823529412,2025.2058823529412,52.5074,-1.9974,,0.0,0.0,0.0,{},{'GEM': {'G200288'}},GB3 8
450,Kemsley Paper Mill 5,Natural Gas,CCGT,CHP,GB,147.0,,1995.0,1995.0,2035.0,51.36412,0.75656,,0.0,0.0,0.0,{},{'GEM': {'L100000401447'}},GB3 15
451,Lakeside Energy From Waste,Bioenergy,Steam Turbine,PP,GB,37.0,,2010.0,2010.0,2030.0,51.4861,-0.5057,,0.0,0.0,0.0,{},{'GEM': {'G200293'}},GB3 47
452,Lindsey Refinery 9,Natural Gas,CCGT,CHP,GB,38.0,,1997.0,1997.0,2037.0,53.64063,-0.25782,,0.0,0.0,0.0,{},{'GEM': {'L100000407638'}},GB3 16
453,Lostock Sustainable Energy,Bioenergy,Steam Turbine,PP,GB,70.0,,2025.0,2025.0,2045.0,53.2646,-2.4759,,0.0,0.0,0.0,{},{'GEM': {'G200296'}},GB3 23
454,Macclesfield Zenca,Natural Gas,CCGT,CHP,GB,23.0,,2001.0,2001.0,2041.0,53.2754590128523,-2.11006486427931,,0.0,0.0,0.0,{},{'GEM': {'L100000407637'}},GB3 32
455,Newhurst Energy From Waste,Bioenergy,Steam Turbine,PP,GB,42.0,,2023.0,2023.0,2043.0,52.7573,-1.2801,,0.0,0.0,0.0,{},{'GEM': {'G200307'}},GB3 37
456,Palm Mill 5,Natural Gas,CCGT,CHP,GB,45.0,,2018.0,2018.0,2058.0,52.733478,0.38553,,0.0,0.0,0.0,{},{'GEM': {'L100000407636'}},GB3 24
457,Port Of Liverpool 3,Natural Gas,CCGT,CHP,GB,30.0,,2004.0,2004.0,2044.0,53.45219,-3.00832,,0.0,0.0,0.0,{},{'GEM': {'L100000400774'}},GB3 48
458,Port Talbot Steelworks 3,Natural Gas,CCGT,CHP,GB,30.0,,2021.0,2021.0,2061.0,51.5678875732223,-3.7590019042619,,0.0,0.0,0.0,{},{'GEM': {'L100000408853'}},GB3 14
459,Protos Energy Recovery,Bioenergy,Steam Turbine,PP,GB,49.0,,2024.0,2024.0,2044.0,53.2829,-2.8264,,0.0,0.0,0.0,{},{'GEM': {'G200315'}},GB3 48
460,Redditch,Natural Gas,CCGT,CHP,GB,20.0,,2023.0,2023.0,2063.0,52.3053,-1.9414,,0.0,0.0,0.0,{},{'GEM': {'L100000408910'}},GB3 8
461,Rivenhall Energy From Waste,Bioenergy,Steam Turbine,PP,GB,49.0,,2026.0,2026.0,2046.0,51.8533,0.647,,0.0,0.0,0.0,{},{'GEM': {'G200317'}},GB3 0
462,Rocksavage 4,Natural Gas,CCGT,PP,GB,810.0,,1998.0,1998.0,2038.0,53.31522,-2.72278,,0.0,0.0,0.0,{},{'GEM': {'L100000400775'}},GB3 48
463,Rookery South Energy Recovery,Bioenergy,Steam Turbine,PP,GB,60.0,,2022.0,2022.0,2042.0,52.059,-0.5207,,0.0,0.0,0.0,{},{'GEM': {'G200320'}},GB3 20
464,Runcorn Energy From Waste 2,Bioenergy,Steam Turbine,PP,GB,80.0,,2014.0,2014.0,2034.0,53.3257,-2.7524,,0.0,0.0,0.0,{},"{'GEM': {'G200321', 'G200322'}}",GB3 48
465,Saica Paper Mill 3,Natural Gas,CCGT,CHP,GB,135.0,,2013.0,2013.0,2053.0,53.42598,-2.41535,,0.0,0.0,0.0,{},{'GEM': {'L100000407763'}},GB3 23
466,Saltholme North 2,Natural Gas,CCGT,PP,GB,100.8,,2021.0,2021.0,2061.0,54.603905,-1.21490229903652,,0.0,0.0,0.0,{},"{'GEM': {'L100000408852', 'L100000408865'}}",GB3 13
467,Severnside Energy From Waste 2,Bioenergy,Steam Turbine,PP,GB,38.0,,2016.0,2016.0,2036.0,51.5406,-2.6553,,0.0,0.0,0.0,{},{'GEM': {'G200324'}},GB3 34
468,Skeleton Grance,Bioenergy,Steam Turbine,PP,GB,50.0,,2005.2058823529412,2005.2058823529412,2025.2058823529412,53.7764,-1.4978,,0.0,0.0,0.0,{},{'GEM': {'G200326'}},GB3 17
469,Smurfit Townsend Hook,Natural Gas,CCGT,CHP,GB,115.0,,2018.0,2018.0,2058.0,51.32877,0.45111,,0.0,0.0,0.0,{},{'GEM': {'L100000407762'}},GB3 36
470,Tees Rep Biomass 3,Bioenergy,Steam Turbine,PP,GB,299.0,,2018.0,2018.0,2038.0,54.6002,-1.1586,,0.0,0.0,0.0,{},{'GEM': {'G200338'}},GB3 13
471,Viking 3,Natural Gas,CCGT,PP,GB,50.0,,1997.0,1997.0,2037.0,54.606739,-1.202678,,0.0,0.0,0.0,{},{'GEM': {'L100000407635'}},GB3 13
472,West Burton 3,Natural Gas,CCGT,PP,GB,1360.0,,2013.0,2013.0,2053.0,53.36222999999999,-0.8075899999999999,,0.0,0.0,0.0,{},{'GEM': {'L100000103762'}},GB3 4
473,Wheelbarator Kemsley 2,Bioenergy,Steam Turbine,PP,GB,50.0,,2020.0,2020.0,2040.0,51.3659,0.7608,,0.0,0.0,0.0,{},{'GEM': {'G200354'}},GB3 15
474,Wilton International 4,Natural Gas,CCGT,CHP,GB,40.0,,2008.0,2008.0,2048.0,54.58823,-1.10256,,0.0,0.0,0.0,{},{'GEM': {'L100000400807'}},GB3 13
475,Winnington Brunner 5,Natural Gas,CCGT,CHP,GB,94.0,,2000.0,2000.0,2040.0,53.26702,-2.53098,,0.0,0.0,0.0,{},{'GEM': {'L100000400808'}},GB3 48
476,Wissington Sugar Factory,Natural Gas,CCGT,CHP,GB,93.0,,1999.0,1999.0,2039.0,52.55058,0.44864,,0.0,0.0,0.0,{},{'GEM': {'L100000400809'}},GB3 45
477,Doel,Nuclear,Steam Turbine,PP,BE,2911.0,,1975.0,1975.0,2025.0,51.3254,4.2597,,0.0,0.0,0.0,"{'22WDOELX40000793', '22WDOELX2000077N', '22WDOELX3000078D', '22WDOELX1000076X'}","{'ENTSOE': {'22WDOELX40000793', '22WDOELX2000077N', '22WDOELX3000078D', '22WDOELX1000076X'}, 'GEM': {'G100000500500', 'G100000500197', 'G100000500499', 'G100000500234'}, 'OPSD': {'OEU-15', 'OEU-12', 'OEU-14', 'OEU-13'}, 'WIKIPEDIA': {'WIKIPEDIA-2', 'WIKIPEDIA-4', 'WIKIPEDIA-3', 'WIKIPEDIA-1'}, 'GPD': {'WRI1002223'}, 'GEO': {'GEO-2948'}}",BE0 3
478,Tihange,Nuclear,Steam Turbine,PP,BE,3008.0,,1975.0,1975.0,2025.0,50.5334,5.2714,,0.0,0.0,0.0,"{'22WTIHANG000239G', '22WTIHANG000241T', '22WTIHANG000242R', '22WTIHANG000240V'}","{'ENTSOE': {'22WTIHANG000239G', '22WTIHANG000241T', '22WTIHANG000242R', '22WTIHANG000240V'}, 'GEM': {'G100000500194', 'G100000500205', 'G100000500257'}, 'OPSD': {'OEU-39', 'OEU-41', 'OEU-42', 'OEU-40'}, 'WIKIPEDIA': {'WIKIPEDIA-7', 'WIKIPEDIA-6', 'WIKIPEDIA-5'}, 'GPD': {'WRI1002277', 'WRI1002275'}, 'GEO': {'GEO-5724'}}",BE0 5
479,Plate Taille,Hydro,Pumped Storage,Store,BE,144.0,,1980.0,1980.0,2080.0,50.1884,4.3862,4.930555555555555,0.0,0.0,0.0,{'22WPLATEX000208N'},"{'ENTSOE': {'22WPLATEX000208N'}, 'GEM': {'G600151'}, 'JRC': {'JRC-H347'}, 'OPSD': {'OEU-63'}, 'GPD': {'WRI1002263'}, 'GEO': {'GEO-41971'}}",BE0 0
480,Coo,Hydro,Pumped Storage,Store,BE,1164.0,,1969.0,1969.0,2069.0,50.3846,5.8616,4.29553264604811,0.0,0.0,0.0,"{'22WCOOXIX000067T', '22WCOOXII000070C'}","{'ENTSOE': {'22WCOOXIX000067T', '22WCOOXII000070C'}, 'GEM': {'G600149', 'G600150'}, 'JRC': {'JRC-H9'}, 'OPSD': {'OEU-11', 'OEU-10'}, 'GPD': {'WRI1002221'}, 'GEO': {'GEO-41951'}}",BE0 4
481,Zelzate Knippegroen,Natural Gas,CCGT,PP,BE,315.0,,2010.0,2010.0,2050.0,51.1587,3.8068,,0.0,0.0,0.0,{'22WZELZAT0002618'},"{'ENTSOE': {'22WZELZAT0002618'}, 'GEM': {'L100000407649'}, 'OPSD': {'OEU-53'}, 'GPD': {'WRI1002288'}, 'GEO': {'GEO-41973'}}",BE0 1
482,Saint Ghislain Steg 2,Natural Gas,CCGT,PP,BE,350.0,,2000.0,2000.0,2040.0,50.4719,3.8248,,0.0,0.0,0.0,{'22WSAINT-000221B'},"{'ENTSOE': {'22WSAINT-000221B'}, 'GEM': {'L100000400033'}, 'OPSD': {'OEU-34'}, 'GPD': {'WRI1002267'}, 'GEO': {'GEO-41948'}}",BE0 1
483,Ringvaart Steg 3,Natural Gas,CCGT,PP,BE,365.0,,1998.0,1998.0,2038.0,51.1049,3.7257,,0.0,0.0,0.0,{'22WRINGVA000209C'},"{'ENTSOE': {'22WRINGVA000209C'}, 'GEM': {'L100000400032'}, 'OPSD': {'OEU-86'}, 'GPD': {'WRI1002264'}, 'GEO': {'GEO-41949'}}",BE0 1
484,Herdersbrug Steg 4,Natural Gas,CCGT,PP,BE,480.3,,1998.0,1998.0,2038.0,51.2629,3.2112,,0.0,0.0,0.0,{'22WHERDER0001288'},"{'ENTSOE': {'22WHERDER0001288'}, 'GEM': {'L100000400027'}, 'OPSD': {'OEU-21'}, 'GPD': {'WRI1002234'}, 'GEO': {'GEO-41950'}}",BE0 1
485,Drogenbos Tgv,Natural Gas,CCGT,PP,BE,465.0,,1993.0,1993.0,2033.0,50.8023,4.299,,0.0,0.0,0.0,{'22WDROGEN0000863'},"{'ENTSOE': {'22WDROGEN0000863'}, 'GEM': {'L100000400024'}, 'OPSD': {'OEU-18', 'OEU-19'}, 'GPD': {'WRI1002226', 'WRI1002225'}, 'GEO': {'GEO-41953'}}",BE0 3
486,Beringen,Natural Gas,CCGT,PP,BE,422.0,,1994.0,1994.0,2034.0,51.0586,5.1056,,0.0,0.0,0.0,{'22WT-POWE000244W'},"{'ENTSOE': {'22WT-POWE000244W'}, 'GEM': {'L100000400036'}, 'OPSD': {'OEU-90'}, 'GPD': {'WRI1002271'}, 'GEO': {'GEO-41967'}}",BE0 2
487,Scheldelaan Exxonmobil 2,Natural Gas,CCGT,CHP,BE,140.0,,2009.0,2009.0,2049.0,51.254,4.334,,0.0,0.0,0.0,{'22WSCHELD0002261'},"{'ENTSOE': {'22WSCHELD0002261'}, 'GEM': {'L100000400034'}, 'OPSD': {'OEU-38'}, 'GEO': {'GEO-41968'}}",BE0 3
488,Vilvoorde Gt 3,Natural Gas,CCGT,PP,BE,255.0,,1986.0,1986.0,2026.0,50.9414,4.4246,,0.0,0.0,0.0,{'22W20181005PU--J'},"{'ENTSOE': {'22W20181005PU--J'}, 'GEM': {'L100000400037'}, 'OPSD': {'OEU-44'}, 'GEO': {'GEO-41969'}}",BE0 3
489,Ham Gent 5,Natural Gas,CCGT,CHP,BE,159.0,,1993.0,1993.0,2033.0,51.05960000000001,3.7364,,0.0,0.0,0.0,{},"{'GEM': {'L100000400025'}, 'OPSD': {'OEU-74', 'OEU-75'}, 'GPD': {'WRI1002231'}, 'GEO': {'GEO-41975'}}",BE0 1
490,Marcinelle Energie Carsid,Natural Gas,CCGT,PP,BE,413.0,,2011.0,2011.0,2051.0,50.4138,4.4067,,0.0,0.0,0.0,{'22WMARCIN000179H'},"{'ENTSOE': {'22WMARCIN000179H'}, 'GEM': {'L100000400031'}, 'OPSD': {'OEU-0'}, 'GPD': {'WRI1002258'}}",BE0 0
491,Inesco Wkk 4,Natural Gas,CCGT,CHP,BE,138.0,,2008.0,2008.0,2048.0,51.24125,4.32567,,0.0,0.0,0.0,{'22WINESCO000149P'},"{'ENTSOE': {'22WINESCO000149P'}, 'GEM': {'L100000400028'}, 'OPSD': {'OEU-89'}, 'GPD': {'WRI1002244'}}",BE0 3
492,Monsin Belgium Monsin Belgium,Hydro,Run-Of-River,PP,BE,13.3186509369491,,1954.0,1954.0,2054.0,50.6517,5.6308,,0.0,0.0,0.0,{},"{'JRC': {'JRC-H1610'}, 'OPSD': {'OEU-82'}, 'GPD': {'WRI1002242'}, 'GEO': {'GEO-42005'}}",BE0 5
493,Lixhe Belgium Lixhe Belgium 2,Hydro,Run-Of-River,PP,BE,13.5214730324356,,1980.0,1980.0,2080.0,50.7517,5.6863,,0.0,0.0,0.0,{},"{'JRC': {'JRC-H1607'}, 'OPSD': {'OEU-81'}, 'GPD': {'WRI1002241'}, 'GEO': {'GEO-42007'}}",BE0 5
494,Ivoz Ramet Ivoz Ramet 3,Hydro,Run-Of-River,PP,BE,10.0,,1954.0,1954.0,2054.0,50.5922,5.4613,,0.0,0.0,0.0,{},"{'JRC': {'JRC-H1765'}, 'OPSD': {'OEU-80'}, 'GPD': {'WRI1002240'}, 'GEO': {'GEO-42006'}}",BE0 5
495,Hydro Vierre Hydro De La Vierre Hydro De La Vierre 2,Hydro,Reservoir,Store,BE,1.87579617834394,,1962.8333333333333,1962.8333333333333,2062.833333333333,49.733,5.377,,1.3,12.0,0.0,{},"{'JRC': {'JRC-H2224'}, 'OPSD': {'OEU-23'}, 'GPD': {'WRI1002250'}, 'GEO': {'GEO-42010'}}",BE0 4
496,Grand Malades Grand Malades Belgium Grand Malades Belgium 2,Hydro,Run-Of-River,PP,BE,3.38036825810891,,1988.0,1988.0,2088.0,50.4665,4.8992,,0.0,0.0,0.0,{},"{'JRC': {'JRC-H2092'}, 'OPSD': {'OEU-79'}, 'GPD': {'WRI1002239'}, 'GEO': {'GEO-42001'}}",BE0 0
497,Butgenbach Belgium Butgenbach Belgium 3,Hydro,Reservoir,Store,BE,1.77707006369426,,1932.0,1932.0,2032.0,50.4359,6.2106,,11.0,28.0,0.0,{},"{'JRC': {'JRC-H2227'}, 'OPSD': {'OEU-8'}, 'GPD': {'WRI1002218'}, 'GEO': {'GEO-42012'}}",BE0 4
498,Andenne Seilles Andenne Seilles Belgium Andenne Seilles Belgium 3,Hydro,Run-Of-River,PP,BE,6.08466286459604,,1980.0,1980.0,2080.0,50.4928,5.07,,0.0,0.0,0.0,{},"{'JRC': {'JRC-H1922'}, 'OPSD': {'OEU-77'}, 'GPD': {'WRI1002237'}, 'GEO': {'GEO-42002'}}",BE0 0
499,Ampsin Neuville Ampsin Neuville Belgium Ampsin Neuville Belgium 4,Hydro,Run-Of-River,PP,BE,6.69312915105565,,1965.0,1965.0,2065.0,50.5335,5.2962,,0.0,0.0,0.0,{},"{'JRC': {'JRC-H1908'}, 'OPSD': {'OEU-76'}, 'GPD': {'WRI1002236'}, 'GEO': {'GEO-42003'}}",BE0 5
500,Heid Goreux Heid De Goreux Belgium Heid De Goreux Belgium 5,Hydro,Run-Of-River,PP,BE,5.47619657813644,,1931.0,1931.0,2031.0,50.426,5.7328,,0.0,0.0,0.0,{},"{'JRC': {'JRC-H1966'}, 'GPD': {'WRI1002233'}, 'GEO': {'GEO-42011'}}",BE0 5
501,Zandvliet 5,Natural Gas,CCGT,CHP,BE,386.2,,2005.0,2005.0,2045.0,51.36895,4.26419,,0.0,0.0,0.0,{'22WZANDVL000255D'},"{'ENTSOE': {'22WZANDVL000255D'}, 'GEM': {'L100000400038'}, 'OPSD': {'OEU-49'}}",BE0 3
502,Floriffoux 4,Hydro,Run-Of-River,PP,BE,0.540858921297426,,1993.0,1993.0,2093.0,50.4468,4.7767,,0.0,0.0,0.0,{},"{'JRC': {'JRC-H2404'}, 'OPSD': {'OEU-78'}, 'GEO': {'GEO-42000'}}",BE0 0
503,Zwijndrecht Lanxess 6,Natural Gas,CCGT,CHP,BE,58.0,,2010.0,2010.0,2050.0,51.2382,4.3408,,0.0,0.0,0.0,{},"{'GEM': {'L100000400040'}, 'OPSD': {'OEU-55'}, 'GPD': {'WRI1002290', 'WRI1002291'}}",BE0 3
504,Zeebrugge Fluxys 6,Natural Gas,CCGT,CHP,BE,40.0,,1987.0,1987.0,2027.0,51.35182,3.20869,,0.0,0.0,0.0,{},"{'GEM': {'L100000400039'}, 'OPSD': {'OEU-51'}, 'GPD': {'WRI1002285'}}",BE0 1
505,Beveren Ineos Phenolchemie 7,Natural Gas,CCGT,CHP,BE,23.8,,1993.0,1993.0,2033.0,51.29091,4.27025,,0.0,0.0,0.0,{},"{'GEM': {'L100000400023'}, 'OPSD': {'OEU-7'}, 'GPD': {'WRI1002214'}}",BE0 3
506,Beerse 2,Natural Gas,CCGT,PP,BE,33.0,,1998.1818181818182,1998.1818181818182,2038.1818181818182,51.32613,4.853,,0.0,0.0,0.0,{},"{'GEM': {'L100001000036'}, 'OPSD': {'OEU-6'}, 'GPD': {'WRI1002211'}}",BE0 2
507,Aalst Syral 8,Natural Gas,CCGT,CHP,BE,48.0,,2000.0,2000.0,2040.0,50.93547,4.04516,,0.0,0.0,0.0,{},"{'GEM': {'L100000400016'}, 'OPSD': {'OEU-1'}, 'GPD': {'WRI1002204', 'WRI1002205'}}",BE0 3
508,Beverce Robertville Beverce Robertville Belgium Beverce Robertville Belgium 4,Hydro,Reservoir,Store,BE,9.08280254777069,,1928.0,1928.0,2028.0,50.4387,6.0386,,0.0,0.0,0.0,{},"{'JRC': {'JRC-H1788'}, 'GEO': {'GEO-42009'}}",BE0 4
509,Zeebrugge Tj,Oil,Steam Turbine,PP,BE,18.0,,2000.0290040705563,2000.0290040705563,2040.0290040705563,51.329,3.1819,,0.0,0.0,0.0,{},"{'OPSD': {'OEU-52'}, 'GPD': {'WRI1002286'}}",BE0 1
510,Zedelgem Tj 2,Oil,Steam Turbine,PP,BE,18.0,,2000.0290040705563,2000.0290040705563,2040.0290040705563,51.1424,3.1368,,0.0,0.0,0.0,{},"{'OPSD': {'OEU-50'}, 'GPD': {'WRI1002284'}}",BE0 1
511,Noordschote Tj 3,Oil,Steam Turbine,PP,BE,18.0,,2000.0290040705563,2000.0290040705563,2040.0290040705563,50.9548,2.8103,,0.0,0.0,0.0,{},"{'OPSD': {'OEU-30'}, 'GPD': {'WRI1002259'}}",BE0 1
512,Turon Tj 4,Oil,Steam Turbine,PP,BE,18.6,,2000.0290040705563,2000.0290040705563,2040.0290040705563,50.7303,3.8531,,0.0,0.0,0.0,{},"{'OPSD': {'OEU-43'}, 'GPD': {'WRI1002222'}}",BE0 1
513,Cierreux Tj,Oil,Steam Turbine,PP,BE,18.0,,2000.0290040705563,2000.0290040705563,2040.0290040705563,50.2444,5.9302,,0.0,0.0,0.0,{},"{'OPSD': {'OEU-9'}, 'GPD': {'WRI1002219'}}",BE0 4
514,Aalter Tj 5,Oil,Steam Turbine,PP,BE,18.0,,2000.0290040705563,2000.0290040705563,2040.0290040705563,51.0902,3.4469,,0.0,0.0,0.0,{},"{'OPSD': {'OEU-3'}, 'GPD': {'WRI1002206'}}",BE0 1
515,Drogenbos Dm 9,Natural Gas,CCGT,PP,BE,5.0,,2000.0290040705563,2000.0290040705563,2040.0290040705563,50.80244,4.30072,,0.0,0.0,0.0,{},"{'OPSD': {'OEU-17', 'OEU-16'}, 'GPD': {'WRI1002224'}}",BE0 3
516,Zelzate Tj 6,Oil,Steam Turbine,PP,BE,18.0,,2000.0290040705563,2000.0290040705563,2040.0290040705563,51.15879,3.80815,,0.0,0.0,0.0,{'22WZELZAT0002618'},"{'OPSD': {'OEU-54'}, 'GPD': {'WRI1002289'}}",BE0 1
517,Wilmarsdonk Total 10,Natural Gas,CCGT,CHP,BE,129.0,,1998.1818181818182,1998.1818181818182,2038.1818181818182,51.271661,4.326202,,0.0,0.0,0.0,{},"{'GEM': {'L100000406371'}, 'OPSD': {'OEU-45', 'OEU-46', 'OEU-47'}}",BE0 3
518,Sappi Lanaken,Natural Gas,CCGT,CHP,BE,43.0,,1998.1818181818182,1998.1818181818182,2038.1818181818182,50.8827,5.64195,,0.0,0.0,0.0,{},"{'GEM': {'L100000406370'}, 'OPSD': {'OEU-24'}}",BE0 5
519,Monsanto Oud Lillo 11,Natural Gas,CCGT,CHP,BE,43.0,,1998.1818181818182,1998.1818181818182,2038.1818181818182,51.315531,4.289613,,0.0,0.0,0.0,{},"{'GEM': {'L100000406368'}, 'OPSD': {'OEU-32'}}",BE0 3
520,Lillo Degussa 12,Natural Gas,CCGT,CHP,BE,85.0,,1999.0,1999.0,2039.0,51.30953,4.30402,,0.0,0.0,0.0,{},"{'GEM': {'L100000400030'}, 'OPSD': {'OEU-28', 'OEU-27'}}",BE0 3
521,Jemeppe Sur Sambre 2,Natural Gas,CCGT,CHP,BE,106.0,,2000.0,2000.0,2040.0,50.44772,4.66122,,0.0,0.0,0.0,{},"{'GEM': {'L100000400029'}, 'OPSD': {'OEU-85', 'OEU-84', 'OEU-83'}}",BE0 0
522,Izegem 7,Natural Gas,CCGT,CHP,BE,20.0,,1995.0,1995.0,2035.0,50.923778,3.212979,,0.0,0.0,0.0,{},"{'GEM': {'L100000406372'}, 'OPSD': {'OEU-71'}}",BE0 1
523,Covestro Oorderen 13,Natural Gas,CCGT,CHP,BE,43.0,,1998.1818181818182,1998.1818181818182,2038.1818181818182,51.297024,4.319065,,0.0,0.0,0.0,{},"{'GEM': {'L100000406369'}, 'OPSD': {'OEU-31'}}",BE0 3
524,Geel 3,Natural Gas,CCGT,CHP,BE,43.0,,1999.0,1999.0,2039.0,51.1124,5.0087,,0.0,0.0,0.0,{},{'GEM': {'L100001000034'}},BE0 2
525,Seraing 2,Natural Gas,CCGT,PP,BE,470.0,,1994.0,1994.0,2034.0,50.603,5.4917,,0.0,0.0,0.0,{},{'GEM': {'L100000400035'}},BE0 5
526,Stora Langerbrugge,Bioenergy,Steam Turbine,PP,BE,45.0,,2010.0,2010.0,2030.0,51.109,3.734,,0.0,0.0,0.0,{},{'GEM': {'G201355'}},BE0 1
527,Uvelia,Bioenergy,Steam Turbine,PP,BE,30.0,,2009.0,2009.0,2029.0,50.6816,5.6446,,0.0,0.0,0.0,{},{'GEM': {'G200348'}},BE0 5
528,Moneypoint,Hard Coal,Steam Turbine,PP,IE,843.5723152553045,,1985.0,2004.0,2025.0,52.6075,-9.4227,,0.0,0.0,0.0,{'47W000000000166F'},"{'BEYONDCOAL': {'BEYOND-IE-3'}, 'ENTSOE': {'47W000000000166F'}, 'GEM': {'G100000106988', 'G100000106987', 'G100000106989'}, 'GPD': {'WRI1002834'}, 'GEO': {'GEO-4346'}}",IE4 2
529,Ardnacrucha Production,Hydro,Run-Of-River,PP,IE,86.0,,1929.0,1929.0,2029.0,52.7056,-8.6131,,0.0,0.0,0.0,{'47W000000000230W'},"{'ENTSOE': {'47W000000000230W'}, 'GEM': {'G602211'}, 'JRC': {'JRC-H585'}, 'GPD': {'WRI1002815'}, 'GEO': {'GEO-43939'}}",IE4 7
530,Turlough Hill,Hydro,Pumped Storage,Store,IE,392.0,,1974.0,1974.0,2074.0,53.031,-6.397,6.164383561643835,0.0,0.0,0.0,{'47W0000000001699'},"{'ENTSOE': {'47W0000000001699'}, 'GEM': {'G602213'}, 'JRC': {'JRC-H119'}, 'GPD': {'WRI1002841'}, 'GEO': {'GEO-43943'}}",IE4 5
531,Whitegate Prod,Natural Gas,CCGT,PP,IE,435.0,0.585,2010.0,2010.0,2050.0,51.8161,-8.2511,,0.0,0.0,0.0,{'47W000000000158E'},"{'ENTSOE': {'47W000000000158E'}, 'GEM': {'L100000400335'}, 'GPD': {'WRI1002844'}, 'GEO': {'GEO-43928'}}",IE4 6
532,Tynagh Production,Natural Gas,CCGT,PP,IE,404.0,,2006.0,2006.0,2046.0,53.1658,-8.381,,0.0,0.0,0.0,{'47W000000000172K'},"{'ENTSOE': {'47W000000000172K'}, 'GEM': {'L100000400334'}, 'GPD': {'WRI1002842'}, 'GEO': {'GEO-43934'}}",IE4 7
533,Tawnaghmore Production,Oil,Steam Turbine,PP,IE,104.0,,2003.0,2003.0,2043.0,54.193458,-9.220422,,0.0,0.0,0.0,{'47W000000000163L'},"{'ENTSOE': {'47W000000000163L'}, 'GEM': {'L100000407582'}, 'GPD': {'WRI1002840'}, 'GEO': {'GEO-43937'}}",IE4 1
534,Rhode Island Production,Oil,Steam Turbine,PP,IE,104.0,,2004.0,2004.0,2044.0,53.359139,-7.213056,,0.0,0.0,0.0,{'47W000000000161P'},"{'ENTSOE': {'47W000000000161P'}, 'GEM': {'L100000407583'}, 'GPD': {'WRI1002837'}, 'GEO': {'GEO-43938'}}",IE4 0
535,Huntstown Production,Natural Gas,CCGT,PP,IE,744.0,,2002.0,2005.0,2045.0,53.4119,-6.3261,,0.0,0.0,0.0,{'47W000000000173I'},"{'ENTSOE': {'47W000000000173I'}, 'GEM': {'L100000400328'}, 'GPD': {'WRI1002826', 'WRI1002825'}, 'GEO': {'GEO-43933'}}",IE4 0
536,Dublin Bay Prod 2,Natural Gas,CCGT,PP,IE,405.0,,2002.0,2002.0,2042.0,53.34,-6.2049,,0.0,0.0,0.0,{'47W000000000171M'},"{'ENTSOE': {'47W000000000171M'}, 'GEM': {'L100000400326'}, 'GPD': {'WRI1002821'}, 'GEO': {'GEO-43926'}}",IE4 0
537,Cushaling Production 3,Natural Gas,CCGT,PP,IE,112.0,,2010.0,2010.0,2050.0,53.29034,-7.08705,,0.0,0.0,0.0,{'47W000000000239E'},"{'ENTSOE': {'47W000000000239E'}, 'GEM': {'L100000407711'}, 'GPD': {'WRI1002820'}, 'GEO': {'GEO-43935'}}",IE4 0
538,Aughinish Alumnia Sealrock,Natural Gas,CCGT,CHP,IE,170.0,,2005.0,2005.0,2045.0,52.6324,-9.0596,,0.0,0.0,0.0,{'47W000000000157G'},"{'ENTSOE': {'47W000000000157G'}, 'GEM': {'L100000400332'}, 'GPD': {'WRI1002838'}, 'GEO': {'GEO-43944'}}",IE4 2
539,Aghada Prod 2,Natural Gas,CCGT,PP,IE,678.0,0.26482254697286,1980.0,2008.0,2048.0,51.8347,-8.2362,,0.0,0.0,0.0,{'47W000000000164J'},"{'ENTSOE': {'47W000000000164J'}, 'GEM': {'L100000400322'}, 'GPD': {'WRI1002813', 'WRI1002814'}, 'GEO': {'GEO-43925'}}",IE4 6
540,Lee Production,Hydro,Run-Of-River,PP,IE,27.0,,1951.5,1951.5,2051.5,51.89,-8.61,,0.0,0.0,0.0,{'47W000000000234O'},"{'ENTSOE': {'47W000000000234O'}, 'JRC': {'JRC-H3669'}, 'GPD': {'WRI1002829'}}",IE4 6
541,West Offaly Production,Lignite,,PP,IE,135.0,,2005.0,2005.0,2050.0,53.2735,-8.0403,,0.0,0.0,0.0,{'47W000000000170O'},"{'ENTSOE': {'47W000000000170O'}, 'GPD': {'WRI1002843'}, 'GEO': {'GEO-43932'}}",IE4 7
542,Edenderry Prod,Lignite,,PP,IE,118.0,,2000.0,2000.0,2045.0,53.2902,-7.0845,,0.0,0.0,0.0,{'47W000000000159C'},"{'ENTSOE': {'47W000000000159C'}, 'GPD': {'WRI1002822'}, 'GEO': {'GEO-43936'}}",IE4 0
543,Liffey Production 2,Hydro,Run-Of-River,PP,IE,38.0,,1951.5,1951.5,2051.5,53.1233,-6.5058,,0.0,0.0,0.0,{'47W000000000233Q'},"{'ENTSOE': {'47W000000000233Q'}, 'JRC': {'JRC-H3300'}}",IE4 5
544,Great Island Prod,Natural Gas,CCGT,PP,IE,313.0,,2015.0,2015.0,2055.0,52.281,-6.991,,0.0,0.0,0.0,{'47W000000000160R'},"{'ENTSOE': {'47W000000000160R'}, 'GEM': {'L100000400327'}}",IE4 3
545,Erne Scheme,Hydro,Run-Of-River,PP,IE,65.0,,1951.5,1951.5,2051.5,54.5,-8.19,,0.0,10.0,0.0,{},{'JRC': {'JRC-H3298'}},IE4 4
546,Parteen Weir 2,Hydro,Reservoir,Store,IE,1.0,,1951.5,1951.5,2051.5,52.762083,-8.477083,,465.0,16.0,0.0,{},{'JRC': {'JRC-H2328'}},IE4 7
547,Castlelost Flexgen 4,Natural Gas,CCGT,PP,IE,275.0,,2024.0,2024.0,2064.0,53.3994,-7.3207,,0.0,0.0,0.0,{},{'GEM': {'L100000407818'}},IE4 0
548,Clondalkin 5,Natural Gas,CCGT,PP,IE,120.0,,2024.0,2024.0,2064.0,53.3218,-6.4432,,0.0,0.0,0.0,{},{'GEM': {'L100001000015'}},IE4 0
549,Corduff Flexgen 6,Natural Gas,CCGT,PP,IE,65.0,,2024.0,2024.0,2064.0,53.3911,-6.3748,,0.0,0.0,0.0,{},{'GEM': {'L100000407817'}},IE4 0
550,Dublin Waste To Energy,Bioenergy,Steam Turbine,PP,IE,68.0,,2017.0,2017.0,2037.0,53.3387,-6.2004,,0.0,0.0,0.0,{},{'GEM': {'G200263'}},IE4 0
551,Grange Castle Business Park 7,Natural Gas,CCGT,PP,IE,239.0,,2009.0,2009.0,2049.0,53.32254,-6.44026,,0.0,0.0,0.0,{},{'GEM': {'L100001000017'}},IE4 0
552,Monksland 2,Natural Gas,CCGT,PP,IE,100.0,,2024.0,2024.0,2064.0,53.42285,-7.98857,,0.0,0.0,0.0,{},{'GEM': {'L100000401436'}},IE4 7
553,Ringsend Flexgen 8,Natural Gas,CCGT,PP,IE,65.0,,2024.0,2024.0,2064.0,53.3386840488979,-6.20486172077169,,0.0,0.0,0.0,{},{'GEM': {'L100001000719'}},IE4 0
554,Shannonbridge 3,Natural Gas,CCGT,PP,IE,264.0,,2024.0,2024.0,2064.0,53.2723,-8.0393,,0.0,0.0,0.0,{},{'GEM': {'L100001000154'}},IE4 7
555,Esbjerg,Hard Coal,Steam Turbine,PP,DK,375.22834132121193,,1992.0,1992.0,2024.0,55.4551,8.4578,,0.0,0.0,0.0,{'45W000000000017P'},"{'BEYONDCOAL': {'BEYOND-DK-5'}, 'ENTSOE': {'45W000000000017P'}, 'GEM': {'G100000102679'}, 'OPSD': {'OEU-5167'}, 'GPD': {'WRI1022035'}}",DK1 1
556,Nordjylland,Hard Coal,Steam Turbine,CHP,DK,378.9160891474646,,1977.0,1977.0,2028.0,57.0776,10.0404,,0.0,0.0,0.0,{'45W000000000016R'},"{'BEYONDCOAL': {'BEYOND-DK-19'}, 'ENTSOE': {'45W000000000016R'}, 'GEM': {'G100000107496', 'G100000107495'}, 'GPD': {'WRI1022029'}, 'GEO': {'GEO-44223'}}",DK1 2
557,Fyns,Hard Coal,Steam Turbine,CHP,DK,333.7411782758691,,1974.0,1974.0,2024.0,55.4294,10.4102,,0.0,0.0,0.0,{'45W000000000014V'},"{'BEYONDCOAL': {'BEYOND-DK-14'}, 'ENTSOE': {'45W000000000014V'}, 'GEM': {'G100000102874', 'G100000102873'}, 'GPD': {'WRI1022032'}, 'GEO': {'GEO-44224'}}",DK1 0
558,Orsted,Natural Gas,CCGT,CHP,DK,340.0,,1984.0,2004.0,2044.0,55.6536865,12.545196,,0.0,0.0,0.0,{},"{'GEM': {'L100000400070', 'L100000408017'}, 'OPSD': {'OEU-5170', 'OEU-5171'}, 'GPD': {'WRI1022043'}, 'GEO': {'GEO-44235'}}",DK2 0
559,Studstrup,Hard Coal,Steam Turbine,CHP,DK,730.0,,1984.0,1984.0,2024.0,56.2515,10.3438,,0.0,0.0,0.0,{'45W000000000015T'},"{'BEYONDCOAL': {'BEYOND-DK-17'}, 'ENTSOE': {'45W000000000015T'}, 'GEM': {'G100000109638', 'G100000109639'}, 'GEO': {'GEO-44220'}}",DK1 4
560,Skaerbaekvaerket,Natural Gas,CCGT,CHP,DK,392.0,0.49,1997.0,1997.0,2037.0,55.51132,9.61331,,0.0,0.0,0.0,{'45W0000000000110'},"{'ENTSOE': {'45W0000000000110'}, 'OPSD': {'OEU-5181'}, 'GEO': {'GEO-44237'}}",DK1 1
561,Silkeborgvaerket,Natural Gas,CCGT,CHP,DK,108.2,,1995.0,1995.0,2035.0,56.201,9.558,,0.0,0.0,0.0,{'45W000000000112V'},"{'ENTSOE': {'45W000000000112V'}, 'GEM': {'L100000400073'}}",DK1 3
562,Fyns,Bioenergy,Steam Turbine,PP,DK,35.0,,2009.0,2009.0,2029.0,55.4278,10.4052,,0.0,0.0,0.0,{},"{'GEM': {'G201363'}, 'OPSD': {'OEU-5169'}}",DK1 0
563,Amager,Bioenergy,Steam Turbine,PP,DK,281.0,,1971.0,2009.0,2029.0,55.6856,12.6247,,0.0,0.0,0.0,{},"{'GEM': {'G200243', 'G100139', 'G200242'}, 'OPSD': {'OEU-5162'}}",DK2 0
564,Amagervaerket,Hard Coal,,PP,DK,479.0,,1979.0,1979.0,2024.0,55.6837425,12.6244164,,0.0,0.0,0.0,{'45W000000000013X'},{'ENTSOE': {'45W000000000013X'}},DK2 0
565,Asnaesvaerket,Hard Coal,,PP,DK,787.0,,1979.0,1979.0,2024.0,55.6606658,11.0845619,,0.0,0.0,0.0,{'45W000000000012Z'},{'ENTSOE': {'45W000000000012Z'}},DK2 2
566,Akzo Mariager,Natural Gas,CCGT,CHP,DK,25.0,,1999.0,1999.0,2039.0,56.681337,10.042186,,0.0,0.0,0.0,{},{'GEM': {'L100000407843'}},DK1 2
567,Asnaes,Bioenergy,Steam Turbine,PP,DK,30.0,,2019.0,2019.0,2039.0,55.6606,11.0846,,0.0,0.0,0.0,{},{'GEM': {'G201360'}},DK2 2
568,Avedore 2,Natural Gas,CCGT,CHP,DK,585.0,,2001.0,2001.0,2041.0,55.60216,12.479064,,0.0,0.0,0.0,{},{'GEM': {'L100000101815'}},DK2 0
569,Dtu Cogeneration 3,Natural Gas,CCGT,CHP,DK,38.0,,1998.0,1998.0,2038.0,55.78469,12.52276,,0.0,0.0,0.0,{},{'GEM': {'L100000400067'}},DK2 0
570,Esbjerg Reserve 2,Natural Gas,CCGT,PP,DK,25.0,,2005.0,2005.0,2045.0,55.46181,8.46562,,0.0,0.0,0.0,{},{'GEM': {'L100000400068'}},DK1 1
571,Grenaa Reserve,Natural Gas,CCGT,PP,DK,25.0,,2008.0,2008.0,2048.0,56.42181,10.89476,,0.0,0.0,0.0,{},{'GEM': {'L100000400069'}},DK1 4
572,Hillerod,Natural Gas,CCGT,CHP,DK,75.0,,1991.0,1991.0,2031.0,55.90676,12.31205,,0.0,0.0,0.0,{},{'GEM': {'L100000400071'}},DK2 4
573,Hjorring Cogeneration 2,Natural Gas,CCGT,CHP,DK,59.0,,1996.0,1996.0,2036.0,57.46417,9.98229,,0.0,0.0,0.0,{},{'GEM': {'L100000400072'}},DK1 2
574,Horsens 2,Natural Gas,CCGT,CHP,DK,34.0,,1991.0,1991.0,2031.0,55.851905,9.857664,,0.0,0.0,0.0,{},{'GEM': {'L100000407844'}},DK1 4
575,Lisbjerg,Bioenergy,Steam Turbine,PP,DK,37.0,,2017.0,2017.0,2037.0,56.2282,10.1577,,0.0,0.0,0.0,{},{'GEM': {'G200294'}},DK1 4
576,Sonderborg Kraftvarmevaerk Chp,Natural Gas,CCGT,CHP,DK,52.0,,1996.75,1996.75,2036.75,54.930277,9.781908,,0.0,0.0,0.0,{},{'GEM': {'L100000407356'}},DK1 0
577,Viborg 2,Natural Gas,CCGT,CHP,DK,55.0,,1996.0,1996.0,2036.0,56.47377,9.41262,,0.0,0.0,0.0,{},{'GEM': {'L100000400074'}},DK1 3
578,Alta Krv,Hydro,Reservoir,Store,NO,165.0,,1987.0,1987.0,2087.0,69.7049,23.8185,389.7,0.0,0.0,0.0,{'50WP00000000006N'},"{'ENTSOE': {'50WP00000000006N'}, 'GEM': {'G602917'}, 'JRC': {'JRC-N3'}, 'OPSD': {'OEU-3112'}, 'GEO': {'GEO-45724'}}",NO5 1
579,Kobbelv 2,Hydro,Reservoir,Store,NO,300.0,,1987.0,1987.0,2087.0,67.6215,16.0071,7070.04,0.0,0.0,0.0,{'50WP00000000366U'},"{'ENTSOE': {'50WP00000000366U'}, 'GEM': {'G602959'}, 'JRC': {'JRC-N206'}, 'OPSD': {'OEU-3797'}, 'GEO': {'GEO-45734'}}",NO5 1
580,Skjomen 3,Hydro,Reservoir,Store,NO,300.0,,1972.0,1973.0,2073.0,68.201,17.3658,1884.96,0.0,0.0,0.0,{'50WP00000000633X'},"{'ENTSOE': {'50WP00000000633X'}, 'GEM': {'G603001'}, 'JRC': {'JRC-N380'}, 'OPSD': {'OEU-4311'}, 'GEO': {'GEO-45731'}}",NO5 1
581,Straumsmo 4,Hydro,Reservoir,Store,NO,130.0,,1965.0,1966.0,2066.0,68.7408,18.6433,14.68615384615385,0.0,0.0,0.0,{'50WP00000000680O'},"{'ENTSOE': {'50WP00000000680O'}, 'GEM': {'G603010'}, 'JRC': {'JRC-N404'}, 'OPSD': {'OEU-4408'}, 'GEO': {'GEO-45727'}}",NO5 1
582,Svartisen,Hydro,Reservoir,Store,NO,720.0,,1993.0,2011.0,2111.0,66.7295,13.9144,8116.39,0.0,0.0,0.0,{'50WP00000000695B'},"{'ENTSOE': {'50WP00000000695B'}, 'GEM': {'G603015'}, 'JRC': {'JRC-N542'}, 'OPSD': {'OEU-4442'}, 'GEO': {'GEO-45740'}}",NO5 4
583,Jostedal,Hydro,Reservoir,Store,NO,290.0,,1989.0,1989.0,2089.0,61.5207,7.3089,4770.770833333333,0.0,0.0,0.0,{'50WP000000003281'},"{'ENTSOE': {'50WP000000003281'}, 'GEM': {'G602956'}, 'JRC': {'JRC-N547'}, 'OPSD': {'OEU-3729'}}",NO5 2
584,Kolsvik 2,Hydro,Reservoir,Store,NO,128.0,,1979.0,1979.0,2079.0,65.2091,12.7969,1707.5953125,0.0,0.0,0.0,{'50WP00000000368Q'},"{'ENTSOE': {'50WP00000000368Q'}, 'GEM': {'G602960'}, 'JRC': {'JRC-N209'}, 'OPSD': {'OEU-3800'}}",NO5 4
585,Kvilldal 2,Hydro,Reservoir,Store,NO,1240.0,,1981.0,1981.0,2081.0,59.5283,6.6544,308.8525322580645,0.0,0.0,0.0,{'50WP00000000389I'},"{'ENTSOE': {'50WP00000000389I'}, 'GEM': {'G602961'}, 'JRC': {'JRC-N222'}, 'OPSD': {'OEU-3843'}}",NO5 2
586,Lang Sima 3,Hydro,Reservoir,Store,NO,580.0,,1944.0,1980.0,2080.0,60.4997,7.142,1020.68,0.0,0.0,0.0,{'50WP000000008783'},"{'ENTSOE': {'50WP000000008783'}, 'GEM': {'G602964'}, 'JRC': {'JRC-N231'}, 'OPSD': {'OEU-3874', 'OEU-3873'}}",NO5 2
587,Leirdola 4,Hydro,Reservoir,Store,NO,115.0,,1978.0,1978.0,2078.0,61.437,7.2348,1519.408,0.0,0.0,0.0,{'50WP00000000411E'},"{'ENTSOE': {'50WP00000000411E'}, 'GEM': {'G602966'}, 'JRC': {'JRC-N242'}, 'OPSD': {'OEU-3891'}}",NO5 2
588,Lomi 5,Hydro,Reservoir,Store,NO,120.0,,1979.0,1979.0,2079.0,67.1208,16.1208,5255.110169491525,0.0,0.0,0.0,{'50WP00000000429W'},"{'ENTSOE': {'50WP00000000429W'}, 'GEM': {'G602967'}, 'JRC': {'JRC-N252'}, 'OPSD': {'OEU-3923'}}",NO5 1
589,Lysebotn 5,Hydro,Reservoir,Store,NO,228.0,,1941.0,1953.0,2053.0,59.0586,6.6252,2574.1297297297297,0.0,0.0,0.0,{'50WP00000000437X'},"{'ENTSOE': {'50WP00000000437X'}, 'GEM': {'G602969', 'G602968'}, 'JRC': {'JRC-N1899'}, 'OPSD': {'OEU-3936', 'OEU-3935'}}",NO5 2
590,Mar,Hydro,Reservoir,Store,NO,185.0,,1948.0,1948.0,2048.0,59.8843,8.6765,2630.04,0.0,0.0,0.0,{'50WP00000000484O'},"{'ENTSOE': {'50WP00000000484O'}, 'GEM': {'G602970'}, 'JRC': {'JRC-N288'}, 'OPSD': {'OEU-4034'}}",NO5 0
591,Matre 6,Hydro,Reservoir,Store,NO,150.0,,1957.0,2006.0,2106.0,60.87185,5.5943000000000005,574.8027272727273,0.0,0.0,0.0,{'50WP00000000447U'},"{'ENTSOE': {'50WP00000000447U'}, 'GEM': {'G602971', 'G602972'}, 'JRC': {'JRC-N263', 'JRC-N264'}, 'OPSD': {'OEU-3958', 'OEU-4713', 'OEU-3957'}}",NO5 2
592,Mauranger 7,Hydro,Reservoir,Store,NO,256.0,,1974.0,1974.0,2074.0,60.1275,6.3376,684.4092,0.0,0.0,0.0,{'50WP000000004512'},"{'ENTSOE': {'50WP000000004512'}, 'GEM': {'G602973'}, 'JRC': {'JRC-N266'}, 'OPSD': {'OEU-3961'}}",NO5 2
593,Naddvik 8,Hydro,Reservoir,Store,NO,112.0,,1987.0,1987.0,2087.0,61.1767,7.6272,653.8017857142856,0.0,0.0,0.0,{'50WP00000000488G'},"{'ENTSOE': {'50WP00000000488G'}, 'GEM': {'G602976'}, 'JRC': {'JRC-N290'}, 'OPSD': {'OEU-4037'}}",NO5 2
594,Nea,Hydro,Reservoir,Store,NO,222.0,,1960.0,1960.0,2060.0,63.032,11.7032,191.9542857142857,0.0,0.0,0.0,{'50WP00000000494L'},"{'ENTSOE': {'50WP00000000494L'}, 'GEM': {'G602977'}, 'JRC': {'JRC-N291'}, 'OPSD': {'OEU-4041'}}",NO5 3
595,Nedre Rossaga 3,Hydro,Reservoir,Store,NO,350.0,,1955.0,1955.0,2055.0,66.0522,13.7738,31.97428571428571,0.0,0.0,0.0,{'50WP00000000498D'},"{'ENTSOE': {'50WP00000000498D'}, 'GEM': {'G602979'}, 'JRC': {'JRC-N298'}, 'OPSD': {'OEU-4053'}}",NO5 4
596,Nedre Vinstra 2,Hydro,Reservoir,Store,NO,344.0,,1953.0,1953.0,2053.0,61.5645,9.7928,107.94123376623376,0.0,0.0,0.0,{'50WP000000005039'},"{'ENTSOE': {'50WP000000005039'}, 'GEM': {'G602980'}, 'JRC': {'JRC-N302'}, 'OPSD': {'OEU-4058'}}",NO5 3
597,Nes Oek 2,Hydro,Reservoir,Store,NO,260.0,,1967.0,1967.0,2067.0,60.606,9.0698,,0.0,0.0,0.0,{'50WPI00000005085'},"{'ENTSOE': {'50WPI00000005085'}, 'GEM': {'G602981'}, 'JRC': {'JRC-N303'}, 'OPSD': {'OEU-4061'}}",NO5 0
598,Nore 3,Hydro,Reservoir,Store,NO,206.0,,1928.0,1946.0,2046.0,60.2671,8.9593,1084.651162790698,0.0,0.0,0.0,{'50WP00000000517Z'},"{'ENTSOE': {'50WP00000000517Z'}, 'GEM': {'G602983'}, 'JRC': {'JRC-N311', 'JRC-N310'}, 'OPSD': {'OEU-4084', 'OEU-4085'}}",NO5 0
599,Oksla 9,Hydro,Reservoir,Store,NO,220.0,,1980.0,1980.0,2080.0,60.1259,6.569,2206.514563106796,0.0,0.0,0.0,{'50WP000000005330'},"{'ENTSOE': {'50WP000000005330'}, 'GEM': {'G602984'}, 'JRC': {'JRC-N317'}, 'OPSD': {'OEU-4112'}}",NO5 2
600,Ovre Rossaga 4,Hydro,Reservoir,Store,NO,159.0,,1961.0,1961.0,2061.0,65.887,13.8006,4576.954285714286,0.0,0.0,0.0,{'50WP00000000848C'},"{'ENTSOE': {'50WP00000000848C'}, 'GEM': {'G602986'}, 'JRC': {'JRC-N520'}, 'OPSD': {'OEU-4739'}}",NO5 4
601,Ovre Vinstra 3,Hydro,Reservoir,Store,NO,140.0,,1959.0,1959.0,2059.0,61.4796,9.3082,3106.697142857143,0.0,0.0,0.0,{'50WP00000000852L'},"{'ENTSOE': {'50WP00000000852L'}, 'GEM': {'G602987'}, 'JRC': {'JRC-N523'}, 'OPSD': {'OEU-4742'}}",NO5 3
602,Oyberget 4,Hydro,Reservoir,Store,NO,104.0,,2005.0,2005.0,2105.0,61.9216,8.0905,2.0396984924623114,0.0,0.0,0.0,{'50WP00000000854H'},"{'ENTSOE': {'50WP00000000854H'}, 'GEM': {'G602988'}, 'JRC': {'JRC-N828'}, 'OPSD': {'OEU-4746'}}",NO5 3
603,Rana 5,Hydro,Reservoir,Store,NO,500.0,,1968.0,1982.0,2082.0,66.2949,14.2705,4894.8,0.0,0.0,0.0,{'50WP00000000552X'},"{'ENTSOE': {'50WP00000000552X'}, 'GEM': {'G602989'}, 'JRC': {'JRC-N330'}, 'OPSD': {'OEU-3484', 'OEU-4148'}}",NO5 4
604,Myster 10,Hydro,Reservoir,Store,NO,110.0,,1987.0,1987.0,2087.0,60.7385,5.8069,,0.0,0.0,0.0,{'50WP00000000480W'},"{'ENTSOE': {'50WP00000000480W'}, 'GEM': {'G602975'}, 'JRC': {'JRC-N283'}, 'OPSD': {'OEU-4019'}}",NO5 2
605,Ana Sira 11,Hydro,Reservoir,Store,NO,150.0,,1971.0,2019.0,2119.0,58.2951,6.4532,114.70000000000005,0.0,0.0,0.0,{'50WP00000000863G'},"{'ENTSOE': {'50WP00000000863G'}, 'GEM': {'G602918'}, 'JRC': {'JRC-N528'}, 'OPSD': {'OEU-3114', 'OEU-4764'}}",NO5 2
606,Askara 12,Hydro,Reservoir,Store,NO,133.0,,1970.0,1973.0,2073.0,61.8118,5.6617,2090.5779527559057,0.0,0.0,0.0,{'50WP00000000872F'},"{'ENTSOE': {'50WP00000000872F'}, 'GEM': {'G602920'}, 'JRC': {'JRC-N499', 'JRC-N14'}, 'OPSD': {'OEU-4778', 'OEU-4777'}}",NO5 2
607,Aura 5,Hydro,Reservoir,Store,NO,283.0,,1953.0,1955.0,2055.0,62.6648,8.5211,280.7637931034483,0.0,0.0,0.0,{'50WP00000000017I'},"{'ENTSOE': {'50WP00000000017I'}, 'GEM': {'G602921'}, 'JRC': {'JRC-N9'}, 'OPSD': {'OEU-3125'}}",NO5 3
608,Aurland 13,Hydro,Reservoir,Store,NO,1273.0,,1973.0,1983.0,2083.0,60.8627,7.3019,478.9952380952381,0.0,0.0,0.0,"{'50WP00000000020T', '50WP00000000022P', '50WP00000000023N'}","{'ENTSOE': {'50WP00000000020T', '50WP00000000022P', '50WP00000000023N'}, 'GEM': {'G602922'}, 'JRC': {'JRC-N10'}, 'OPSD': {'OEU-3131', 'OEU-3127', 'OEU-3128', 'OEU-3130', 'OEU-3129'}}",NO5 2
609,Bjolvo 14,Hydro,Reservoir,Store,NO,103.2,,1918.0,2003.0,2103.0,60.4324,6.4201,1967.4899193548383,0.0,0.0,0.0,{'50WP00000000052G'},"{'ENTSOE': {'50WP00000000052G'}, 'GEM': {'G602926'}, 'JRC': {'JRC-N26'}, 'OPSD': {'OEU-3174'}}",NO5 2
610,Blafal 15,Hydro,Reservoir,Store,NO,353.0,,1952.0,2011.0,2111.0,59.844,5.9957,91.35304347826089,0.0,0.0,0.0,"{'50WP00000000063B', '50WP000000000592'}","{'ENTSOE': {'50WP00000000063B', '50WP000000000592'}, 'GEM': {'G602928'}, 'JRC': {'JRC-N1334'}, 'OPSD': {'OEU-4678', 'OEU-4681', 'OEU-3196', 'OEU-4680', 'OEU-4679'}}",NO5 2
611,Borgund 4,Hydro,Reservoir,Store,NO,212.0,,1974.0,1974.0,2074.0,59.2984,11.0604,741.0099056603775,0.0,0.0,0.0,{'50WP000000000673'},"{'ENTSOE': {'50WP000000000673'}, 'GEM': {'G602929'}, 'JRC': {'JRC-N35'}, 'OPSD': {'OEU-3205'}}",NO5 0
612,Hylen 16,Hydro,Reservoir,Store,NO,160.0,,1980.0,1980.0,2080.0,59.5601,6.602,45.37500000000001,0.0,0.0,0.0,{'50WP00000000299J'},"{'ENTSOE': {'50WP00000000299J'}, 'GEM': {'G602954'}, 'JRC': {'JRC-N167'}, 'OPSD': {'OEU-3684'}}",NO5 2
613,Brokke 17,Hydro,Reservoir,Store,NO,379.0,,1964.0,1964.0,2064.0,59.1316,7.5157,604.5575757575758,0.0,0.0,0.0,{'50WP000000000827'},"{'ENTSOE': {'50WP000000000827'}, 'GEM': {'G602932'}, 'JRC': {'JRC-N45'}, 'OPSD': {'OEU-3233'}}",NO5 2
614,Dale 18,Hydro,Reservoir,Store,NO,144.0,,1990.0,2010.0,2110.0,60.5817,5.8139,7.936000000000001,0.0,0.0,0.0,{'50WP00000000100V'},"{'ENTSOE': {'50WP00000000100V'}, 'GEM': {'G602933'}, 'JRC': {'JRC-N56'}, 'OPSD': {'OEU-3282', 'OEU-3275', 'OEU-3277', 'OEU-3276'}}",NO5 2
615,Driva 6,Hydro,Reservoir,Store,NO,144.0,,1973.0,2008.0,2108.0,62.6272,8.8939,2592.0,0.0,0.0,0.0,{'50WP00000000118C'},"{'ENTSOE': {'50WP00000000118C'}, 'GEM': {'G602934'}, 'JRC': {'JRC-N63'}, 'OPSD': {'OEU-3306', 'OEU-3305'}}",NO5 3
616,Duge 19,Hydro,Reservoir,Store,NO,200.0,,1979.0,1979.0,2079.0,59.1289,6.8922,3885.000000000001,0.0,0.0,0.0,{'50WP00000000119A'},"{'ENTSOE': {'50WP00000000119A'}, 'GEM': {'G602935'}, 'JRC': {'JRC-N64'}, 'OPSD': {'OEU-3308'}}",NO5 2
617,Evanger 20,Hydro,Reservoir,Store,NO,330.0,,1969.0,1969.0,2069.0,60.6622,6.1188,1714.3272727272729,0.0,0.0,0.0,{'50WP00000000144B'},"{'ENTSOE': {'50WP00000000144B'}, 'GEM': {'G602937'}, 'JRC': {'JRC-N77'}, 'OPSD': {'OEU-3358'}}",NO5 2
618,Finndola 21,Hydro,Reservoir,Store,NO,108.0,,1972.0,1972.0,2072.0,59.1869,8.0398,818.211111111111,0.0,0.0,0.0,{'50WP000000001653'},"{'ENTSOE': {'50WP000000001653'}, 'GEM': {'G602938'}, 'JRC': {'JRC-N82'}, 'OPSD': {'OEU-3373'}}",NO5 2
619,Grytten Kraftver 7,Hydro,Reservoir,Store,NO,143.5,,1975.0,2018.0,2118.0,62.5007,7.7761,2484.2620209059232,0.0,0.0,0.0,{'50WP000000002293'},"{'ENTSOE': {'50WP000000002293'}, 'GEM': {'G602943'}, 'JRC': {'JRC-N116'}, 'OPSD': {'OEU-3500', 'OEU-3508', 'OEU-3501', 'OEU-3507'}}",NO5 3
620,Hemsil 5,Hydro,Reservoir,Store,NO,110.0,,1960.0,1960.0,2060.0,60.7049,8.9694,,0.0,0.0,0.0,{'50WP000000002633'},"{'ENTSOE': {'50WP000000002633'}, 'GEM': {'G602946'}, 'JRC': {'JRC-N142'}, 'OPSD': {'OEU-3609', 'OEU-3608'}}",NO5 0
621,Hjartdola 6,Hydro,Reservoir,Store,NO,120.0,,1958.0,1958.0,2058.0,59.6081,8.7132,1029.8,0.0,0.0,0.0,{'50WP000000002706'},"{'ENTSOE': {'50WP000000002706'}, 'GEM': {'G602948'}, 'JRC': {'JRC-N147'}, 'OPSD': {'OEU-3623'}}",NO5 0
622,Hol 22,Hydro,Reservoir,Store,NO,230.0,,1949.0,1958.0,2058.0,60.6267,8.1821,3357.356504065041,0.0,0.0,0.0,{'50WP00000000278R'},"{'ENTSOE': {'50WP00000000278R'}, 'GEM': {'G602949'}, 'JRC': {'JRC-N155', 'JRC-N156', 'JRC-N154'}, 'OPSD': {'OEU-3640', 'OEU-3639', 'OEU-3638'}}",NO5 2
623,Holen 23,Hydro,Reservoir,Store,NO,415.0,,1981.0,2019.0,2119.0,59.3465,7.2483,2971.250769230769,0.0,0.0,0.0,{'50WP000000002811'},"{'ENTSOE': {'50WP000000002811'}, 'GEM': {'G602951', 'G602950'}, 'JRC': {'JRC-N373', 'JRC-N158'}, 'OPSD': {'OEU-3643', 'OEU-3644', 'OEU-3651', 'OEU-3645'}}",NO5 2
624,Bratsberg 8,Hydro,Reservoir,Store,NO,132.0,,1977.0,2018.0,2118.0,63.3525,10.4378,969.9806451612905,0.0,0.0,0.0,{'50WP000000000754'},"{'ENTSOE': {'50WP000000000754'}, 'GEM': {'G602930'}, 'JRC': {'JRC-N38'}, 'OPSD': {'OEU-3242', 'OEU-3213'}}",NO5 3
625,Tyin 9,Hydro,Reservoir,Store,NO,390.0,,2004.0,2004.0,2104.0,61.297,7.8501,2380.351871657754,0.0,0.0,0.0,{'50WP00000000771L'},"{'ENTSOE': {'50WP00000000771L'}, 'GEM': {'G603028'}, 'JRC': {'JRC-N815'}, 'OPSD': {'OEU-4583'}}",NO5 3
626,Tysso 24,Hydro,Reservoir,Store,NO,220.0,,1967.0,1967.0,2067.0,60.1298,6.6421,2652.1535714285715,0.0,0.0,0.0,{'50WP00000000775D'},"{'ENTSOE': {'50WP00000000775D'}, 'GEM': {'G603029'}, 'JRC': {'JRC-N470'}, 'OPSD': {'OEU-4591'}}",NO5 2
627,Usta 7,Hydro,Reservoir,Store,NO,186.2,,1965.0,1965.0,2065.0,60.5747,8.4096,2516.25,0.0,0.0,0.0,{'50WP00000000785A'},"{'ENTSOE': {'50WP00000000785A'}, 'GEM': {'G603030'}, 'JRC': {'JRC-N480'}, 'OPSD': {'OEU-4617'}}",NO5 0
628,Vemork 8,Hydro,Reservoir,Store,NO,204.0,,1971.0,1971.0,2071.0,59.8694,8.4939,5.133333333333333,0.0,0.0,0.0,{'50WP00000000807Q'},"{'ENTSOE': {'50WP00000000807Q'}, 'GEM': {'G602982'}, 'JRC': {'JRC-N493'}, 'OPSD': {'OEU-4660'}}",NO5 0
629,Vinje 25,Hydro,Reservoir,Store,NO,309.0,,1964.0,1964.0,2064.0,59.6253,7.8533,516.096,0.0,0.0,0.0,{'50WP00000000822U'},"{'ENTSOE': {'50WP00000000822U'}, 'GEM': {'G603033'}, 'JRC': {'JRC-N503'}, 'OPSD': {'OEU-4690'}}",NO5 2
630,Rendal 9,Hydro,Reservoir,Store,NO,114.0,,1971.0,1971.0,2071.0,61.8118,11.1184,,0.0,0.0,0.0,{'50WP00000000565O'},"{'ENTSOE': {'50WP00000000565O'}, 'GEM': {'G602992', 'G602993'}, 'JRC': {'JRC-N336'}, 'OPSD': {'OEU-4170'}}",NO5 0
631,Roldal 26,Hydro,Reservoir,Store,NO,160.0,,1966.0,1966.0,2066.0,59.8185,6.8187,1492.3072289156626,0.0,0.0,0.0,{'50WP00000000585I'},"{'ENTSOE': {'50WP00000000585I'}, 'GEM': {'G602994'}, 'JRC': {'JRC-N346'}, 'OPSD': {'OEU-4216'}}",NO5 2
632,Saurdal 27,Hydro,Reservoir,Store,NO,640.0,,1985.0,1985.0,2085.0,59.4791,6.6924,4988.925000000001,0.0,0.0,0.0,{'50WP00000000607Y'},"{'ENTSOE': {'50WP00000000607Y'}, 'GEM': {'G602998'}, 'JRC': {'JRC-N362'}, 'OPSD': {'OEU-4265'}}",NO5 2
633,Siso 6,Hydro,Reservoir,Store,NO,180.0,,1968.0,1968.0,2068.0,67.323,15.7224,4510.535555555556,0.0,0.0,0.0,{'50WP00000000617V'},"{'ENTSOE': {'50WP00000000617V'}, 'GEM': {'G602999'}, 'JRC': {'JRC-N366'}, 'OPSD': {'OEU-4286'}}",NO5 1
634,Skjerka 28,Hydro,Reservoir,Store,NO,104.0,,1997.0,1997.0,2097.0,58.5579,7.3671,1122.4019845111327,0.0,0.0,0.0,{'50WP00000000632Z'},"{'ENTSOE': {'50WP00000000632Z'}, 'GEM': {'G603000'}, 'JRC': {'JRC-N761'}, 'OPSD': {'OEU-4310'}}",NO5 2
635,Solberg 10,Hydro,Run-Of-River,Store,NO,210.5,,1924.0,1924.0,2024.0,59.6369,11.1546,36.29145728643216,0.0,0.0,0.0,"{'50WP00000000651V', '50WP00000000650X'}","{'ENTSOE': {'50WP00000000651V', '50WP00000000650X'}, 'GEM': {'G603004', 'G603003'}, 'JRC': {'JRC-N776'}, 'OPSD': {'OEU-4357'}}",NO5 0
636,Solhom 29,Hydro,Reservoir,Store,NO,200.0,,1974.0,1974.0,2074.0,58.7746,7.0106,848.7360000000001,0.0,0.0,0.0,{'50WP00000000653R'},"{'ENTSOE': {'50WP00000000653R'}, 'GEM': {'G603005'}, 'JRC': {'JRC-N396'}, 'OPSD': {'OEU-4359'}}",NO5 2
637,Songa 30,Hydro,Reservoir,Store,NO,136.0,,1964.0,1964.0,2064.0,59.7776,7.726,4000.0,0.0,0.0,0.0,{'50WP00000000654P'},"{'ENTSOE': {'50WP00000000654P'}, 'GEM': {'G603006'}, 'JRC': {'JRC-N397'}, 'OPSD': {'OEU-4361'}}",NO5 2
638,Sonna 31,Hydro,Reservoir,Store,NO,275.0,,2008.0,2008.0,2108.0,59.6398,6.3797,202.6111313204802,0.0,0.0,0.0,{'50WP00000000718P'},"{'ENTSOE': {'50WP00000000718P'}, 'GEM': {'G603007'}, 'JRC': {'JRC-N1422', 'JRC-N1421'}, 'OPSD': {'OEU-4477', 'OEU-4476'}}",NO5 2
639,Steinsfoss 32,Hydro,Reservoir,Store,NO,115.0,,1957.0,1957.0,2057.0,58.3001,7.9676,,0.0,0.0,0.0,{'50WP00000000665K'},"{'ENTSOE': {'50WP00000000665K'}, 'GEM': {'G603008'}, 'JRC': {'JRC-N399'}, 'OPSD': {'OEU-4376'}}",NO5 2
640,Steinsland 33,Hydro,Reservoir,Store,NO,170.0,,1981.0,1981.0,2081.0,60.9232,5.9852,288.67764705882354,0.0,0.0,0.0,{'50WP00000000667G'},"{'ENTSOE': {'50WP00000000667G'}, 'GEM': {'G603009'}, 'JRC': {'JRC-N400'}, 'OPSD': {'OEU-4377'}}",NO5 2
641,Tunnsjodal 6,Hydro,Reservoir,Store,NO,171.2,,1963.0,1963.0,2063.0,64.7044,12.8356,40.18181818181819,0.0,0.0,0.0,{'50WP00000000763K'},"{'ENTSOE': {'50WP00000000763K'}, 'GEM': {'G603027'}, 'JRC': {'JRC-N458'}, 'OPSD': {'OEU-4560', 'OEU-4559'}}",NO5 4
642,Sundsfjord 7,Hydro,Reservoir,Store,NO,102.0,,1961.0,1961.0,2061.0,66.9714,14.151,2136.3125,0.0,0.0,0.0,{'50WP000000006888'},"{'ENTSOE': {'50WP000000006888'}, 'GEM': {'G603014'}, 'JRC': {'JRC-N411'}, 'OPSD': {'OEU-4431'}}",NO5 4
643,Svelgen 34,Hydro,Reservoir,Store,NO,140.2,,1921.0,1973.0,2073.0,61.771,5.2979,2505.9818388195235,0.0,0.0,0.0,{'50WP000000007007'},"{'ENTSOE': {'50WP000000007007'}, 'GEM': {'G603016'}, 'JRC': {'JRC-N416', 'JRC-N417', 'JRC-N418'}, 'OPSD': {'OEU-4452', 'OEU-4453', 'OEU-4450', 'OEU-4451'}}",NO5 2
644,Sy Sima 35,Hydro,Reservoir,Store,NO,720.0,,1981.0,1981.0,2081.0,60.5068,7.1411,1649.5452580645162,0.0,0.0,0.0,{'50WP000000008791'},"{'ENTSOE': {'50WP000000008791'}, 'GEM': {'G603018'}, 'JRC': {'JRC-N423'}, 'OPSD': {'OEU-4463'}}",NO5 2
645,Tafjord 10,Hydro,Reservoir,Store,NO,113.0,,1923.0,2013.0,2113.0,62.2319,7.4231,1540.7130124777184,0.0,0.0,0.0,{'50WP00000000729K'},"{'ENTSOE': {'50WP00000000729K'}, 'GEM': {'G603019'}, 'JRC': {'JRC-N434', 'JRC-N431'}, 'OPSD': {'OEU-4497', 'OEU-4492', 'OEU-4496', 'OEU-4494', 'OEU-4493', 'OEU-4495', 'OEU-4499', 'OEU-4500'}}",NO5 3
646,Tjodan 36,Hydro,Reservoir,Store,NO,113.0,,1984.0,1984.0,2084.0,59.0478,6.6477,1776.8727272727276,0.0,0.0,0.0,{'50WP00000000741U'},"{'ENTSOE': {'50WP00000000741U'}, 'GEM': {'G603021'}, 'JRC': {'JRC-N442'}, 'OPSD': {'OEU-4520'}}",NO5 2
647,Tjorhom 37,Hydro,Reservoir,Store,NO,120.0,,1973.0,1973.0,2073.0,58.8813,6.8178,2872.3716666666664,0.0,0.0,0.0,{'50WP00000000743Q'},"{'ENTSOE': {'50WP00000000743Q'}, 'GEM': {'G603022'}, 'JRC': {'JRC-N445'}, 'OPSD': {'OEU-4524'}}",NO5 2
648,Tokke 38,Hydro,Reservoir,Store,NO,440.0,,1961.0,1961.0,2061.0,59.448,8.0387,24.30139534883721,0.0,0.0,0.0,{'50WP00000000745M'},"{'ENTSOE': {'50WP00000000745M'}, 'GEM': {'G603023'}, 'JRC': {'JRC-N446'}, 'OPSD': {'OEU-4530'}}",NO5 2
649,Tonstad 39,Hydro,Reservoir,Store,NO,960.0,,1968.0,2012.0,2112.0,58.6593,6.717,76.91654166666667,0.0,0.0,0.0,{'50WP00000000747I'},"{'ENTSOE': {'50WP00000000747I'}, 'GEM': {'G603024'}, 'JRC': {'JRC-N448'}, 'OPSD': {'OEU-4552', 'OEU-4532'}}",NO5 2
650,Torpa 11,Hydro,Reservoir,Store,NO,164.0,,1989.0,1989.0,2089.0,61.0065,10.0318,1778.3333333333333,0.0,0.0,0.0,{'50WP00000000749E'},"{'ENTSOE': {'50WP00000000749E'}, 'GEM': {'G603025'}, 'JRC': {'JRC-N558'}, 'OPSD': {'OEU-4535'}}",NO5 0
651,Trollheim 11,Hydro,Reservoir,Store,NO,130.0,,1968.0,1968.0,2068.0,63.0024,9.019,1326.2401263823065,0.0,0.0,0.0,{'50WP00000000755J'},"{'ENTSOE': {'50WP00000000755J'}, 'GEM': {'G603026'}, 'JRC': {'JRC-N454'}, 'OPSD': {'OEU-4550'}}",NO5 3
652,Suldal 40,Hydro,Reservoir,Store,NO,320.3,,1965.0,1967.0,2067.0,59.6492,6.8188,255.2278787878788,0.0,0.0,0.0,"{'50WP00000000685E', '50WP00000000684G'}","{'ENTSOE': {'50WP00000000685E', '50WP00000000684G'}, 'GEM': {'G603011', 'G603012'}, 'JRC': {'JRC-N408', 'JRC-N409'}, 'OPSD': {'OEU-4425', 'OEU-4426'}}",NO5 2
653,Sundsbarm 12,Hydro,Reservoir,Store,NO,110.0,,1970.0,1970.0,2070.0,59.4976,8.6345,2343.675675675676,0.0,0.0,0.0,{'50WP00000000687A'},"{'ENTSOE': {'50WP00000000687A'}, 'GEM': {'G603013'}, 'JRC': {'JRC-N410'}, 'OPSD': {'OEU-4430'}}",NO5 0
654,Innset 7,Hydro,Reservoir,Store,NO,91.0,,1960.0,1960.0,2060.0,68.6576,18.8199,4758.433333333333,0.0,0.0,0.0,{},"{'GEM': {'G602955'}, 'JRC': {'JRC-N184'}, 'OPSD': {'OEU-3714'}, 'GEO': {'GEO-45730'}}",NO5 1
655,Abjora 13,Hydro,Reservoir,Store,NO,95.0,,1951.0,1951.0,2051.0,60.9171,9.3795,93.78947368421052,0.0,0.0,0.0,{},"{'GEM': {'G602916'}, 'JRC': {'JRC-N524'}, 'OPSD': {'OEU-4750'}}",NO5 0
656,Aroy 41,Hydro,Reservoir,Store,NO,90.0,,1943.0,1983.0,2083.0,61.2766,7.1542,200.72340425531917,0.0,0.0,0.0,{},"{'GEM': {'G602919'}, 'JRC': {'JRC-N805', 'JRC-N530'}, 'OPSD': {'OEU-4771', 'OEU-4770'}}",NO5 2
657,Bagn 14,Hydro,Run-Of-River,Store,NO,75.0,,1963.0,1963.0,2063.0,60.8262,9.5509,26.14569536423841,0.0,0.0,0.0,{},"{'GEM': {'G602925'}, 'JRC': {'JRC-N15'}, 'OPSD': {'OEU-3136'}}",NO5 0
658,Blafalli 42,Hydro,Reservoir,Store,NO,113.0,,1968.0,2002.0,2102.0,59.8753,6.0727,1099.4693333333332,0.0,0.0,0.0,{},"{'GEM': {'G602927'}, 'JRC': {'JRC-N32', 'JRC-N31'}, 'OPSD': {'OEU-3194', 'OEU-3195', 'OEU-3192', 'OEU-3193'}}",NO5 2
659,Brattset 12,Hydro,Reservoir,Store,NO,80.0,,1982.0,1982.0,2082.0,62.8025,10.0129,13.089999999999998,0.0,0.0,0.0,{},"{'GEM': {'G602931'}, 'JRC': {'JRC-N40'}, 'OPSD': {'OEU-3216'}}",NO5 3
660,Eiriksdal 43,Hydro,Reservoir,Store,NO,81.0,,2013.0,2013.0,2113.0,61.2424,6.1504,652.8300000000002,0.0,0.0,0.0,{},"{'GEM': {'G602936'}, 'JRC': {'JRC-N1739'}, 'OPSD': {'OEU-3341'}}",NO5 2
661,Florli 44,Hydro,Reservoir,Store,NO,80.0,,1918.0,1999.0,2099.0,59.0146,6.4294,2025.625,0.0,0.0,0.0,{},"{'GEM': {'G602939'}, 'JRC': {'JRC-N769'}, 'OPSD': {'OEU-3392'}}",NO5 2
662,Framruste 13,Hydro,Reservoir,Store,NO,75.0,,2005.0,2005.0,2105.0,61.941,7.8813,1708.6933333333334,0.0,0.0,0.0,{},"{'GEM': {'G602941'}, 'JRC': {'JRC-N829'}, 'OPSD': {'OEU-3430'}}",NO5 3
663,Guolas 8,Hydro,Reservoir,Store,NO,82.0,,1971.0,1971.0,2071.0,69.4605,20.9184,2811.4575,0.0,0.0,0.0,{},"{'GEM': {'G602944'}, 'JRC': {'JRC-N123'}, 'OPSD': {'OEU-3532'}}",NO5 1
664,Harpefossen 14,Hydro,Unknown,Store,NO,108.0,,1965.0,1965.0,2065.0,61.5816,9.8423,,0.0,0.0,0.0,{},"{'GEM': {'G602945'}, 'JRC': {'JRC-N131'}, 'OPSD': {'OEU-3560'}}",NO5 3
665,Hoyanger 45,Hydro,Reservoir,Store,NO,93.0,,1965.0,1978.0,2078.0,61.2186,6.0636,2349.472577696526,0.0,0.0,0.0,{},"{'GEM': {'G602952'}, 'JRC': {'JRC-N175', 'JRC-N176'}, 'OPSD': {'OEU-3694', 'OEU-3693'}}",NO5 2
666,Hunderfossen 15,Hydro,Run-Of-River,Store,NO,112.0,,1963.0,1963.0,2063.0,61.2198,10.4391,,0.0,0.0,0.0,{},"{'GEM': {'G602953'}, 'JRC': {'JRC-N164'}, 'OPSD': {'OEU-3673'}}",NO5 0
667,Kaggefoss 16,Hydro,Run-Of-River,Store,NO,88.0,,1951.0,1951.0,2051.0,59.947,9.934,,0.0,0.0,0.0,{},"{'GEM': {'G602957'}, 'JRC': {'JRC-N192'}, 'OPSD': {'OEU-3742'}}",NO5 0
668,Kjosnesfjorden 46,Hydro,Reservoir,Store,NO,84.0,,2010.0,2010.0,2110.0,61.5176,6.6153,737.3314285714285,0.0,0.0,0.0,{},"{'GEM': {'G602958'}, 'JRC': {'JRC-N1485'}, 'OPSD': {'OEU-3785'}}",NO5 2
669,Kvinen 47,Hydro,Reservoir,Store,NO,80.0,,1981.0,1981.0,2081.0,58.9281,7.0838,375.7,0.0,0.0,0.0,{},"{'GEM': {'G602962'}, 'JRC': {'JRC-N223'}, 'OPSD': {'OEU-3845'}}",NO5 2
670,Langvatn 8,Hydro,Reservoir,Store,NO,90.0,,1964.0,1978.0,2078.0,66.3369,14.1667,52.8,0.0,0.0,0.0,{},"{'GEM': {'G602965'}, 'JRC': {'JRC-N236'}, 'OPSD': {'OEU-3877', 'OEU-3876'}}",NO5 4
671,Meraker 15,Hydro,Reservoir,Store,NO,87.0,,1994.0,1994.0,2094.0,63.4041,11.7651,34.0610599078341,0.0,0.0,0.0,{},"{'GEM': {'G602974'}, 'JRC': {'JRC-N619'}, 'OPSD': {'OEU-3975'}}",NO5 3
672,Osa 17,Hydro,Reservoir,Store,NO,90.0,,1981.0,1981.0,2081.0,61.2374,11.5175,1339.7222222222222,0.0,0.0,0.0,{},"{'GEM': {'G602985'}, 'JRC': {'JRC-N321'}, 'OPSD': {'OEU-4123'}}",NO5 0
673,Refsdal 48,Hydro,Reservoir,Store,NO,90.0,,1968.0,2000.0,2100.0,61.0208,6.5683,1192.6444444444444,0.0,0.0,0.0,{},"{'GEM': {'G602991'}, 'JRC': {'JRC-N332'}, 'OPSD': {'OEU-4155', 'OEU-4156'}}",NO5 2
674,Rosten 16,Hydro,Reservoir,Store,NO,80.0,,2018.0,2018.0,2118.0,61.858,9.4094,,0.0,0.0,0.0,{},"{'GEM': {'G602995'}, 'JRC': {'JRC-N1804'}, 'OPSD': {'OEU-4196'}}",NO5 3
675,Sarp 18,Hydro,Run-Of-River,Store,NO,80.0,,1978.0,1978.0,2078.0,59.2764,11.1299,,0.0,0.0,0.0,{},"{'GEM': {'G602997'}, 'JRC': {'JRC-N357'}, 'OPSD': {'OEU-4263'}}",NO5 0
676,Skollenborg 19,Hydro,Run-Of-River,Store,NO,97.0,,1983.0,1983.0,2083.0,59.6185,9.6682,,0.0,0.0,0.0,{},"{'GEM': {'G603002'}, 'JRC': {'JRC-N385'}, 'OPSD': {'OEU-4323'}}",NO5 0
677,Svelgfoss 20,Hydro,Reservoir,Store,NO,92.0,,1958.0,1958.0,2058.0,59.5817,9.2578,,0.0,0.0,0.0,{},"{'GEM': {'G603017'}, 'JRC': {'JRC-N419'}, 'OPSD': {'OEU-4454'}}",NO5 0
678,Uvdal 21,Hydro,Reservoir,Store,NO,90.0,,1966.0,2004.0,2104.0,60.2546,8.7032,3214.4444444444443,0.0,0.0,0.0,{},"{'GEM': {'G603031'}, 'JRC': {'JRC-N482'}, 'OPSD': {'OEU-4433', 'OEU-4625', 'OEU-4623', 'OEU-4624'}}",NO5 0
679,Kykkelsrud Fossumfoss 22,Hydro,Run-Of-River,Store,NO,230.0,,1963.0,1963.0,2063.0,59.5797,11.1013,,0.0,0.0,0.0,{},"{'GEM': {'G602963'}, 'JRC': {'JRC-N228'}, 'OPSD': {'OEU-3372'}}",NO5 0
680,Norddalen 9,Hydro,Reservoir,Store,NO,7.5,,1983.0,1983.0,2083.0,68.174304,17.919127,4195.333333333334,155.0,91.0,31465.000000000004,{},"{'JRC': {'JRC-N309'}, 'OPSD': {'OEU-4075'}, 'GEO': {'GEO-45733'}}",NO5 1
681,Neverdalsaga 9,Hydro,Reservoir,Store,NO,2.1,,1955.0,1955.0,2055.0,66.822241,13.980626,4516.571428571428,22.8,213.0,9484.8,{},"{'JRC': {'JRC-N304'}, 'OPSD': {'OEU-4066'}, 'GEO': {'GEO-45735'}}",NO5 4
682,Batsvatn 10,Hydro,Reservoir,Store,NO,30.0,,1975.0,1977.0,2077.0,68.090128,17.716649,3054.333333333333,187.0,204.8,91630.0,{},"{'JRC': {'JRC-N54'}, 'OPSD': {'OEU-3267'}, 'GEO': {'GEO-45732'}}",NO5 1
683,Bardufoss 11,Hydro,Reservoir,Store,NO,41.5,,1953.0,1982.0,2082.0,69.043788,18.589681,,0.0,52.79,0.0,{},"{'JRC': {'JRC-N16'}, 'OPSD': {'OEU-3237', 'OEU-3139'}, 'GEO': {'GEO-45725'}}",NO5 1
684,Adamselv 12,Hydro,Reservoir,Store,NO,50.0,,1973.0,2007.0,2107.0,70.409578,26.701878,3348.8,364.0,200.0,167440.0,{},"{'JRC': {'JRC-N2'}, 'OPSD': {'OEU-3106', 'OEU-3105'}, 'GEO': {'GEO-45722'}}",NO5 1
685,Nedre Otta 17,Hydro,Reservoir,Store,NO,86.0,,2020.0,2020.0,2120.0,61.7987,9.3906,,0.0,0.0,0.0,{},"{'GEM': {'G602978'}, 'JRC': {'JRC-N1889'}}",NO5 3
686,Aurland 49,Hydro,Reservoir,Store,NO,290.0,,1979.0,1979.0,2079.0,60.8009,7.5666,1556.3851851851853,0.0,0.0,0.0,{},"{'GEM': {'G602924'}, 'JRC': {'JRC-N13'}}",NO5 2
687,Aurland 50,Hydro,Reservoir,Store,NO,143.0,,1982.0,1982.0,2082.0,60.8038,7.3673,1670.3611510791368,0.0,0.0,0.0,{},"{'GEM': {'G602923'}, 'JRC': {'JRC-N11', 'JRC-N338', 'JRC-N12'}}",NO5 2
688,Fortun 18,Hydro,Reservoir,PP,NO,270.0,,1959.0,1959.0,2059.0,61.5048,7.7004,,0.0,0.0,0.0,{'50WP000000001823'},"{'ENTSOE': {'50WP000000001823'}, 'GEM': {'G602940'}}",NO5 3
689,Vaksvik 19,Hydro,Reservoir,Store,NO,7.74,,2019.0,2019.0,2119.0,62.450298,6.895947,,0.0,189.0,0.0,{},"{'JRC': {'JRC-N1958'}, 'OPSD': {'OEU-4630'}}",NO5 3
690,Vaka 51,Hydro,Reservoir,Store,NO,1.1,,2014.0,2014.0,2114.0,59.634406,5.78242,,0.0,258.66,0.0,{},"{'JRC': {'JRC-N1773'}, 'OPSD': {'OEU-4629'}}",NO5 2
691,Vagen 52,Hydro,Reservoir,Store,NO,4.9,,2003.0,2008.0,2108.0,62.114402,6.540055,,0.0,267.0,0.0,{},"{'JRC': {'JRC-N1353'}, 'OPSD': {'OEU-4708', 'OEU-4709', 'OEU-4710'}}",NO5 2
692,Vagaana 53,Hydro,Reservoir,Store,NO,3.3,,2012.0,2012.0,2112.0,59.49324,6.126577,,0.0,422.0,0.0,{},"{'JRC': {'JRC-N1455'}, 'OPSD': {'OEU-4707'}}",NO5 2
693,Vafos 23,Hydro,Reservoir,Store,NO,4.89,,1954.0,1954.0,2054.0,58.895751,9.337293,,0.0,13.19,0.0,{},"{'JRC': {'JRC-N484'}, 'OPSD': {'OEU-4628'}}",NO5 0
694,Ustekveikja 54,Hydro,Reservoir,Store,NO,36.5,,1983.0,1983.0,2083.0,60.529049,7.746783,78.75589041095891,10.93,113.0,2874.59,{},"{'JRC': {'JRC-N481'}, 'OPSD': {'OEU-4618'}}",NO5 2
695,Usma 20,Hydro,Reservoir,Store,NO,9.98,,2010.0,2013.0,2113.0,63.11201,11.25758,,0.0,286.0,0.0,{},"{'JRC': {'JRC-N1734'}, 'OPSD': {'OEU-4615', 'OEU-4616'}}",NO5 3
696,Urlandaga 10,Hydro,Reservoir,Store,NO,1.6,,2005.0,2005.0,2105.0,66.221786,13.852161,,0.0,240.0,0.0,{},"{'JRC': {'JRC-N837'}, 'OPSD': {'OEU-4614'}}",NO5 4
697,Urke 55,Hydro,Reservoir,Store,NO,8.0,,2008.0,2008.0,2108.0,62.212377,6.567568,,0.0,353.5,0.0,{},"{'JRC': {'JRC-N1352'}, 'OPSD': {'OEU-4613'}}",NO5 2
698,Urdsdalselva 11,Hydro,Reservoir,Store,NO,2.8,,2012.0,2012.0,2112.0,65.941912,13.064278,,0.0,193.0,0.0,{},"{'JRC': {'JRC-N1508'}, 'OPSD': {'OEU-4612'}}",NO5 4
699,Ulvilla 12,Hydro,Reservoir,Store,NO,1.1,,1989.0,1989.0,2089.0,63.796846,11.816394,2731.2727272727275,14.8,84.5,3004.4000000000005,{},"{'JRC': {'JRC-N627'}, 'OPSD': {'OEU-4607'}}",NO5 4
700,Ulvik 56,Hydro,Reservoir,Store,NO,21.4,,1921.0,2010.0,2110.0,60.5725145,6.9180275,2354.710280373832,52.6,440.6,50390.8,{},"{'JRC': {'JRC-N476', 'JRC-N477'}, 'OPSD': {'OEU-4605', 'OEU-4606', 'OEU-4008'}}",NO5 2
701,Ulset 21,Hydro,Reservoir,Store,NO,35.0,,1985.0,1985.0,2085.0,62.621834,10.257691,3054.8571428571427,132.0,320.0,106920.0,{},"{'JRC': {'JRC-N474'}, 'OPSD': {'OEU-4603'}}",NO5 3
702,Ullestad 57,Hydro,Reservoir,Store,NO,5.42,,2016.0,2016.0,2116.0,59.1262,6.270215,,0.0,214.0,0.0,{},"{'JRC': {'JRC-N1823'}, 'OPSD': {'OEU-4602'}}",NO5 2
703,Uleberg 58,Hydro,Reservoir,Store,NO,9.4,,2006.0,2006.0,2106.0,58.600174,7.673136,569.6808510638297,12.6,179.5,5354.999999999999,{},"{'JRC': {'JRC-N848'}, 'OPSD': {'OEU-4599'}}",NO5 2
704,Ufysja 59,Hydro,Reservoir,Store,NO,1.5,,2005.0,2005.0,2105.0,60.467799,8.220766,,0.0,163.0,0.0,{},"{'JRC': {'JRC-N1229'}, 'OPSD': {'OEU-4597'}}",NO5 2
705,Tyttebaerelva 13,Hydro,Reservoir,Store,NO,1.46,,2014.0,2014.0,2114.0,69.59951,19.958421,,0.0,107.0,0.0,{},"{'JRC': {'JRC-N1718'}, 'OPSD': {'OEU-4592'}}",NO5 1
706,Tysseland 60,Hydro,Reservoir,Store,NO,4.8,,2002.0,2002.0,2102.0,59.507622,6.218006,,0.0,225.0,0.0,{},"{'JRC': {'JRC-N789'}, 'OPSD': {'OEU-4590'}}",NO5 2
707,Tyssefossen 61,Hydro,Reservoir,Store,NO,2.8,,1941.0,1941.0,2041.0,60.375235,5.758082,,0.0,21.0,0.0,{},"{'JRC': {'JRC-N976'}, 'OPSD': {'OEU-4588'}}",NO5 2
708,Ulvund 22,Hydro,Reservoir,Store,NO,19.5,,1939.0,1939.0,2039.0,62.834158,8.520459,92.82051282051282,10.0,85.0,1810.0,{},"{'JRC': {'JRC-N478'}, 'OPSD': {'OEU-4608'}}",NO5 3
709,Vestrebotn 62,Hydro,Reservoir,Store,NO,2.8,,1999.0,1999.0,2099.0,60.995104,5.722891,3298.0,47.6,78.7,9234.4,{},"{'JRC': {'JRC-N764'}, 'OPSD': {'OEU-4673'}}",NO5 2
710,Vestfossen 24,Hydro,Reservoir,Store,NO,2.8,,1984.0,1984.0,2084.0,59.733039,9.872011,870.8214285714287,65.9,16.2,2438.3,{},"{'JRC': {'JRC-N498'}, 'OPSD': {'OEU-4671'}}",NO5 0
711,Vestbakken 25,Hydro,Reservoir,Store,NO,1.2,,1983.0,1983.0,2083.0,60.667445,10.601301,3018.625,38.95,43.0,3622.35,{},"{'JRC': {'JRC-N497'}, 'OPSD': {'OEU-4670'}}",NO5 0
712,Vessingfoss 23,Hydro,Reservoir,Store,NO,40.0,,1971.0,1971.0,2071.0,62.996363,11.826643,1859.375,625.0,50.0,74375.0,{},"{'JRC': {'JRC-N496'}, 'OPSD': {'OEU-4669'}}",NO5 3
713,Veslefallet 26,Hydro,Reservoir,Store,NO,4.9,,2010.0,2010.0,2110.0,61.383113,11.142157,,0.0,131.5,0.0,{},"{'JRC': {'JRC-N1601'}, 'OPSD': {'OEU-4667'}}",NO5 0
714,Vesleani 27,Hydro,Reservoir,Store,NO,1.65,,2009.0,2009.0,2109.0,60.441857,9.465977,,0.0,353.0,0.0,{},"{'JRC': {'JRC-N1391'}, 'OPSD': {'OEU-4668'}}",NO5 0
715,Venna 24,Hydro,Reservoir,Store,NO,2.8,,2013.0,2013.0,2113.0,63.34793,9.281183,12.342857142857143,0.08,182.5,34.56,{},"{'JRC': {'JRC-N1757'}, 'OPSD': {'OEU-4663'}}",NO5 3
716,Vengaa 25,Hydro,Reservoir,Store,NO,4.55,,2018.0,2018.0,2118.0,62.558565,7.842979,,0.0,291.0,0.0,{},"{'JRC': {'JRC-N1891'}, 'OPSD': {'OEU-4662'}}",NO5 3
717,Vemundsbotn 63,Hydro,Reservoir,Store,NO,45.0,,1976.0,1976.0,2076.0,60.857432,5.696332,2362.017777777778,197.2,234.0,106290.80000000002,{},"{'JRC': {'JRC-N494'}, 'OPSD': {'OEU-4661'}}",NO5 2
718,Veka 64,Hydro,Reservoir,Store,NO,3.0,,2009.0,2009.0,2109.0,59.503556,6.535517,,0.0,506.0,0.0,{},"{'JRC': {'JRC-N1433'}, 'OPSD': {'OEU-4659'}}",NO5 2
719,Valae 26,Hydro,Reservoir,Store,NO,1.93,,2014.0,2014.0,2114.0,62.18582,8.495056,,0.0,248.0,0.0,{},"{'JRC': {'JRC-N1769'}, 'OPSD': {'OEU-4637'}}",NO5 3
720,Vedeld 65,Hydro,Reservoir,Store,NO,3.9,,2003.0,2003.0,2103.0,62.182051,5.793378,,0.0,133.0,0.0,{},"{'JRC': {'JRC-N795'}, 'OPSD': {'OEU-4656'}}",NO5 2
721,Vatne 66,Hydro,Reservoir,Store,NO,3.0,,1987.0,1987.0,2087.0,62.140217,6.249948,,0.0,90.0,0.0,{},"{'JRC': {'JRC-N492'}, 'OPSD': {'OEU-4655'}}",NO5 2
722,Vassvikelva 67,Hydro,Reservoir,Store,NO,2.77,,2015.0,2015.0,2115.0,59.913941,6.528615,,0.0,268.6,0.0,{},"{'JRC': {'JRC-N1767'}, 'OPSD': {'OEU-4652'}}",NO5 2
723,Vasstol 68,Hydro,Reservoir,Store,NO,4.85,,2012.0,2012.0,2112.0,59.708008,6.857516,1785.7525773195878,25.7,149.0,8660.9,{},"{'JRC': {'JRC-N1646'}, 'OPSD': {'OEU-4651'}}",NO5 2
724,Vassfossen 69,Hydro,Reservoir,Store,NO,5.5,,2008.0,2008.0,2108.0,58.661989,8.062375,2720.0,44.0,134.0,14960.0,{},"{'JRC': {'JRC-N1379'}, 'OPSD': {'OEU-4648'}}",NO5 2
725,Vassenden 13,Hydro,Reservoir,Store,NO,8.56,,2019.0,2019.0,2119.0,66.123043,13.257638,,0.0,416.7,0.0,{},"{'JRC': {'JRC-N1950'}, 'OPSD': {'OEU-4647'}}",NO5 4
726,Vanndola 70,Hydro,Reservoir,Store,NO,3.8,,2008.0,2008.0,2108.0,61.599953,7.292476,,0.0,510.0,0.0,{},"{'JRC': {'JRC-N1410'}, 'OPSD': {'OEU-4641'}}",NO5 2
727,Vangpollen 14,Hydro,Reservoir,Store,NO,3.5,,1942.0,1942.0,2042.0,68.611578,15.58176,2657.0285714285715,13.4,313.0,9299.6,{},"{'JRC': {'JRC-N490'}, 'OPSD': {'OEU-4640'}}",NO5 1
728,Vangjolo 71,Hydro,Reservoir,Store,NO,9.5,,2018.0,2018.0,2118.0,60.603565,6.362556,,0.0,481.55,0.0,{},"{'JRC': {'JRC-N1821'}, 'OPSD': {'OEU-4639'}}",NO5 2
729,Valsoyfjord 27,Hydro,Reservoir,Store,NO,4.28,,1942.0,1942.0,2042.0,63.121025,8.568069,,0.0,187.0,0.0,{},"{'JRC': {'JRC-N487'}, 'OPSD': {'OEU-4635'}}",NO5 3
730,Valen 72,Hydro,Reservoir,Store,NO,3.8,,1939.0,2015.0,2115.0,59.82739,5.795447,400.42105263157896,2.4,300.0,1521.6,{},"{'JRC': {'JRC-N486'}, 'OPSD': {'OEU-4631', 'OEU-4633'}}",NO5 2
731,Veiteberg 73,Hydro,Reservoir,Store,NO,2.07,,2001.0,2001.0,2101.0,61.618866,6.642294,,0.0,169.0,0.0,{},"{'JRC': {'JRC-N788'}, 'OPSD': {'OEU-4657'}}",NO5 2
732,Tou 74,Hydro,Reservoir,Store,NO,1.1,,1987.0,1987.0,2087.0,59.064155,5.913017,247.27272727272725,8.5,13.5,272.0,{},"{'JRC': {'JRC-N436'}, 'OPSD': {'OEU-4540'}}",NO5 2
733,Tossevikelva 28,Hydro,Reservoir,Store,NO,2.6,,2014.0,2014.0,2114.0,60.418858,10.049833,,0.0,307.0,0.0,{},"{'JRC': {'JRC-N1775'}, 'OPSD': {'OEU-4539'}}",NO5 0
734,Tosse 75,Hydro,Reservoir,Store,NO,3.5,,1981.0,1981.0,2081.0,60.617731,5.586937,264.0,5.6000000000000005,52.0,924.0,{},"{'JRC': {'JRC-N471'}, 'OPSD': {'OEU-4596'}}",NO5 2
735,Tosdalen 14,Hydro,Reservoir,Store,NO,19.3,,2017.0,2017.0,2117.0,65.28981,13.041161,,0.0,531.37,0.0,{},"{'JRC': {'JRC-N1857'}, 'OPSD': {'OEU-4538'}}",NO5 4
736,Torvikelva 76,Hydro,Reservoir,Store,NO,1.24,,2012.0,2012.0,2112.0,61.920706,5.797871,,0.0,105.4,0.0,{},"{'JRC': {'JRC-N1683'}, 'OPSD': {'OEU-4537'}}",NO5 2
737,Torsnes 77,Hydro,Reservoir,Store,NO,9.1,,2013.0,2013.0,2113.0,60.239467,6.201726,,0.0,283.8,0.0,{},"{'JRC': {'JRC-N1624'}, 'OPSD': {'OEU-4536'}}",NO5 2
738,Todola 29,Hydro,Reservoir,Store,NO,3.2,,2019.0,2019.0,2119.0,60.527584,9.177261,,0.0,70.0,0.0,{},"{'JRC': {'JRC-N1977'}, 'OPSD': {'OEU-4529'}}",NO5 0
739,Tjotaelva 78,Hydro,Reservoir,Store,NO,2.3,,2011.0,2011.0,2111.0,61.751706,5.951292,,0.0,380.0,0.0,{},"{'JRC': {'JRC-N1476'}, 'OPSD': {'OEU-4528'}}",NO5 2
740,Tjostheim 79,Hydro,Reservoir,Store,NO,4.16,,2005.0,2005.0,2105.0,59.473793,6.473523,,0.0,405.0,0.0,{},"{'JRC': {'JRC-N1254'}, 'OPSD': {'OEU-4527'}}",NO5 2
741,Tysseelva 80,Hydro,Reservoir,Store,NO,5.55,,2017.0,2017.0,2117.0,59.394732,6.216533,,0.0,347.85,0.0,{},"{'JRC': {'JRC-N1861'}, 'OPSD': {'OEU-4587'}}",NO5 2
742,Tistedalsfoss 30,Hydro,Reservoir,Store,NO,20.0,,1955.0,1955.0,2055.0,59.128023,11.43825,219.555,28.7,66.09,4391.1,{},"{'JRC': {'JRC-N441'}, 'OPSD': {'OEU-4519'}}",NO5 0
743,Tisleifjord 31,Hydro,Reservoir,Store,NO,1.65,,2014.0,2014.0,2114.0,60.840607,9.018203,3482.1818181818185,212.8,10.31,5745.6,{},"{'JRC': {'JRC-N1792'}, 'OPSD': {'OEU-4518'}}",NO5 0
744,Tinnkraft 32,Hydro,Reservoir,Store,NO,2.9,,2008.0,2008.0,2108.0,59.989813,8.700788,,0.0,0.0,0.0,{},"{'JRC': {'JRC-N1399'}, 'OPSD': {'OEU-4516'}}",NO5 0
745,Tinfos 33,Hydro,Reservoir,Store,NO,44.5,,1912.0,1955.0,2055.0,59.5672945,9.263565,,0.0,58.2,0.0,{},"{'JRC': {'JRC-N439', 'JRC-N1431'}, 'OPSD': {'OEU-4514', 'OEU-4515'}}",NO5 0
746,Timbra 81,Hydro,Reservoir,Store,NO,2.9,,2018.0,2018.0,2118.0,61.752008,6.585757,,0.0,355.0,0.0,{},"{'JRC': {'JRC-N1922'}, 'OPSD': {'OEU-4513'}}",NO5 2
747,Tevla 15,Hydro,Pumped Storage,Store,NO,49.6,,1994.0,1994.0,2094.0,63.39412,11.913236,2054.209677419354,252.2,164.5,101888.8,{},"{'JRC': {'JRC-N620'}, 'OPSD': {'OEU-4511'}}",NO5 4
748,Tennesvatn 16,Hydro,Reservoir,Store,NO,1.5,,1937.0,1937.0,2037.0,67.939616,12.981575,2431.333333333334,7.0,238.0,3647.000000000001,{},"{'JRC': {'JRC-N438'}, 'OPSD': {'OEU-4508'}}",NO5 4
749,Tenneelva 82,Hydro,Reservoir,Store,NO,3.4,,2018.0,2018.0,2118.0,62.070161,5.830044,,0.0,403.9,0.0,{},"{'JRC': {'JRC-N1952'}, 'OPSD': {'OEU-4507'}}",NO5 2
750,Teksdal 28,Hydro,Reservoir,Store,NO,2.5,,1943.0,1943.0,2043.0,63.848701,9.890697,1230.0,37.5,42.0,3075.0,{},"{'JRC': {'JRC-N437'}, 'OPSD': {'OEU-4505'}}",NO5 3
751,Taraldsvik 15,Hydro,Reservoir,Store,NO,1.5,,1986.0,1986.0,2086.0,68.44029,17.469798,6460.4000000000015,9.3,425.0,9690.600000000002,{},"{'JRC': {'JRC-N435'}, 'OPSD': {'OEU-4503'}}",NO5 1
752,Tjonnefoss 34,Hydro,Reservoir,Store,NO,6.0,,1966.0,1966.0,2066.0,58.982861,8.533434,,0.0,17.7,0.0,{},"{'JRC': {'JRC-N444'}, 'OPSD': {'OEU-4523'}}",NO5 0
753,Tyria 35,Hydro,Reservoir,Store,NO,5.5,,1949.0,1958.0,2058.0,61.11929000000001,10.6831445,795.6,18.7,290.0,4375.8,{},"{'JRC': {'JRC-N468', 'JRC-N467'}, 'OPSD': {'OEU-4585', 'OEU-4586'}}",NO5 0
754,Tya 29,Hydro,Reservoir,Store,NO,32.0,,1964.0,1964.0,2064.0,63.032098,11.703237,668.775,48.2,200.0,21400.8,{},"{'JRC': {'JRC-N465'}, 'OPSD': {'OEU-4582'}}",NO5 3
755,Tverrgjuvlo 83,Hydro,Reservoir,Store,NO,5.7,,2016.0,2016.0,2116.0,60.717129,6.120648,,0.0,386.7,0.0,{},"{'JRC': {'JRC-N1812'}, 'OPSD': {'OEU-4574'}}",NO5 2
756,Tverrelva 84,Hydro,Reservoir,Store,NO,4.98,,1985.0,2017.0,2117.0,59.921765,5.904339,138.85140562248992,0.59,492.2,691.4799999999999,{},"{'JRC': {'JRC-N1875'}, 'OPSD': {'OEU-4572', 'OEU-4573'}}",NO5 2
757,Tverrana 85,Hydro,Reservoir,Store,NO,3.26,,2016.0,2016.0,2116.0,59.126243,6.270145,,0.0,335.0,0.0,{},"{'JRC': {'JRC-N1824'}, 'OPSD': {'OEU-4579', 'OEU-4580'}}",NO5 2
758,Tverraa 17,Hydro,Reservoir,Store,NO,4.7,,2014.0,2018.0,2118.0,65.329941,12.971645,,0.0,105.0,0.0,{},"{'JRC': {'JRC-N1855'}, 'OPSD': {'OEU-4576', 'OEU-4578', 'OEU-4577'}}",NO5 4
759,Tveitereidfoss 36,Hydro,Reservoir,Store,NO,2.6,,1955.0,1955.0,2055.0,58.924804,9.333019,,0.0,9.3,0.0,{},"{'JRC': {'JRC-N464'}, 'OPSD': {'OEU-4570'}}",NO5 0
760,Tveitelva 86,Hydro,Reservoir,Store,NO,3.3,,2011.0,2011.0,2111.0,60.164824,6.284669,,0.0,233.3,0.0,{},"{'JRC': {'JRC-N1658'}, 'OPSD': {'OEU-4567'}}",NO5 2
761,Tveiteano 87,Hydro,Reservoir,Store,NO,1.45,,2004.0,2005.0,2105.0,59.508458,6.565476,,0.0,331.0,0.0,{},"{'JRC': {'JRC-N832'}, 'OPSD': {'OEU-4571', 'OEU-4569'}}",NO5 2
762,Tveitaskar 88,Hydro,Reservoir,Store,NO,4.2,,2009.0,2009.0,2109.0,60.294347,5.923721,,0.0,300.0,0.0,{},"{'JRC': {'JRC-N1446'}, 'OPSD': {'OEU-4566'}}",NO5 2
763,Tussa 89,Hydro,Reservoir,Store,NO,64.0,,1961.0,1961.0,2061.0,62.107524,6.57182,3045.15,120.6,646.0,194889.6,{},"{'JRC': {'JRC-N461'}, 'OPSD': {'OEU-4562'}}",NO5 2
764,Tunnsjofoss 18,Hydro,Reservoir,Store,NO,8.5,,1986.0,1986.0,2086.0,64.690137,13.215878,931.7647058823528,440.0,8.1,7919.999999999999,{},"{'JRC': {'JRC-N459'}, 'OPSD': {'OEU-4561'}}",NO5 4
765,Tuddal 37,Hydro,Reservoir,Store,NO,1.6,,2011.0,2011.0,2111.0,59.762315,8.776729,,0.0,248.0,0.0,{},"{'JRC': {'JRC-N1644'}, 'OPSD': {'OEU-4558'}}",NO5 0
766,Tua 30,Hydro,Reservoir,Store,NO,1.8,,2010.0,2010.0,2110.0,63.948881,10.995817,,0.0,132.0,0.0,{},"{'JRC': {'JRC-N1451'}, 'OPSD': {'OEU-4557'}}",NO5 3
767,Trysilfossen 90,Hydro,Reservoir,Store,NO,4.5,,1980.0,1980.0,2080.0,61.750061,6.276408,247.2888888888888,42.8,11.5,1112.7999999999995,{},"{'JRC': {'JRC-N456'}, 'OPSD': {'OEU-4555'}}",NO5 2
768,Trontveitana 38,Hydro,Reservoir,Store,NO,1.24,,2019.0,2019.0,2119.0,59.091539,8.490987,,0.0,194.0,0.0,{},"{'JRC': {'JRC-N1959'}, 'OPSD': {'OEU-4553'}}",NO5 0
769,Trollfjord 16,Hydro,Reservoir,Store,NO,4.6,,1952.0,1956.0,2056.0,68.3639355,14.933459,2323.956521739131,20.6,628.0,10690.2,{},"{'JRC': {'JRC-N452', 'JRC-N453'}, 'OPSD': {'OEU-4549', 'OEU-4548'}}",NO5 1
770,Trollelva 91,Hydro,Reservoir,Store,NO,1.25,,2006.0,2006.0,2106.0,61.801628,6.50884,,0.0,330.0,0.0,{},"{'JRC': {'JRC-N1237'}, 'OPSD': {'OEU-4547'}}",NO5 2
771,Trengereid 92,Hydro,Reservoir,Store,NO,3.5,,1996.0,1996.0,2096.0,60.428801,5.623466,749.8285714285714,2.7,388.0,2624.4,{},"{'JRC': {'JRC-N451'}, 'OPSD': {'OEU-4545'}}",NO5 2
772,Tveitafoss 93,Hydro,Reservoir,Store,NO,1.7,,1946.0,1946.0,2046.0,60.417834,7.190307,,0.0,62.0,0.0,{},"{'JRC': {'JRC-N771'}, 'OPSD': {'OEU-4565'}}",NO5 2
773,Viddal 94,Hydro,Reservoir,Store,NO,5.49,,2005.0,2012.0,2112.0,62.138258,6.611988,,0.0,244.0,0.0,{},"{'JRC': {'JRC-N1565'}, 'OPSD': {'OEU-4674', 'OEU-4688'}}",NO5 2
774,Ylja 31,Hydro,Reservoir,Store,NO,65.0,,1973.0,1973.0,2073.0,61.198141,8.382167,5402.424461538462,213.99,685.5,351157.59,{},"{'JRC': {'JRC-N509'}, 'OPSD': {'OEU-4711'}}",NO5 3
775,Vrenga 39,Hydro,Reservoir,Store,NO,10.5,,1960.0,1960.0,2060.0,59.862852,9.384991,1523.2,19.2,378.0,15993.6,{},"{'JRC': {'JRC-N508'}, 'OPSD': {'OEU-4704'}}",NO5 0
776,Vrangfoss 40,Hydro,Reservoir,Store,NO,36.0,,1962.0,1962.0,2062.0,59.30235,9.203938,,0.0,23.0,0.0,{},"{'JRC': {'JRC-N507'}, 'OPSD': {'OEU-4703'}}",NO5 0
777,Vorma 32,Hydro,Reservoir,Store,NO,1.59,,1939.0,1939.0,2039.0,63.192274,9.757321,833.2075471698113,7.2,82.0,1324.8,{},"{'JRC': {'JRC-N1026'}, 'OPSD': {'OEU-4701'}}",NO5 3
778,Voldsetelva 33,Hydro,Reservoir,Store,NO,4.94,,2013.0,2013.0,2113.0,63.871533,10.796528,,0.0,140.0,0.0,{},"{'JRC': {'JRC-N1746'}, 'OPSD': {'OEU-4697'}}",NO5 3
779,Viulfoss 41,Hydro,Reservoir,Store,NO,12.5,,1958.0,1958.0,2058.0,60.194522,10.322398,,0.0,17.29,0.0,{},"{'JRC': {'JRC-N506'}, 'OPSD': {'OEU-4696'}}",NO5 0
780,Virak 95,Hydro,Reservoir,Store,NO,1.4,,2005.0,2005.0,2105.0,58.581145,6.694996,,0.0,80.0,0.0,{},"{'JRC': {'JRC-N1240'}, 'OPSD': {'OEU-4692'}}",NO5 2
781,Vinkelfallet 42,Hydro,Reservoir,Store,NO,7.1,,1983.0,1983.0,2083.0,61.532876,10.141178,,0.0,109.0,0.0,{},"{'JRC': {'JRC-N504'}, 'OPSD': {'OEU-4691'}}",NO5 0
782,Vikesa 96,Hydro,Reservoir,Store,NO,4.4,,2003.0,2003.0,2103.0,58.640929,6.08579,,0.0,106.8,0.0,{},"{'JRC': {'JRC-N798'}, 'OPSD': {'OEU-4687'}}",NO5 2
783,Vikdalskraft 34,Hydro,Reservoir,Store,NO,1.1,,2001.0,2001.0,2101.0,62.497592,7.597803,,0.0,0.0,0.0,{},"{'JRC': {'JRC-N920'}, 'OPSD': {'OEU-4685'}}",NO5 3
784,Vikaelva 97,Hydro,Reservoir,Store,NO,5.4,,2008.0,2013.0,2113.0,61.909997,6.698565,,0.0,341.0,0.0,{},"{'JRC': {'JRC-N1743'}, 'OPSD': {'OEU-4693', 'OEU-4683', 'OEU-4682'}}",NO5 2
785,Vikaane 98,Hydro,Reservoir,Store,NO,1.25,,2011.0,2011.0,2111.0,60.529699,7.806594,,0.0,82.5,0.0,{},"{'JRC': {'JRC-N1629'}, 'OPSD': {'OEU-4684'}}",NO5 2
786,Vigelandsfoss 99,Hydro,Reservoir,Store,NO,26.0,,1973.0,1973.0,2073.0,58.253518,7.958415,0.0923076923076923,0.05,19.5,2.4000000000000004,{},"{'JRC': {'JRC-N501'}, 'OPSD': {'OEU-4676'}}",NO5 2
787,Vossedalselvi 100,Hydro,Reservoir,Store,NO,7.1,,2017.0,2017.0,2117.0,60.646363,6.10383,,0.0,540.0,0.0,{},"{'JRC': {'JRC-N1822'}, 'OPSD': {'OEU-4702'}}",NO5 2
788,Sama 35,Hydro,Reservoir,Store,NO,7.9,,1979.0,1979.0,2079.0,63.111583,10.601726,2020.253164556962,120.0,52.47,15960.0,{},"{'JRC': {'JRC-N356'}, 'OPSD': {'OEU-4256'}}",NO5 3
789,Saltdalelva 17,Hydro,Reservoir,Store,NO,5.0,,2012.0,2012.0,2112.0,69.515225,19.25669,,0.0,214.53,0.0,{},"{'JRC': {'JRC-N1623'}, 'OPSD': {'OEU-4254'}}",NO5 1
790,Salsbruket 19,Hydro,Reservoir,Store,NO,1.5,,1988.0,1988.0,2088.0,64.801645,11.862156,,0.0,15.3,0.0,{},"{'JRC': {'JRC-N613'}, 'OPSD': {'OEU-4253'}}",NO5 4
791,Saksenvik 18,Hydro,Reservoir,Store,NO,2.5,,2012.0,2012.0,2112.0,67.110578,15.462681,,0.0,38.7,0.0,{},"{'JRC': {'JRC-N1587'}, 'OPSD': {'OEU-4251'}}",NO5 1
792,Sagfossen 19,Hydro,Reservoir,Store,NO,11.3,,1943.0,2008.0,2108.0,67.904601,15.860028,38.584070796460175,4.0,45.0,436.0,{},"{'JRC': {'JRC-N354'}, 'OPSD': {'OEU-4247', 'OEU-4246', 'OEU-4248', 'OEU-4245'}}",NO5 1
793,Sagevikelv 101,Hydro,Reservoir,Store,NO,4.45,,2004.0,2004.0,2104.0,61.361474,5.561724,,0.0,306.5,0.0,{},"{'JRC': {'JRC-N823'}, 'OPSD': {'OEU-4244'}}",NO5 2
794,Sagelva 36,Hydro,Reservoir,Store,NO,2.8,,2001.0,2019.0,2119.0,63.462784,11.512801,,0.0,162.5,0.0,{},"{'JRC': {'JRC-N1904'}, 'OPSD': {'OEU-4239', 'OEU-4243', 'OEU-4238', 'OEU-4241', 'OEU-4240', 'OEU-4242'}}",NO5 3
795,Sagefossen 102,Hydro,Reservoir,Store,NO,10.1,,1986.0,1986.0,2086.0,61.614778,5.678216,328.9306930693069,22.6,61.0,3322.2,{},"{'JRC': {'JRC-N353'}, 'OPSD': {'OEU-4237'}}",NO5 2
796,Sage 103,Hydro,Reservoir,Store,NO,8.9,,2001.0,2001.0,2101.0,61.482112,7.440386,652.7191011235955,7.05,340.0,5809.2,{},"{'JRC': {'JRC-N351'}, 'OPSD': {'OEU-4235'}}",NO5 2
797,Tafjord 37,Hydro,Reservoir,Store,NO,1.8,,2006.0,2006.0,2106.0,62.133172,7.559238,3513.333333333333,68.0,36.0,6324.0,{},"{'JRC': {'JRC-N736'}, 'OPSD': {'OEU-4498'}}",NO5 3
798,Setredalen 104,Hydro,Reservoir,Store,NO,4.7,,2019.0,2019.0,2119.0,61.834837,5.6077,995.744680851064,5.2,376.5,4680.000000000001,{},"{'JRC': {'JRC-N1933'}, 'OPSD': {'OEU-4275'}}",NO5 2
799,Ryssdal 38,Hydro,Reservoir,Store,NO,1.95,,1999.0,2006.0,2106.0,62.738529,8.313843,,0.0,218.0,0.0,{},"{'JRC': {'JRC-N845'}, 'OPSD': {'OEU-4209', 'OEU-4208'}}",NO5 3
800,Rygene 43,Hydro,Reservoir,Store,NO,55.0,,1978.0,1992.0,2092.0,58.406049,8.636195,,0.0,36.2,0.0,{},"{'JRC': {'JRC-N345'}, 'OPSD': {'OEU-4206', 'OEU-4207'}}",NO5 0
801,Ryddola 39,Hydro,Reservoir,Store,NO,3.49,,2013.0,2013.0,2113.0,61.924169,9.340514,,0.0,247.3,0.0,{},"{'JRC': {'JRC-N1751'}, 'OPSD': {'OEU-4205'}}",NO5 3
802,Royrvikfoss 20,Hydro,Reservoir,Store,NO,16.6,,1965.0,1965.0,2065.0,64.886275,13.562079,2001.9277108433728,496.0,28.5,33232.0,{},"{'JRC': {'JRC-N348'}, 'OPSD': {'OEU-4227'}}",NO5 4
803,Royrvatn 20,Hydro,Reservoir,Store,NO,2.7,,2006.0,2006.0,2106.0,67.313709,15.676233,1750.370370370371,17.0,109.0,4726.000000000001,{},"{'JRC': {'JRC-N1218'}, 'OPSD': {'OEU-4226'}}",NO5 1
804,Rottenvik 21,Hydro,Reservoir,Store,NO,5.49,,1952.0,1952.0,2052.0,69.600545,20.27112,852.1311475409835,4.6,448.84,4678.2,{},"{'JRC': {'JRC-N344'}, 'OPSD': {'OEU-4198'}}",NO5 1
805,Rostad 40,Hydro,Reservoir,Store,NO,2.8,,2010.0,2010.0,2110.0,63.673365,10.630911,,0.0,83.2,0.0,{},"{'JRC': {'JRC-N1564'}, 'OPSD': {'OEU-4223'}}",NO5 3
806,Roskrepp 105,Hydro,Reservoir,Store,NO,50.0,,1979.0,1979.0,2079.0,59.026674,7.089143,2877.2999999999997,695.0,88.0,143864.99999999997,{},"{'JRC': {'JRC-N343'}, 'OPSD': {'OEU-4195'}}",NO5 2
807,Skinvik 106,Hydro,Reservoir,Store,NO,1.2,,2008.0,2008.0,2108.0,62.063263,6.296395,,0.0,96.0,0.0,{},"{'JRC': {'JRC-N1394'}, 'OPSD': {'OEU-4302'}}",NO5 2
808,Skibotn 22,Hydro,Reservoir,Store,NO,70.0,,1979.0,1979.0,2079.0,69.312883,20.34206,2186.08,145.6,440.0,153025.6,{},"{'JRC': {'JRC-N375'}, 'OPSD': {'OEU-4301'}}",NO5 1
809,Skarelva 23,Hydro,Reservoir,Store,NO,5.0,,2012.0,2012.0,2112.0,68.183906,17.306387,,0.0,437.0,0.0,{},"{'JRC': {'JRC-N1684'}, 'OPSD': {'OEU-4295'}}",NO5 1
810,Skar 107,Hydro,Reservoir,Store,NO,1.4,,1920.0,2015.0,2115.0,62.128575,5.697751,,0.0,319.0,0.0,{},"{'JRC': {'JRC-N1761'}, 'OPSD': {'OEU-4294', 'OEU-4296', 'OEU-4341'}}",NO5 2
811,Skalheim 108,Hydro,Reservoir,Store,NO,1.44,,2008.0,2008.0,2108.0,60.382486,6.170474,,0.0,154.0,0.0,{},"{'JRC': {'JRC-N1386'}, 'OPSD': {'OEU-4340'}}",NO5 2
812,Skagen 41,Hydro,Reservoir,Store,NO,270.0,,1959.0,1959.0,2059.0,61.504615,7.706137,246.18666666666664,28.8,967.0,66470.4,{},"{'JRC': {'JRC-N94'}, 'OPSD': {'OEU-4292'}}",NO5 3
813,Sjona 21,Hydro,Reservoir,Store,NO,52.0,,1973.0,1983.0,2083.0,66.310342,13.563553,884.7692307692307,72.0,267.7,46008.0,{},"{'JRC': {'JRC-N367'}, 'OPSD': {'OEU-4287', 'OEU-4291'}}",NO5 4
814,Sjofossen 22,Hydro,Reservoir,Store,NO,6.5,,1950.0,1950.0,2050.0,66.970862,14.146661,,0.0,55.0,0.0,{},"{'JRC': {'JRC-N368'}, 'OPSD': {'OEU-4288'}}",NO5 4
815,Simavik 24,Hydro,Reservoir,Store,NO,1.25,,2015.0,2015.0,2115.0,69.835018,19.007529,1785.6,4.5,211.1,2232.0,{},"{'JRC': {'JRC-N1836'}, 'OPSD': {'OEU-4282'}}",NO5 1
816,Sikkajokk 25,Hydro,Reservoir,Store,NO,1.9,,1950.0,1950.0,2050.0,69.809345,20.753318,2223.157894736842,6.4,327.0,4224.0,{},"{'JRC': {'JRC-N364'}, 'OPSD': {'OEU-4278'}}",NO5 1
817,Sigdestad 109,Hydro,Reservoir,Store,NO,8.99,,2018.0,2018.0,2118.0,61.834199,5.664874,,0.0,139.7,0.0,{},"{'JRC': {'JRC-N1901'}, 'OPSD': {'OEU-4277'}}",NO5 2
818,Sevre 44,Hydro,Reservoir,Store,NO,4.8,,2008.0,2008.0,2108.0,60.470494,9.22888,,0.0,190.0,0.0,{},"{'JRC': {'JRC-N1381'}, 'OPSD': {'OEU-4276'}}",NO5 0
819,Seterkraft 42,Hydro,Reservoir,Store,NO,4.74,,2014.0,2014.0,2114.0,62.674848,8.430747,,0.0,253.2,0.0,{},"{'JRC': {'JRC-N1774'}, 'OPSD': {'OEU-4273'}}",NO5 3
820,Sesselva 43,Hydro,Reservoir,Store,NO,5.0,,2016.0,2016.0,2116.0,62.556419,7.161748,,0.0,270.8,0.0,{},"{'JRC': {'JRC-N1880'}, 'OPSD': {'OEU-4272'}}",NO5 3
821,Selselva 110,Hydro,Reservoir,Store,NO,5.36,,2016.0,2016.0,2116.0,61.387342,5.61457,,0.0,569.3,0.0,{},"{'JRC': {'JRC-N1838'}, 'OPSD': {'OEU-4271'}}",NO5 2
822,Seimsdal 111,Hydro,Reservoir,Store,NO,6.5,,2011.0,2011.0,2111.0,61.244244,7.656209,,0.0,290.0,0.0,{},"{'JRC': {'JRC-N1542'}, 'OPSD': {'OEU-4268'}}",NO5 2
823,Scheldefoss 44,Hydro,Reservoir,Store,NO,1.4,,1994.0,1994.0,2094.0,64.46592,10.946658,350.0,10.0,22.5,490.0,{},"{'JRC': {'JRC-N745'}, 'OPSD': {'OEU-4267'}}",NO5 3
824,Savalen 45,Hydro,Reservoir,Store,NO,62.0,,1971.0,1971.0,2071.0,62.185692,10.611858,530.0709677419355,61.2,230.8,32864.4,{},"{'JRC': {'JRC-N363'}, 'OPSD': {'OEU-4266'}}",NO5 3
825,Sandneselva 112,Hydro,Reservoir,Store,NO,2.29,,2001.0,2018.0,2118.0,60.798952,5.319236,,0.0,212.73,0.0,{},"{'JRC': {'JRC-N1937'}, 'OPSD': {'OEU-4261', 'OEU-4260'}}",NO5 2
826,Sandal Og Fossheim 113,Hydro,Reservoir,Store,NO,2.7,,2004.0,2007.0,2107.0,61.746998,6.58131,,0.0,63.0,0.0,{},"{'JRC': {'JRC-N807'}, 'OPSD': {'OEU-4258', 'OEU-4259'}}",NO5 2
827,Sildvik 26,Hydro,Reservoir,Store,NO,65.0,,1982.0,1982.0,2082.0,68.397625,17.799681,2292.2000000000003,94.9,660.0,148993.00000000003,{},"{'JRC': {'JRC-N365'}, 'OPSD': {'OEU-4281'}}",NO5 1
828,Raubergfossen 46,Hydro,Reservoir,Store,NO,2.7,,1996.0,1996.0,2096.0,62.943292,11.107585,324.4444444444444,6.0,61.5,875.9999999999999,{},"{'JRC': {'JRC-N728'}, 'OPSD': {'OEU-4151'}}",NO5 3
829,Raua 45,Hydro,Reservoir,Store,NO,1.1,,1941.0,1941.0,2041.0,61.271742,10.132687,3468.181818181818,5.0,391.7,3815.0,{},"{'JRC': {'JRC-N331'}, 'OPSD': {'OEU-4150'}}",NO5 0
830,Rassafoss 47,Hydro,Reservoir,Store,NO,4.95,,2010.0,2010.0,2110.0,62.827032,8.701812,,0.0,0.0,0.0,{},"{'JRC': {'JRC-N1534'}, 'OPSD': {'OEU-4230'}}",NO5 3
831,Rasdalen 114,Hydro,Reservoir,Store,NO,5.2,,2000.0,2009.0,2109.0,60.636289,5.963677,,0.0,280.0,0.0,{},"{'JRC': {'JRC-N1450'}, 'OPSD': {'OEU-3486', 'OEU-4149'}}",NO5 2
832,Ramstaddal 48,Hydro,Reservoir,Store,NO,1.2,,1983.0,1983.0,2083.0,62.398629,6.800512,624.3750000000001,0.81,380.0,749.2500000000001,{},"{'JRC': {'JRC-N773'}, 'OPSD': {'OEU-4147'}}",NO5 3
833,Ramfoss 46,Hydro,Reservoir,Store,NO,30.0,,1961.0,1961.0,2061.0,60.084174,9.816174,173.33333333333334,100.0,22.39,5200.0,{},"{'JRC': {'JRC-N329'}, 'OPSD': {'OEU-4146'}}",NO5 0
834,Rafdal Heimeelva 115,Hydro,Reservoir,Store,NO,2.0,,2008.0,2008.0,2108.0,59.788141,6.178043,,0.0,497.0,0.0,{},"{'JRC': {'JRC-N1384'}, 'OPSD': {'OEU-4143'}}",NO5 2
835,Pikerfoss 47,Hydro,Reservoir,Store,NO,15.8,,1982.0,1982.0,2082.0,59.721147,9.594435,,0.0,13.5,0.0,{},"{'JRC': {'JRC-N328'}, 'OPSD': {'OEU-4139'}}",NO5 0
836,Palsbu 48,Hydro,Reservoir,Store,NO,6.2,,2007.0,2007.0,2107.0,60.433067,8.734342,1729.032258064516,335.0,13.0,10720.0,{},"{'JRC': {'JRC-N1336'}, 'OPSD': {'OEU-4141'}}",NO5 0
837,Oyrabekken 116,Hydro,Reservoir,Store,NO,2.0,,2007.0,2007.0,2107.0,60.126436,6.168048,,0.0,300.0,0.0,{},"{'JRC': {'JRC-N1345'}, 'OPSD': {'OEU-4748'}}",NO5 2
838,Roppa 49,Hydro,Reservoir,Store,NO,5.0,,1976.0,1976.0,2076.0,61.240405,10.058534,2923.58,13.7,473.0,14617.9,{},"{'JRC': {'JRC-N342'}, 'OPSD': {'OEU-4193'}}",NO5 0
839,Oyadalen 117,Hydro,Reservoir,Store,NO,2.0,,2008.0,2008.0,2108.0,62.2289,6.289395,,0.0,408.8,0.0,{},"{'JRC': {'JRC-N1382'}, 'OPSD': {'OEU-4745'}}",NO5 2
840,Ovstedal 49,Hydro,Reservoir,Store,NO,1.24,,2012.0,2012.0,2112.0,62.482218,7.16262,,0.0,301.0,0.0,{},"{'JRC': {'JRC-N1713'}, 'OPSD': {'OEU-4744'}}",NO5 3
841,Ovre Tessa 50,Hydro,Reservoir,Store,NO,16.0,,1956.0,1956.0,2056.0,61.817179,8.951578,3225.625,130.0,175.0,51610.0,{},"{'JRC': {'JRC-N522'}, 'OPSD': {'OEU-4741'}}",NO5 3
842,Ovre Svultingen 118,Hydro,Reservoir,Store,NO,6.45,,1941.0,1941.0,2041.0,61.160205,5.478088,1079.5658914728683,25.6,103.0,6963.200000000001,{},"{'JRC': {'JRC-N521'}, 'OPSD': {'OEU-4740'}}",NO5 2
843,Rusdalsani 119,Hydro,Reservoir,Store,NO,5.49,,2019.0,2019.0,2119.0,58.588596,6.506877,,0.0,206.0,0.0,{},"{'JRC': {'JRC-N1932'}, 'OPSD': {'OEU-4203'}}",NO5 2
844,Ovre Porsa 27,Hydro,Reservoir,Store,NO,1.7,,1962.0,1962.0,2062.0,70.382999,23.702772,2447.058823529412,40.0,55.0,4160.0,{},"{'JRC': {'JRC-N519'}, 'OPSD': {'OEU-4738'}}",NO5 1
845,Ovre Markevatn 120,Hydro,Reservoir,Store,NO,5.0,,1938.0,1938.0,2038.0,61.446093,5.335162,1139.8000000000002,20.5,113.8,5699.000000000001,{},"{'JRC': {'JRC-N518'}, 'OPSD': {'OEU-4736'}}",NO5 2
846,Ovre Fiskumfoss 23,Hydro,Reservoir,Store,NO,7.6,,1976.0,1976.0,2076.0,64.556298,12.4777,,0.0,6.69,0.0,{},"{'JRC': {'JRC-N515'}, 'OPSD': {'OEU-4732'}}",NO5 4
847,Ovre Bersavatn 121,Hydro,Reservoir,Store,NO,5.5,,2004.0,2004.0,2104.0,60.181651,6.693228,3125.454545454545,45.0,159.0,17190.0,{},"{'JRC': {'JRC-N809'}, 'OPSD': {'OEU-4730'}}",NO5 2
848,Osvatn 122,Hydro,Reservoir,Store,NO,2.3,,1951.0,1951.0,2051.0,60.613507,5.604592,1645.217391304348,8.0,205.0,3784.0,{},"{'JRC': {'JRC-N327'}, 'OPSD': {'OEU-4132'}}",NO5 2
849,Ostre Neset 123,Hydro,Reservoir,Store,NO,3.1,,2014.0,2014.0,2114.0,58.5153705,6.536844,1.632258064516129,0.01,357.91,5.0600000000000005,{},"{'JRC': {'JRC-N1783', 'JRC-N1784'}, 'OPSD': {'OEU-4728'}}",NO5 2
850,Oynan 124,Hydro,Reservoir,Store,NO,1.95,,2010.0,2010.0,2110.0,60.507097,7.987644,,0.0,88.0,0.0,{},"{'JRC': {'JRC-N1473'}, 'OPSD': {'OEU-4747'}}",NO5 2
851,Rongkleiv 125,Hydro,Reservoir,Store,NO,3.0,,2006.0,2006.0,2106.0,61.664138,5.912952,,0.0,190.0,0.0,{},"{'JRC': {'JRC-N1243'}, 'OPSD': {'OEU-4192'}}",NO5 2
852,Roneid 126,Hydro,Reservoir,Store,NO,4.3,,2016.0,2016.0,2116.0,61.417,7.257286,,0.0,487.35,0.0,{},"{'JRC': {'JRC-N1864'}, 'OPSD': {'OEU-4217'}}",NO5 2
853,Romoyri 127,Hydro,Reservoir,Store,NO,8.63,,2017.0,2017.0,2117.0,61.285947,6.684627,,0.0,528.0,0.0,{},"{'JRC': {'JRC-N1911'}, 'OPSD': {'OEU-4191'}}",NO5 2
854,Rognsfossen 128,Hydro,Reservoir,Store,NO,6.0,,1989.0,1989.0,2089.0,60.632487,6.431703,,0.0,19.29,0.0,{},"{'JRC': {'JRC-N605'}, 'OPSD': {'OEU-4188'}}",NO5 2
855,Rofsdalselva 129,Hydro,Reservoir,Store,NO,5.91,,2019.0,2019.0,2119.0,62.0594625,5.715384,,0.0,393.97,0.0,{},"{'JRC': {'JRC-N1961', 'JRC-N1860'}, 'OPSD': {'OEU-4215'}}",NO5 2
856,Rodset 51,Hydro,Reservoir,Store,NO,2.15,,2015.0,2015.0,2115.0,62.24194,6.904543,,0.0,38.0,0.0,{},"{'JRC': {'JRC-N1817'}, 'OPSD': {'OEU-4213'}}",NO5 3
857,Rodne 130,Hydro,Reservoir,Store,NO,9.0,,2006.0,2006.0,2106.0,59.562936,5.871519,,0.0,245.0,0.0,{},"{'JRC': {'JRC-N842'}, 'OPSD': {'OEU-4212'}}",NO5 2
858,Rodberg 50,Hydro,Reservoir,Store,NO,2.9,,2009.0,2012.0,2112.0,60.263113,8.976154,,0.0,60.66,0.0,{},"{'JRC': {'JRC-N1420'}, 'OPSD': {'OEU-4211', 'OEU-4105'}}",NO5 0
859,Rodal 52,Hydro,Reservoir,Store,NO,1.7,,2011.0,2011.0,2111.0,63.161617,8.677545,,0.0,155.0,0.0,{},"{'JRC': {'JRC-N1586'}, 'OPSD': {'OEU-4186'}}",NO5 3
860,Ringdal 53,Hydro,Reservoir,Store,NO,5.85,,2011.0,2017.0,2117.0,62.08921,6.853629,,0.0,151.74,0.0,{},"{'JRC': {'JRC-N1518'}, 'OPSD': {'OEU-4180', 'OEU-4181'}}",NO5 3
861,Ravnaga 24,Hydro,Reservoir,Store,NO,1.25,,2011.0,2011.0,2111.0,66.42542,13.975207,,0.0,38.0,0.0,{},"{'JRC': {'JRC-N1652'}, 'OPSD': {'OEU-4154'}}",NO5 4
862,Riksheim 131,Hydro,Reservoir,Store,NO,9.8,,1918.0,2003.0,2103.0,62.346464,6.545584,784.4897959183672,8.0,653.74,7688.0,{},"{'JRC': {'JRC-N800', 'JRC-N340'}, 'OPSD': {'OEU-4177', 'OEU-4176'}}",NO5 2
863,Ridola 51,Hydro,Reservoir,Store,NO,1.9,,2010.0,2010.0,2110.0,60.653285,8.776652,,0.0,172.0,0.0,{},"{'JRC': {'JRC-N1515'}, 'OPSD': {'OEU-4175'}}",NO5 0
864,Repvag 28,Hydro,Reservoir,Store,NO,4.4,,1953.0,1953.0,2053.0,70.773547,25.616486,2810.704545454545,28.3,172.0,12367.1,{},"{'JRC': {'JRC-N339'}, 'OPSD': {'OEU-4174'}}",NO5 1
865,Reppa 25,Hydro,Reservoir,Store,NO,10.0,,1956.0,1984.0,2084.0,66.645942,13.560479,4088.07,30.9,575.0,40880.7,{},"{'JRC': {'JRC-N337'}, 'OPSD': {'OEU-4173', 'OEU-3132'}}",NO5 4
866,Rekvatn 29,Hydro,Reservoir,Store,NO,23.3,,1953.0,1953.0,2053.0,67.824218,15.993795,1421.030042918455,77.0,207.5,33110.0,{},"{'JRC': {'JRC-N335'}, 'OPSD': {'OEU-4167'}}",NO5 1
867,Reinskar 26,Hydro,Reservoir,Store,NO,9.6,,2008.0,2008.0,2108.0,66.944213,14.122051,308.33333333333337,10.0,126.0,2960.0,{},"{'JRC': {'JRC-N1404'}, 'OPSD': {'OEU-4162'}}",NO5 4
868,Reinset 54,Hydro,Reservoir,Store,NO,4.9,,1948.0,1948.0,2048.0,62.804585,8.502891,1165.7142857142858,10.5,263.6,5712.000000000001,{},"{'JRC': {'JRC-N334'}, 'OPSD': {'OEU-4161'}}",NO5 3
869,Reinli 52,Hydro,Reservoir,Store,NO,3.1,,2008.0,2008.0,2108.0,60.827475,9.518793,,0.0,0.0,0.0,{},"{'JRC': {'JRC-N1412'}, 'OPSD': {'OEU-4160'}}",NO5 0
870,Reingardsaga 27,Hydro,Reservoir,Store,NO,2.4,,2009.0,2009.0,2109.0,66.441763,14.259013,,0.0,196.0,0.0,{},"{'JRC': {'JRC-N1459'}, 'OPSD': {'OEU-4159'}}",NO5 4
871,Reinfossen 28,Hydro,Reservoir,Store,NO,3.4,,1925.0,1925.0,2025.0,66.349608,14.342784,,0.0,30.0,0.0,{},"{'JRC': {'JRC-N333'}, 'OPSD': {'OEU-4158'}}",NO5 4
872,Reinaga 29,Hydro,Reservoir,Store,NO,3.91,,2014.0,2014.0,2114.0,66.037574,13.854985,3.473145780051152,0.01,567.0,13.580000000000002,{},"{'JRC': {'JRC-N1766'}, 'OPSD': {'OEU-4164'}}",NO5 4
873,Rime 53,Hydro,Reservoir,Store,NO,1.5,,2014.0,2014.0,2114.0,60.441639,9.373697,,0.0,165.0,0.0,{},"{'JRC': {'JRC-N1759'}, 'OPSD': {'OEU-4179'}}",NO5 0
874,Strupen 132,Hydro,Reservoir,Store,NO,1.92,,1999.0,2017.0,2117.0,61.704576,6.626982,,0.0,78.95,0.0,{},"{'JRC': {'JRC-N1895'}, 'OPSD': {'OEU-4413', 'OEU-4412'}}",NO5 2
875,Strielv 30,Hydro,Reservoir,Store,NO,1.7,,1984.0,1984.0,2084.0,68.610897,15.46858,740.7058823529412,1.6,320.5,1259.2,{},"{'JRC': {'JRC-N405'}, 'OPSD': {'OEU-4410'}}",NO5 1
876,Straumane 133,Hydro,Reservoir,Store,NO,1.45,,2005.0,2017.0,2117.0,61.792347,5.354404,2021.793103448276,34.9,38.0,2931.6,{},"{'JRC': {'JRC-N838'}, 'OPSD': {'OEU-4407', 'OEU-4406'}}",NO5 2
877,Strapa 134,Hydro,Reservoir,Store,NO,4.4,,2007.0,2007.0,2107.0,59.481818,6.510938,,0.0,457.0,0.0,{},"{'JRC': {'JRC-N1325'}, 'OPSD': {'OEU-4415'}}",NO5 2
878,Strandfossen 54,Hydro,Reservoir,Store,NO,25.0,,1979.0,2012.0,2112.0,60.909193,11.525804,,0.0,12.5,0.0,{},"{'JRC': {'JRC-N403'}, 'OPSD': {'OEU-4403', 'OEU-4402', 'OEU-4405'}}",NO5 0
879,Storvatnet 31,Hydro,Reservoir,Store,NO,2.0,,2002.0,2015.0,2115.0,67.962922,15.976403,,0.0,103.0,0.0,{},"{'JRC': {'JRC-N1818'}, 'OPSD': {'OEU-4395', 'OEU-4396'}}",NO5 1
880,Storlivatn 135,Hydro,Reservoir,Store,NO,48.0,,1968.0,1968.0,2068.0,59.687516,6.521502,1179.425,114.6,215.0,56612.4,{},"{'JRC': {'JRC-N361'}, 'OPSD': {'OEU-4394'}}",NO5 2
881,Storfallet 55,Hydro,Reservoir,Store,NO,2.7,,1990.0,1990.0,2090.0,61.371819,11.104129,,0.0,71.4,0.0,{},"{'JRC': {'JRC-N738'}, 'OPSD': {'OEU-4392'}}",NO5 0
882,Storelvvatnet 32,Hydro,Reservoir,Store,NO,5.0,,2015.0,2015.0,2115.0,67.123345,16.193651,,0.0,78.38,0.0,{},"{'JRC': {'JRC-N1785'}, 'OPSD': {'OEU-4391'}}",NO5 1
883,Storelvi 136,Hydro,Reservoir,Store,NO,4.04,,2009.0,2017.0,2117.0,60.262074,6.624444,,0.0,645.27,0.0,{},"{'JRC': {'JRC-N1876'}, 'OPSD': {'OEU-4390', 'OEU-4393'}}",NO5 2
884,Skjaerlivatn 55,Hydro,Reservoir,Store,NO,2.6,,1993.0,1993.0,2093.0,64.227295,10.406153,949.3076923076922,8.2,121.0,2468.2,{},"{'JRC': {'JRC-N565'}, 'OPSD': {'OEU-4313'}}",NO5 3
885,Storebekk 137,Hydro,Reservoir,Store,NO,2.0,,2004.0,2004.0,2104.0,58.652959,7.604964,,0.0,280.0,0.0,{},"{'JRC': {'JRC-N831'}, 'OPSD': {'OEU-4385'}}",NO5 2
886,Stordal 138,Hydro,Reservoir,Store,NO,26.0,,1974.0,2002.0,2102.0,60.960972,5.703188,810.2769230769231,83.6,115.0,21067.2,{},"{'JRC': {'JRC-N402'}, 'OPSD': {'OEU-4384', 'OEU-4386'}}",NO5 2
887,Storavatn 30,Hydro,Reservoir,Store,NO,8.0,,2019.0,2019.0,2119.0,66.474322,13.396543,2471.975,17.8,442.5,19775.8,{},"{'JRC': {'JRC-N1849'}, 'OPSD': {'OEU-4399'}}",NO5 4
888,Storaselva 31,Hydro,Reservoir,Store,NO,25.5,,2018.0,2018.0,2118.0,64.279771,12.617346,,0.0,124.0,0.0,{},"{'JRC': {'JRC-N1934'}, 'OPSD': {'OEU-4398'}}",NO5 4
889,Stora 33,Hydro,Reservoir,Store,NO,1.9,,2011.0,2011.0,2111.0,68.074694,16.391316,,0.0,136.0,0.0,{},"{'JRC': {'JRC-N1579'}, 'OPSD': {'OEU-4397'}}",NO5 1
890,Stolskraft 139,Hydro,Reservoir,Store,NO,1.34,,2003.0,2003.0,2103.0,58.722816,6.06496,,0.0,106.0,0.0,{},"{'JRC': {'JRC-N797'}, 'OPSD': {'OEU-4423'}}",NO5 2
891,Stolsdalselva 140,Hydro,Reservoir,Store,NO,7.5,,2009.0,2009.0,2109.0,60.280322,6.289923,,0.0,192.0,0.0,{},"{'JRC': {'JRC-N1457'}, 'OPSD': {'OEU-4422'}}",NO5 2
892,Stolsdal 141,Hydro,Reservoir,Store,NO,17.0,,1985.0,1986.0,2086.0,59.314015,6.621668,30.917647058823523,2.4,95.0,525.5999999999999,{},"{'JRC': {'JRC-N406'}, 'OPSD': {'OEU-4421', 'OEU-4420'}}",NO5 2
893,Stokkelandsana 142,Hydro,Reservoir,Store,NO,3.12,,2010.0,2010.0,2110.0,58.359811,7.044606,,0.0,137.0,0.0,{},"{'JRC': {'JRC-N1452'}, 'OPSD': {'OEU-4382'}}",NO5 2
894,Storelva 32,Hydro,Reservoir,Store,NO,8.0,,1948.0,2019.0,2119.0,65.323082,12.995377,,0.0,87.1,0.0,{},"{'JRC': {'JRC-N1856'}, 'OPSD': {'OEU-4387', 'OEU-4389', 'OEU-4388'}}",NO5 4
895,Syversaetre Foss 56,Hydro,Reservoir,Store,NO,2.5,,2012.0,2012.0,2112.0,60.62985,12.030383,,0.0,7.0,0.0,{},"{'JRC': {'JRC-N1693'}, 'OPSD': {'OEU-4464'}}",NO5 0
896,Syrifossen 143,Hydro,Reservoir,Store,NO,2.84,,2010.0,2010.0,2110.0,60.641958,6.324919,,0.0,113.3,0.0,{},"{'JRC': {'JRC-N1494'}, 'OPSD': {'OEU-4462'}}",NO5 2
897,Sylsjo 33,Hydro,Reservoir,Store,NO,3.3,,2008.0,2008.0,2108.0,62.930266,12.151988,2606.666666666667,187.0,0.0,8602.0,{},"{'JRC': {'JRC-N1436'}, 'OPSD': {'OEU-4461'}}",NO5 4
898,Sya 56,Hydro,Reservoir,Store,NO,1.2,,2009.0,2009.0,2109.0,63.031194,9.697494,,0.0,193.4,0.0,{},"{'JRC': {'JRC-N1578'}, 'OPSD': {'OEU-4460'}}",NO5 3
899,Svorkmo 57,Hydro,Reservoir,Store,NO,55.0,,1983.0,1983.0,2083.0,63.178053,9.772572,,0.0,96.0,0.0,{},"{'JRC': {'JRC-N422'}, 'OPSD': {'OEU-4457'}}",NO5 3
900,Svorka 58,Hydro,Reservoir,Store,NO,22.0,,1963.0,1963.0,2063.0,63.038848,8.655876,330.68181818181813,12.5,259.0,7274.999999999999,{},"{'JRC': {'JRC-N421'}, 'OPSD': {'OEU-4456'}}",NO5 3
901,Svean 59,Hydro,Reservoir,Store,NO,27.0,,1940.0,1940.0,2040.0,63.279212,10.472662,,0.0,56.0,0.0,{},"{'JRC': {'JRC-N415'}, 'OPSD': {'OEU-4449'}}",NO5 3
902,Svatsum 57,Hydro,Reservoir,Store,NO,1.7,,1915.0,2009.0,2109.0,61.333327,9.748778,,0.0,288.0,0.0,{},"{'JRC': {'JRC-N1468'}, 'OPSD': {'OEU-4447', 'OEU-4448'}}",NO5 0
903,Svartvatn 34,Hydro,Reservoir,Store,NO,1.79,,2008.0,2012.0,2112.0,65.375521,12.753078,1274.6368715083795,18.4,53.0,2281.5999999999995,{},"{'JRC': {'JRC-N1609'}, 'OPSD': {'OEU-4446', 'OEU-4441'}}",NO5 4
904,Stublielva 34,Hydro,Reservoir,Store,NO,3.0,,2014.0,2014.0,2114.0,68.353816,17.623417,,0.0,230.0,0.0,{},"{'JRC': {'JRC-N1768'}, 'OPSD': {'OEU-4416'}}",NO5 1
905,Svartelva 60,Hydro,Reservoir,Store,NO,15.5,,1959.0,1959.0,2059.0,63.637554,10.132666,1241.2903225806454,74.0,107.9,19240.000000000004,{},"{'JRC': {'JRC-N414'}, 'OPSD': {'OEU-4440'}}",NO5 3
906,Svartdalen 144,Hydro,Reservoir,Store,NO,7.5,,2006.0,2006.0,2106.0,60.790566,5.418863,,0.0,380.5,0.0,{},"{'JRC': {'JRC-N1223'}, 'OPSD': {'OEU-4439'}}",NO5 2
907,Svardola 145,Hydro,Reservoir,Store,NO,9.2,,2018.0,2018.0,2118.0,61.490419,6.983725,,0.0,397.0,0.0,{},"{'JRC': {'JRC-N1908'}, 'OPSD': {'OEU-4438'}}",NO5 2
908,Svandalsflona 146,Hydro,Reservoir,Store,NO,20.0,,1977.0,1977.0,2077.0,59.850284,6.962739,705.6,28.0,200.0,14112.0,{},"{'JRC': {'JRC-N413'}, 'OPSD': {'OEU-4435'}}",NO5 2
909,Svaeren 147,Hydro,Reservoir,Store,NO,3.2,,2010.0,2010.0,2110.0,61.281879,6.497773,,0.0,242.0,0.0,{},"{'JRC': {'JRC-N1568'}, 'OPSD': {'OEU-4459'}}",NO5 2
910,Svabo 35,Hydro,Reservoir,Store,NO,3.2,,1996.0,1996.0,2096.0,66.303985,14.187881,1587.5,20.0,105.0,5080.0,{},"{'JRC': {'JRC-N759'}, 'OPSD': {'OEU-4434'}}",NO5 4
911,Suvdal Buvasselva 58,Hydro,Reservoir,Store,NO,1.35,,2004.0,2004.0,2104.0,59.161682,8.73069,622.074074074074,3.8,97.2,839.8,{},"{'JRC': {'JRC-N1257'}, 'OPSD': {'OEU-4432'}}",NO5 0
912,Sundfossen 36,Hydro,Reservoir,Store,NO,2.2,,1998.0,1998.0,2098.0,64.078223,11.63216,750.0,165.0,4.4,1650.0000000000002,{},"{'JRC': {'JRC-N763'}, 'OPSD': {'OEU-4428'}}",NO5 4
913,Sundal 148,Hydro,Reservoir,Store,NO,4.2,,2006.0,2015.0,2115.0,62.048707,6.332186,,0.0,270.0,0.0,{},"{'JRC': {'JRC-N1230'}, 'OPSD': {'OEU-4427', 'OEU-4429'}}",NO5 2
914,Stuvane 149,Hydro,Reservoir,Store,NO,38.0,,1988.0,1988.0,2088.0,61.05021,7.643941,,0.0,156.19,0.0,{},"{'JRC': {'JRC-N557'}, 'OPSD': {'OEU-4418'}}",NO5 2
915,Stuttgongfossen 61,Hydro,Reservoir,Store,NO,1.2,,2007.0,2007.0,2107.0,61.618305,8.977755,,0.0,24.0,0.0,{},"{'JRC': {'JRC-N1344'}, 'OPSD': {'OEU-4417'}}",NO5 3
916,Svartkulp 150,Hydro,Reservoir,Store,NO,3.9,,2001.0,2001.0,2101.0,59.729116,6.627519,2722.897435897436,103.1,0.0,10619.3,{},"{'JRC': {'JRC-N785'}, 'OPSD': {'OEU-4443'}}",NO5 2
917,Slunkajavrre 35,Hydro,Reservoir,Store,NO,21.0,,1983.0,1983.0,2083.0,67.807909,16.115713,2359.7619047619046,85.0,246.5,49555.0,{},"{'JRC': {'JRC-N390'}, 'OPSD': {'OEU-4347'}}",NO5 1
918,Slind 62,Hydro,Reservoir,Store,NO,20.0,,1985.0,1985.0,2085.0,63.192406,10.956678,918.03,43.1,178.0,18360.6,{},"{'JRC': {'JRC-N389'}, 'OPSD': {'OEU-4346'}}",NO5 3
919,Sleveane 151,Hydro,Reservoir,Store,NO,5.5,,2017.0,2017.0,2117.0,60.10166,6.552241,,0.0,742.0,0.0,{},"{'JRC': {'JRC-N1820'}, 'OPSD': {'OEU-4345'}}",NO5 2
920,Slemma 63,Hydro,Reservoir,Store,NO,1.8,,2019.0,2019.0,2119.0,62.682731,7.608338,,0.0,312.2,0.0,{},"{'JRC': {'JRC-N1968'}, 'OPSD': {'OEU-4343'}}",NO5 3
921,Skyggeelva 152,Hydro,Reservoir,Store,NO,4.76,,2010.0,2010.0,2110.0,61.359606,5.667534,,0.0,0.0,0.0,{},"{'JRC': {'JRC-N1597'}, 'OPSD': {'OEU-4339'}}",NO5 2
922,Skulafossen 153,Hydro,Reservoir,Store,NO,4.5,,1950.0,1950.0,2050.0,60.274631,6.039433,572.7111111111112,6.800000000000001,175.0,2577.2000000000003,{},"{'JRC': {'JRC-N388'}, 'OPSD': {'OEU-4337'}}",NO5 2
923,Skromma 37,Hydro,Reservoir,Store,NO,2.3,,2008.0,2008.0,2108.0,66.934494,13.775822,,0.0,0.0,0.0,{},"{'JRC': {'JRC-N1424'}, 'OPSD': {'OEU-4335'}}",NO5 4
924,Skripelandsfossen 59,Hydro,Reservoir,Store,NO,2.6,,2014.0,2014.0,2114.0,58.565786,8.225532,,0.0,11.78,0.0,{},"{'JRC': {'JRC-N1791'}, 'OPSD': {'OEU-4334'}}",NO5 0
925,Skree 154,Hydro,Reservoir,Store,NO,6.9,,1995.0,1995.0,2095.0,59.353813,8.079771,,0.0,55.1,0.0,{},"{'JRC': {'JRC-N750'}, 'OPSD': {'OEU-4333'}}",NO5 2
926,Skravlaga 38,Hydro,Reservoir,Store,NO,5.0,,2014.0,2014.0,2114.0,66.112053,13.53764,,0.0,259.0,0.0,{},"{'JRC': {'JRC-N1722'}, 'OPSD': {'OEU-4332'}}",NO5 4
927,Steinsvik 155,Hydro,Reservoir,Store,NO,8.2,,2009.0,2009.0,2109.0,61.999557,5.854637,674.868292682927,3.36,692.0,5533.92,{},"{'JRC': {'JRC-N1419'}, 'OPSD': {'OEU-4378'}}",NO5 2
928,Skorga 64,Hydro,Reservoir,Store,NO,2.9,,1936.0,2019.0,2119.0,62.720174,7.770032,,0.0,319.0,0.0,{},"{'JRC': {'JRC-N1953'}, 'OPSD': {'OEU-4327', 'OEU-4328'}}",NO5 3
929,Skonningsfoss 60,Hydro,Reservoir,Store,NO,2.4,,1997.0,1997.0,2097.0,59.126285,11.41814,,0.0,7.69,0.0,{},"{'JRC': {'JRC-N760'}, 'OPSD': {'OEU-4326'}}",NO5 0
930,Skolten 156,Hydro,Reservoir,Store,NO,1.3,,2002.0,2002.0,2102.0,61.530776,5.459455,,0.0,75.0,0.0,{},"{'JRC': {'JRC-N1341'}, 'OPSD': {'OEU-4325'}}",NO5 2
931,Skogheim 157,Hydro,Reservoir,Store,NO,7.7,,1987.0,1987.0,2087.0,61.675014,5.783221,2030.7792207792204,19.0,341.0,15636.999999999998,{},"{'JRC': {'JRC-N384'}, 'OPSD': {'OEU-4321'}}",NO5 2
932,Skogfoss 36,Hydro,Reservoir,Store,NO,48.0,,1964.0,1964.0,2064.0,69.372953,29.694029,2795.833333333334,2684.0,19.7,134200.00000000003,{},"{'JRC': {'JRC-N383'}, 'OPSD': {'OEU-4320'}}",NO5 1
933,Skoddeberg 37,Hydro,Reservoir,Store,NO,6.78,,1953.0,1953.0,2053.0,68.625246,17.260847,1470.2064896755162,56.0,70.0,9968.0,{},"{'JRC': {'JRC-N382'}, 'OPSD': {'OEU-4317'}}",NO5 1
934,Skjerdal 158,Hydro,Reservoir,Store,NO,5.3,,2008.0,2008.0,2108.0,61.834041,5.974903,,0.0,0.0,0.0,{},"{'JRC': {'JRC-N1434'}, 'OPSD': {'OEU-4309'}}",NO5 2
935,Skjefstadfoss 61,Hydro,Reservoir,Store,NO,23.8,,1910.0,1972.0,2072.0,60.8284985,11.611152,,0.0,22.19,0.0,{},"{'JRC': {'JRC-N376', 'JRC-N377'}, 'OPSD': {'OEU-4305', 'OEU-4304'}}",NO5 0
936,Skjastad 159,Hydro,Reservoir,Store,NO,2.0,,2004.0,2004.0,2104.0,62.069652,6.467722,,0.0,226.0,0.0,{},"{'JRC': {'JRC-N840'}, 'OPSD': {'OEU-4316'}}",NO5 2
937,Skjak 65,Hydro,Reservoir,Store,NO,32.0,,1965.0,1965.0,2065.0,61.899278,8.227095,2975.625,60.0,684.59,95220.0,{},"{'JRC': {'JRC-N381'}, 'OPSD': {'OEU-4315'}}",NO5 3
938,Skotfoss 62,Hydro,Reservoir,Store,NO,24.0,,1953.0,1988.0,2088.0,59.207785,9.528109,8.625,9.0,10.0,207.0,{},"{'JRC': {'JRC-N387'}, 'OPSD': {'OEU-4324', 'OEU-4330'}}",NO5 0
939,Steine 160,Hydro,Reservoir,Store,NO,1.9,,2006.0,2006.0,2106.0,59.48998,6.439484,,0.0,190.0,0.0,{},"{'JRC': {'JRC-N1376'}, 'OPSD': {'OEU-4375'}}",NO5 2
940,Steindal 161,Hydro,Reservoir,Store,NO,7.300000000000001,,2009.0,2019.0,2119.0,61.53086,5.459160000000001,,0.0,362.3,0.0,{},"{'JRC': {'JRC-N1941', 'JRC-N1942'}, 'OPSD': {'OEU-4373', 'OEU-4374'}}",NO5 2
941,Steinaga 39,Hydro,Reservoir,Store,NO,5.4,,2013.0,2013.0,2113.0,66.968249,14.431184,1071.0,5.4,448.0,5783.400000000001,{},"{'JRC': {'JRC-N1648'}, 'OPSD': {'OEU-4379'}}",NO5 4
942,Stegaros 63,Hydro,Reservoir,Store,NO,2.4,,2002.0,2002.0,2102.0,60.083394,8.286923,7490.0,321.0,37.0,17976.0,{},"{'JRC': {'JRC-N794'}, 'OPSD': {'OEU-4370'}}",NO5 0
943,Stedjeana 64,Hydro,Reservoir,Store,NO,1.2,,2007.0,2007.0,2107.0,58.881998,8.246006,,0.0,0.0,0.0,{},"{'JRC': {'JRC-N1329'}, 'OPSD': {'OEU-4369'}}",NO5 0
944,Standal 162,Hydro,Reservoir,Store,NO,13.49,,2012.0,2012.0,2112.0,62.261936000000006,6.4584715,,0.0,700.0,0.0,{},"{'JRC': {'JRC-N1566', 'JRC-N1238'}, 'OPSD': {'OEU-4368'}}",NO5 2
945,Stakaldefoss 163,Hydro,Reservoir,Store,NO,10.0,,1954.0,1954.0,2054.0,61.445797,6.009602,445.0,50.0,43.79,4450.0,{},"{'JRC': {'JRC-N398'}, 'OPSD': {'OEU-4367'}}",NO5 2
946,Staffi 164,Hydro,Reservoir,Store,NO,3.8,,2000.0,2000.0,2100.0,59.866907,6.087541,792.0,5.699999999999999,214.0,3009.6,{},"{'JRC': {'JRC-N779'}, 'OPSD': {'OEU-4366'}}",NO5 2
947,Stadheim 66,Hydro,Reservoir,Store,NO,4.53,,2001.0,2001.0,2101.0,62.073573,6.91285,,0.0,64.25,0.0,{},"{'JRC': {'JRC-N783'}, 'OPSD': {'OEU-4365'}}",NO5 3
948,Spilling 165,Hydro,Reservoir,Store,NO,1.25,,2008.0,2008.0,2108.0,58.159749,7.365916,,0.0,116.8,0.0,{},"{'JRC': {'JRC-N1402'}, 'OPSD': {'OEU-4364'}}",NO5 2
949,Smadola 67,Hydro,Reservoir,Store,NO,13.7,,2008.0,2015.0,2115.0,61.736211,8.936282,,0.0,123.0,0.0,{},"{'JRC': {'JRC-N1747'}, 'OPSD': {'OEU-4352', 'OEU-4351'}}",NO5 3
950,Sorani 166,Hydro,Reservoir,Store,NO,7.7,,2000.0,2019.0,2119.0,58.849841,7.819366,,0.0,235.0,0.0,{},"{'JRC': {'JRC-N1938'}, 'OPSD': {'OEU-4488', 'OEU-4489'}}",NO5 2
951,Solna 68,Hydro,Reservoir,Store,NO,5.35,,2016.0,2016.0,2116.0,62.116303,10.559259,,0.0,63.5,0.0,{},"{'JRC': {'JRC-N1883'}, 'OPSD': {'OEU-4475'}}",NO5 3
952,Solia 167,Hydro,Reservoir,Store,NO,1.96,,2016.0,2016.0,2116.0,61.32197,5.495185,,0.0,63.0,0.0,{},"{'JRC': {'JRC-N1810'}, 'OPSD': {'OEU-4474'}}",NO5 2
953,Solbjorn 40,Hydro,Reservoir,Store,NO,4.2,,1956.0,1956.0,2056.0,68.004201,13.161108,1538.333333333333,45.5,84.0,6460.999999999999,{},"{'JRC': {'JRC-N395'}, 'OPSD': {'OEU-4358'}}",NO5 4
954,Sokna 69,Hydro,Reservoir,Store,NO,30.0,,1964.0,1964.0,2064.0,63.150398,10.317983,12.066666666666666,1.0,181.7,362.0,{},"{'JRC': {'JRC-N393'}, 'OPSD': {'OEU-4355'}}",NO5 3
955,Sokkunda 65,Hydro,Reservoir,Store,NO,9.0,,2017.0,2017.0,2117.0,61.370997,11.098058,348.44444444444446,6.4,239.0,3136.0,{},"{'JRC': {'JRC-N1916'}, 'OPSD': {'OEU-4472'}}",NO5 0
956,Soberg 41,Hydro,Reservoir,Store,NO,5.2,,2011.0,2011.0,2111.0,65.235725,12.657184,,0.0,183.5,0.0,{},"{'JRC': {'JRC-N1477'}, 'OPSD': {'OEU-4470'}}",NO5 4
957,Soa 70,Hydro,Reservoir,Store,NO,37.0,,1967.0,1967.0,2067.0,63.300242,9.136845,1131.7567567567569,67.0,273.2,41875.0,{},"{'JRC': {'JRC-N424'}, 'OPSD': {'OEU-4469'}}",NO5 3
958,Snefjella 42,Hydro,Reservoir,Store,NO,2.7,,2014.0,2014.0,2114.0,66.384845,13.991172,,0.0,232.9,0.0,{},"{'JRC': {'JRC-N1779'}, 'OPSD': {'OEU-4354'}}",NO5 4
959,Smeland 168,Hydro,Reservoir,Store,NO,24.0,,1985.0,2003.0,2103.0,58.669051,7.450992,13.416666666666666,1.4,97.0,322.0,{},"{'JRC': {'JRC-N391'}, 'OPSD': {'OEU-4348', 'OEU-4487'}}",NO5 2
960,Smavatna 38,Hydro,Reservoir,Store,NO,18.8,,1970.0,1970.0,2070.0,69.684261,22.154025,1577.8723404255318,61.8,221.0,29664.0,{},"{'JRC': {'JRC-N392'}, 'OPSD': {'OEU-4353'}}",NO5 1
961,Sorbrandal 169,Hydro,Reservoir,Store,NO,9.5,,1951.0,1951.0,2051.0,62.166187,5.568515,2803.8315789473686,30.2,369.0,26636.4,{},"{'JRC': {'JRC-N425'}, 'OPSD': {'OEU-4479'}}",NO5 2
962,Bjastad 170,Hydro,Reservoir,Store,NO,5.19,,2018.0,2018.0,2118.0,61.376385,6.750451,,0.0,385.83,0.0,{},"{'JRC': {'JRC-N1915'}, 'OPSD': {'OEU-3187'}}",NO5 2
963,Bingsfoss 66,Hydro,Reservoir,Store,NO,32.5,,1977.0,1977.0,2077.0,59.989971,11.264708,,0.0,5.0,0.0,{},"{'JRC': {'JRC-N22'}, 'OPSD': {'OEU-3161'}}",NO5 0
964,Berlifoss 67,Hydro,Reservoir,Store,NO,9.5,,1958.0,1958.0,2058.0,58.945844,8.482479,,0.0,29.0,0.0,{},"{'JRC': {'JRC-N21'}, 'OPSD': {'OEU-3158'}}",NO5 0
965,Berild 71,Hydro,Reservoir,Store,NO,15.9,,1999.0,1999.0,2099.0,62.447595,7.487445,106.45094339622644,2.53,275.0,1692.5700000000004,{},"{'JRC': {'JRC-N765'}, 'OPSD': {'OEU-3157'}}",NO5 3
966,Bergsto 171,Hydro,Reservoir,Store,NO,2.9,,2009.0,2009.0,2109.0,59.906073,6.497474,,0.0,240.0,0.0,{},"{'JRC': {'JRC-N1447'}, 'OPSD': {'OEU-3156'}}",NO5 2
967,Bergsfjord 39,Hydro,Reservoir,Store,NO,1.1,,1959.0,1959.0,2059.0,70.249593,21.790286,815.9999999999999,4.8,83.7,897.5999999999999,{},"{'JRC': {'JRC-N1207'}, 'OPSD': {'OEU-3155'}}",NO5 1
968,Bergselva 40,Hydro,Reservoir,Store,NO,5.4,,2008.0,2013.0,2113.0,69.299368,19.985893,,0.0,394.0,0.0,{},"{'JRC': {'JRC-N1732'}, 'OPSD': {'OEU-3150', 'OEU-3154'}}",NO5 1
969,Bergsbotn 41,Hydro,Reservoir,Store,NO,7.9,,1985.0,1985.0,2085.0,69.433207,17.483038,2753.0886075949365,25.8,354.1,21749.4,{},"{'JRC': {'JRC-N20'}, 'OPSD': {'OEU-3153'}}",NO5 1
970,Bergerfoss 68,Hydro,Reservoir,Store,NO,3.3,,1938.0,1938.0,2038.0,60.227748,10.376135,1609.6363636363635,408.6,5.4,5311.8,{},"{'JRC': {'JRC-N19'}, 'OPSD': {'OEU-3151'}}",NO5 0
971,Berge 172,Hydro,Reservoir,Store,NO,7.96,,2018.0,2018.0,2118.0,61.3765,6.750578,,0.0,425.0,0.0,{},"{'JRC': {'JRC-N1914'}, 'OPSD': {'OEU-3149'}}",NO5 2
972,Osteren 42,Hydro,Reservoir,Store,NO,2.5,,1936.0,1936.0,2036.0,69.311689,17.166028,714.96,5.4,136.89,1787.4,{},"{'JRC': {'JRC-N326'}, 'OPSD': {'OEU-4131'}}",NO5 1
973,Bentsjord 43,Hydro,Reservoir,Store,NO,2.66,,2012.0,2012.0,2112.0,69.355405,20.093483,,0.0,419.0,0.0,{},"{'JRC': {'JRC-N1665'}, 'OPSD': {'OEU-3145'}}",NO5 1
974,Bele 72,Hydro,Reservoir,Store,NO,2.9,,2007.0,2013.0,2113.0,63.017618,8.527644,,0.0,379.0,0.0,{},"{'JRC': {'JRC-N1678'}, 'OPSD': {'OEU-3144', 'OEU-3143'}}",NO5 3
975,Begna 69,Hydro,Reservoir,Store,NO,5.6,,1954.0,1954.0,2054.0,60.202559,10.249582,,0.0,8.0,0.0,{},"{'JRC': {'JRC-N18'}, 'OPSD': {'OEU-3142'}}",NO5 0
976,Befring 173,Hydro,Reservoir,Store,NO,4.5,,2003.0,2003.0,2103.0,61.609102,6.635326,,0.0,281.0,0.0,{},"{'JRC': {'JRC-N792'}, 'OPSD': {'OEU-3141'}}",NO5 2
977,Bakkeelva 174,Hydro,Reservoir,Store,NO,2.5,,2019.0,2019.0,2119.0,61.370522,5.188117,,0.0,222.0,0.0,{},"{'JRC': {'JRC-N1993'}, 'OPSD': {'OEU-3137'}}",NO5 2
978,Avella 70,Hydro,Reservoir,Store,NO,4.1,,1924.0,1984.0,2084.0,60.800769,10.112389,,0.0,335.0,0.0,{},"{'JRC': {'JRC-N532'}, 'OPSD': {'OEU-4743', 'OEU-4781'}}",NO5 0
979,Austdola 175,Hydro,Reservoir,Store,NO,1.3,,2004.0,2004.0,2104.0,59.94946,6.616404,,0.0,147.0,0.0,{},"{'JRC': {'JRC-N793'}, 'OPSD': {'OEU-3133'}}",NO5 2
980,Aunfoss 43,Hydro,Reservoir,Store,NO,29.54,,1959.0,1959.0,2059.0,64.610022,12.578041,,0.0,28.5,0.0,{},"{'JRC': {'JRC-N8'}, 'OPSD': {'OEU-3124'}}",NO5 4
981,Asmulfoss 44,Hydro,Reservoir,Store,NO,12.0,,1971.0,1971.0,2071.0,64.677473,12.677895,,0.0,10.0,0.0,{},"{'JRC': {'JRC-N531'}, 'OPSD': {'OEU-4779'}}",NO5 4
982,Askerudfoss 71,Hydro,Reservoir,Store,NO,13.2,,1946.0,1946.0,2046.0,60.20311,10.342111,,0.0,20.6,0.0,{},"{'JRC': {'JRC-N7'}, 'OPSD': {'OEU-3121'}}",NO5 0
983,Berdalselva 73,Hydro,Reservoir,Store,NO,4.35,,2011.0,2016.0,2116.0,62.447204,7.490275,,0.0,304.3,0.0,{},"{'JRC': {'JRC-N1559'}, 'OPSD': {'OEU-3147', 'OEU-3219'}}",NO5 3
984,Braskereidfoss 72,Hydro,Reservoir,Store,NO,35.95,,1978.0,1978.0,2078.0,60.706254,11.791752,0.3059805285118219,0.5,9.5,11.0,{},"{'JRC': {'JRC-N37'}, 'OPSD': {'OEU-3212'}}",NO5 0
985,Brandaa 74,Hydro,Reservoir,Store,NO,4.05,,2009.0,2009.0,2109.0,63.092293,9.222993,,0.0,0.0,0.0,{},"{'JRC': {'JRC-N1544'}, 'OPSD': {'OEU-3211'}}",NO5 3
986,Botna 176,Hydro,Reservoir,Store,NO,1.9,,2005.0,2007.0,2107.0,61.432931,6.755906,,0.0,332.5,0.0,{},"{'JRC': {'JRC-N1987'}, 'OPSD': {'OEU-3209', 'OEU-3210'}}",NO5 2
987,Borgana 177,Hydro,Reservoir,Store,NO,1.95,,2017.0,2017.0,2117.0,59.393861,5.929941,,0.0,346.5,0.0,{},"{'JRC': {'JRC-N1829'}, 'OPSD': {'OEU-3206'}}",NO5 2
988,Sordalselva 178,Hydro,Reservoir,Store,NO,1.15,,2008.0,2017.0,2117.0,60.778292,5.947597,,0.0,0.0,0.0,{},"{'JRC': {'JRC-N1322'}, 'OPSD': {'OEU-4481', 'OEU-4482'}}",NO5 2
989,Bordalsbekken 179,Hydro,Reservoir,Store,NO,1.9,,1998.0,2012.0,2112.0,59.363665,5.655345,,0.0,205.4,0.0,{},"{'JRC': {'JRC-N1705'}, 'OPSD': {'OEU-3234', 'OEU-3203'}}",NO5 2
990,Bohnsdalen 73,Hydro,Reservoir,Store,NO,3.0,,1986.0,1986.0,2086.0,60.286995,11.194128,1500.9666666666665,121.7,18.2,4502.9,{},"{'JRC': {'JRC-N51'}, 'OPSD': {'OEU-3262'}}",NO5 0
991,Bjelland 180,Hydro,Reservoir,Store,NO,55.0,,1974.0,2011.0,2111.0,58.405782,7.523531,7.760000000000002,2.2,84.3,426.80000000000007,{},"{'JRC': {'JRC-N23'}, 'OPSD': {'OEU-3166', 'OEU-3165'}}",NO5 2
992,Boge 181,Hydro,Reservoir,Store,NO,2.6,,2007.0,2008.0,2108.0,60.4631115,5.745535,160.33846153846153,0.72,470.66,416.88,{},"{'JRC': {'JRC-N1463', 'JRC-N1333'}, 'OPSD': {'OEU-3201', 'OEU-3200', 'OEU-3199'}}",NO5 2
993,Boen 182,Hydro,Reservoir,Store,NO,4.79,,2006.0,2016.0,2116.0,59.159677,6.2174175,,0.0,354.0,0.0,{},"{'JRC': {'JRC-N1227', 'JRC-N1879'}, 'OPSD': {'OEU-3260', 'OEU-3261'}}",NO5 2
994,Bladalselva 183,Hydro,Reservoir,Store,NO,2.66,,2010.0,2010.0,2110.0,60.764629,5.385733,128.12030075187968,0.6,247.0,340.79999999999995,{},"{'JRC': {'JRC-N1454'}, 'OPSD': {'OEU-3191'}}",NO5 2
995,Bjornstokk 45,Hydro,Reservoir,Store,NO,8.2,,2017.0,2017.0,2117.0,65.333721,12.946032,,0.0,264.2,0.0,{},"{'JRC': {'JRC-N1854'}, 'OPSD': {'OEU-3183'}}",NO5 4
996,Bjorndalselva 184,Hydro,Reservoir,Store,NO,5.3,,2006.0,2006.0,2106.0,61.5096,6.287082,,0.0,327.0,0.0,{},"{'JRC': {'JRC-N1242'}, 'OPSD': {'OEU-3181'}}",NO5 2
997,Bjorndalen 185,Hydro,Reservoir,Store,NO,4.95,,2006.0,2006.0,2106.0,61.821713,5.799066,3030.30303030303,60.0,101.6,15000.0,{},"{'JRC': {'JRC-N1367'}, 'OPSD': {'OEU-3180'}}",NO5 2
998,Bjorgum 186,Hydro,Reservoir,Store,NO,5.5,,2004.0,2004.0,2104.0,59.100929,7.538773,,0.0,295.0,0.0,{},"{'JRC': {'JRC-N814'}, 'OPSD': {'OEU-3177'}}",NO5 2
999,Bjordalen 74,Hydro,Reservoir,Store,NO,2.9,,1960.0,1960.0,2060.0,59.674243,8.558921,1368.0,45.6,56.5,3967.2,{},"{'JRC': {'JRC-N25'}, 'OPSD': {'OEU-3171'}}",NO5 0
1000,Bjordal 187,Hydro,Reservoir,Store,NO,4.3,,1931.0,2009.0,2109.0,62.134077,6.298791,1710.002325581395,11.69,291.0,7353.009999999999,{},"{'JRC': {'JRC-N27'}, 'OPSD': {'OEU-3169', 'OEU-3170', 'OEU-3175'}}",NO5 2
1001,Bjerka 46,Hydro,Reservoir,Store,NO,20.0,,1972.0,1972.0,2072.0,66.062707,13.997822,6441.3,153.0,357.0,128826.0,{},"{'JRC': {'JRC-N24'}, 'OPSD': {'OEU-3168'}}",NO5 4
1002,Bogna 47,Hydro,Reservoir,Store,NO,57.0,,1971.0,1971.0,2071.0,64.228736,12.025878,1750.0,150.0,290.0,99750.0,{},"{'JRC': {'JRC-N34'}, 'OPSD': {'OEU-3202'}}",NO5 4
1003,Agskar 48,Hydro,Reservoir,Store,NO,2.4,,2011.0,2011.0,2111.0,66.228364,13.966382,,0.0,202.7,0.0,{},"{'JRC': {'JRC-N1625'}, 'OPSD': {'OEU-4752'}}",NO5 4
1004,Agjolet 188,Hydro,Reservoir,Store,NO,1.34,,2002.0,2002.0,2102.0,61.557977,6.336555,,0.0,49.0,0.0,{},"{'JRC': {'JRC-N787'}, 'OPSD': {'OEU-4751'}}",NO5 2
1005,Aall Ulefoss 75,Hydro,Reservoir,Store,NO,12.1,,1931.0,1963.0,2063.0,59.2813985,9.252955,,0.0,20.6,0.0,{},"{'JRC': {'JRC-N1', 'JRC-N473'}, 'OPSD': {'OEU-4600', 'OEU-3101', 'OEU-4601'}}",NO5 0
1006,Aselva 189,Hydro,Reservoir,Store,NO,3.5,,2011.0,2011.0,2111.0,61.52042,6.340126,,0.0,330.0,0.0,{},"{'JRC': {'JRC-N1630'}, 'OPSD': {'OEU-4775'}}",NO5 2
1007,Asedola 190,Hydro,Reservoir,Store,NO,1.49,,2001.0,2001.0,2101.0,61.520443,5.795499,,0.0,0.0,0.0,{},"{'JRC': {'JRC-N784'}, 'OPSD': {'OEU-4774'}}",NO5 2
1008,Asebotn 191,Hydro,Reservoir,Store,NO,15.0,,1994.0,1994.0,2094.0,60.97561,6.063749,2525.86,39.1,383.0,37887.9,{},"{'JRC': {'JRC-N753'}, 'OPSD': {'OEU-4773'}}",NO5 2
1009,Arvik 192,Hydro,Reservoir,Store,NO,5.25,,2008.0,2008.0,2108.0,60.17154,6.108996,,0.0,206.0,0.0,{},"{'JRC': {'JRC-N1411'}, 'OPSD': {'OEU-3956', 'OEU-4769'}}",NO5 2
1010,Arneselv 44,Hydro,Reservoir,Store,NO,2.4,,2004.0,2004.0,2104.0,68.346207,16.928123,206.26666666666668,0.52,412.8,495.04,{},"{'JRC': {'JRC-N817'}, 'OPSD': {'OEU-3118'}}",NO5 1
1011,Arna 193,Hydro,Reservoir,Store,NO,2.2,,1934.0,1934.0,2034.0,60.460744,5.437516,108.36363636363636,1.6,61.0,238.4,{},"{'JRC': {'JRC-N6'}, 'OPSD': {'OEU-3117'}}",NO5 2
1012,Ardalen 194,Hydro,Reservoir,Store,NO,2.5,,1954.0,1954.0,2054.0,60.476157,5.777838,816.136,7.0600000000000005,120.0,2040.34,{},"{'JRC': {'JRC-N5'}, 'OPSD': {'OEU-3116'}}",NO5 2
1013,Ardal Ovre 195,Hydro,Reservoir,Store,NO,3.5,,2008.0,2008.0,2108.0,61.671474,6.424681,,0.0,371.1,0.0,{},"{'JRC': {'JRC-N1441'}, 'OPSD': {'OEU-4766'}}",NO5 2
1014,Ardal Nedre 196,Hydro,Reservoir,Store,NO,2.8,,2009.0,2009.0,2109.0,61.675811,6.403249,,0.0,179.0,0.0,{},"{'JRC': {'JRC-N1497'}, 'OPSD': {'OEU-4765'}}",NO5 2
1015,Akraelva 197,Hydro,Reservoir,Store,NO,5.31,,2013.0,2013.0,2113.0,59.794126,6.093596,,0.0,288.9,0.0,{},"{'JRC': {'JRC-N1676'}, 'OPSD': {'OEU-4753'}}",NO5 2
1016,Langedal 198,Hydro,Reservoir,Store,NO,3.0,,2011.0,2018.0,2118.0,61.563993,5.572292,,0.0,138.0,0.0,{},"{'JRC': {'JRC-N1931'}, 'OPSD': {'OEU-3868', 'OEU-3867'}}",NO5 2
1017,Andasfossen 49,Hydro,Reservoir,Store,NO,2.0,,2001.0,2001.0,2101.0,65.822425,13.259879,,0.0,0.0,0.0,{},"{'JRC': {'JRC-N808'}, 'OPSD': {'OEU-3113'}}",NO5 4
1018,Amot 76,Hydro,Reservoir,Store,NO,2.2,,1986.0,2012.0,2112.0,59.40732,9.503778,881.181818181818,5.4,170.0,1938.6,{},"{'JRC': {'JRC-N1726'}, 'OPSD': {'OEU-4762', 'OEU-4763'}}",NO5 0
1019,Amli Nidelv 77,Hydro,Reservoir,Store,NO,5.8,,1983.0,1983.0,2083.0,58.767697,8.48176,,0.0,5.5,0.0,{},"{'JRC': {'JRC-N525'}, 'OPSD': {'OEU-4761'}}",NO5 0
1020,Amli Gjov 78,Hydro,Reservoir,Store,NO,18.4,,1983.0,2006.0,2106.0,58.767746,8.481447,,0.0,54.5,0.0,{},"{'JRC': {'JRC-N111'}, 'OPSD': {'OEU-3475', 'OEU-4760'}}",NO5 0
1021,Amela 199,Hydro,Reservoir,Store,NO,34.0,,1977.0,1977.0,2077.0,62.020561,5.839346,1510.8,40.8,535.6,51367.2,{},"{'JRC': {'JRC-N527'}, 'OPSD': {'OEU-4759'}}",NO5 2
1022,Amdal 200,Hydro,Reservoir,Store,NO,21.0,,1953.0,1953.0,2053.0,59.363499,8.052367,19.76666666666667,0.7,252.0,415.1,{},"{'JRC': {'JRC-N370'}, 'OPSD': {'OEU-4758'}}",NO5 2
1023,Ytre Alsaker 201,Hydro,Reservoir,Store,NO,4.9,,2008.0,2009.0,2109.0,60.384801,6.499802,,0.0,216.0,0.0,{},"{'JRC': {'JRC-N1401'}, 'OPSD': {'OEU-4712', 'OEU-3111'}}",NO5 2
1024,Akvisla 79,Hydro,Reservoir,Store,NO,3.6,,2016.0,2016.0,2116.0,61.340634,10.341534,625.7777777777778,8.8,121.65,2252.8,{},"{'JRC': {'JRC-N1874'}, 'OPSD': {'OEU-4754'}}",NO5 0
1025,Akslandselva 202,Hydro,Reservoir,Store,NO,1.7,,2013.0,2013.0,2113.0,59.709899,5.859765,,0.0,332.5,0.0,{},"{'JRC': {'JRC-N1677'}, 'OPSD': {'OEU-3109'}}",NO5 2
1026,Angvik 75,Hydro,Reservoir,Store,NO,1.1,,1990.0,1990.0,2090.0,62.891387,8.083062,,0.0,56.0,0.0,{},"{'JRC': {'JRC-N626'}, 'OPSD': {'OEU-3115'}}",NO5 3
1027,Faerasen 203,Hydro,Reservoir,Store,NO,1.43,,2009.0,2009.0,2109.0,58.234686,7.29392,775.3846153846154,8.4,54.9,1108.8,{},"{'JRC': {'JRC-N1464'}, 'OPSD': {'OEU-3447'}}",NO5 2
1028,Espeelvi 204,Hydro,Reservoir,Store,NO,4.56,,2018.0,2018.0,2118.0,60.205642,6.603579,,0.0,615.0,0.0,{},"{'JRC': {'JRC-N1930'}, 'OPSD': {'OEU-3355'}}",NO5 2
1029,Engeset 76,Hydro,Reservoir,Store,NO,5.1,,2007.0,2007.0,2107.0,62.264103,6.860074,,0.0,128.0,0.0,{},"{'JRC': {'JRC-N1318'}, 'OPSD': {'OEU-3350'}}",NO5 3
1030,Embla 77,Hydro,Reservoir,Store,NO,4.9,,2012.0,2012.0,2112.0,62.217118,6.909777,,0.0,411.65,0.0,{},"{'JRC': {'JRC-N1655'}, 'OPSD': {'OEU-3348'}}",NO5 3
1031,Ellenelva 45,Hydro,Reservoir,Store,NO,4.8,,2012.0,2012.0,2112.0,69.380694,19.644744,,0.0,176.0,0.0,{},"{'JRC': {'JRC-N1622'}, 'OPSD': {'OEU-3346'}}",NO5 1
1032,Eldrevatn 78,Hydro,Reservoir,Store,NO,4.9,,2013.0,2013.0,2113.0,61.01993,8.127023,2735.020408163265,38.400000000000006,141.4,13401.600000000002,{},"{'JRC': {'JRC-N1571'}, 'OPSD': {'OEU-3345'}}",NO5 3
1033,Eldao 205,Hydro,Reservoir,Store,NO,9.8,,2018.0,2018.0,2118.0,61.46122,7.03845,,0.0,201.0,0.0,{},"{'JRC': {'JRC-N1907'}, 'OPSD': {'OEU-3344'}}",NO5 2
1034,Ekkjestolen 206,Hydro,Reservoir,Store,NO,4.0,,2009.0,2009.0,2109.0,59.791456,6.767096,,0.0,0.0,0.0,{},"{'JRC': {'JRC-N1418'}, 'OPSD': {'OEU-3343'}}",NO5 2
1035,Brattingfoss 79,Hydro,Pumped Storage,Store,NO,10.7,,1955.0,1955.0,2055.0,64.046234,11.082015,2480.0,107.0,118.3,26536.0,{},"{'JRC': {'JRC-N39'}, 'OPSD': {'OEU-3215'}}",NO5 3
1036,Einunna 80,Hydro,Reservoir,Store,NO,9.0,,1955.0,1955.0,2055.0,62.231331,10.342027,2455.555555555556,85.0,123.0,22100.0,{},"{'JRC': {'JRC-N75'}, 'OPSD': {'OEU-3340'}}",NO5 3
1037,Eikelandsosen 207,Hydro,Reservoir,Store,NO,30.0,,1986.0,1986.0,2086.0,60.255341,5.74083,1571.6666666666667,41.0,500.0,47150.0,{},"{'JRC': {'JRC-N74'}, 'OPSD': {'OEU-3338'}}",NO5 2
1038,Eidsfoss 81,Hydro,Reservoir,Store,NO,4.1,,1903.0,1964.0,2064.0,61.176741,8.390973,279.0243902439025,11.0,49.0,1144.0,{},"{'JRC': {'JRC-N73'}, 'OPSD': {'OEU-3334', 'OEU-3333', 'OEU-3332', 'OEU-3330', 'OEU-3331', 'OEU-3326'}}",NO5 3
1039,Eidsetelva 208,Hydro,Reservoir,Store,NO,1.8,,2011.0,2011.0,2111.0,62.035618,5.886685,,0.0,390.0,0.0,{},"{'JRC': {'JRC-N1453'}, 'OPSD': {'OEU-3329'}}",NO5 2
1040,Eidsdal 82,Hydro,Reservoir,Store,NO,6.08,,2006.0,2006.0,2106.0,62.225603,7.143688,,0.0,196.0,0.0,{},"{'JRC': {'JRC-N1224'}, 'OPSD': {'OEU-3328'}}",NO5 3
1041,Eidet 80,Hydro,Reservoir,Store,NO,2.3,,1960.0,2008.0,2108.0,59.205644,9.609151,,0.0,5.0,0.0,{},"{'JRC': {'JRC-N70'}, 'OPSD': {'OEU-3324', 'OEU-3327'}}",NO5 0
1042,Eidesfossen 209,Hydro,Reservoir,Store,NO,3.8,,2000.0,2000.0,2100.0,60.283619,6.297265,,0.0,70.0,0.0,{},"{'JRC': {'JRC-N69'}, 'OPSD': {'OEU-3888'}}",NO5 2
1043,Eidefossen 83,Hydro,Reservoir,Store,NO,13.2,,1983.0,1983.0,2083.0,61.8037,9.303697,,0.0,18.89,0.0,{},"{'JRC': {'JRC-N68'}, 'OPSD': {'OEU-3325'}}",NO5 3
1044,Eid 81,Hydro,Reservoir,Store,NO,9.6,,2000.0,2000.0,2100.0,60.720717,9.713376,,0.0,12.5,0.0,{},"{'JRC': {'JRC-N777'}, 'OPSD': {'OEU-3323'}}",NO5 0
1045,Egge 210,Hydro,Reservoir,Store,NO,5.0,,2007.0,2007.0,2107.0,61.683966,6.521126,,0.0,322.0,0.0,{},"{'JRC': {'JRC-N1378'}, 'OPSD': {'OEU-3322'}}",NO5 2
1046,Eitro 211,Hydro,Reservoir,Store,NO,4.1,,2013.0,2013.0,2113.0,60.29424,5.923937,,0.0,510.4,0.0,{},"{'JRC': {'JRC-N1752'}, 'OPSD': {'OEU-3342'}}",NO5 2
1047,Forsa 50,Hydro,Reservoir,Store,NO,12.0,,1957.0,1963.0,2063.0,66.951346,14.2253,3824.375,63.3,295.0,45892.5,{},"{'JRC': {'JRC-N93'}, 'OPSD': {'OEU-3403', 'OEU-4078'}}",NO5 4
1048,Forneselva 46,Hydro,Reservoir,Store,NO,5.2,,2014.0,2014.0,2114.0,69.596644,19.903016,,0.0,114.0,0.0,{},"{'JRC': {'JRC-N1763'}, 'OPSD': {'OEU-3399'}}",NO5 1
1049,Follsja 82,Hydro,Reservoir,Store,NO,2.9,,2015.0,2015.0,2115.0,59.659779,9.213667,,0.0,99.7,0.0,{},"{'JRC': {'JRC-N1795'}, 'OPSD': {'OEU-3398'}}",NO5 0
1050,Follafoss 84,Hydro,Reservoir,Store,NO,48.1,,2005.0,2005.0,2105.0,63.986371,11.094741,300.7068607068607,32.0,175.3,14464.0,{},"{'JRC': {'JRC-N92'}, 'OPSD': {'OEU-3396'}}",NO5 3
1051,Folkestad 212,Hydro,Reservoir,Store,NO,1.85,,2006.0,2006.0,2106.0,62.117936,6.027581,,0.0,210.0,0.0,{},"{'JRC': {'JRC-N1233'}, 'OPSD': {'OEU-3395'}}",NO5 2
1052,Folkedal 213,Hydro,Reservoir,Store,NO,4.99,,2013.0,2013.0,2113.0,60.504022,6.633338,957.0661322645292,6.03,369.3,4775.76,{},"{'JRC': {'JRC-N1728'}, 'OPSD': {'OEU-3394'}}",NO5 2
1053,Flittig 83,Hydro,Reservoir,Store,NO,5.5,,2017.0,2017.0,2117.0,59.323002,9.53647,1569.1709090909092,23.71,146.0,8630.44,{},"{'JRC': {'JRC-N89'}, 'OPSD': {'OEU-3391'}}",NO5 0
1054,Flatlandsai 84,Hydro,Reservoir,Store,NO,1.3,,2006.0,2006.0,2106.0,59.353511,8.304674,,0.0,348.0,0.0,{},"{'JRC': {'JRC-N1241'}, 'OPSD': {'OEU-3389'}}",NO5 0
1055,Flatenfoss 85,Hydro,Reservoir,Store,NO,12.6,,1981.0,2009.0,2109.0,58.629892,8.688043,48.38095238095239,25.4,20.76,609.6,{},"{'JRC': {'JRC-N775', 'JRC-N88'}, 'OPSD': {'OEU-3388', 'OEU-3387'}}",NO5 0
1056,Fjone 86,Hydro,Reservoir,Store,NO,50.0,,1970.0,1970.0,2070.0,59.21679,8.451892,2753.52,223.5,258.0,137676.0,{},"{'JRC': {'JRC-N86'}, 'OPSD': {'OEU-3384'}}",NO5 0
1057,Fagerli 47,Hydro,Reservoir,Store,NO,48.0,,1975.0,2008.0,2108.0,67.116045,16.067266,,0.0,231.69,0.0,{},"{'JRC': {'JRC-N79'}, 'OPSD': {'OEU-3365', 'OEU-3364'}}",NO5 1
1058,Fjellet 87,Hydro,Reservoir,Store,NO,4.3,,2015.0,2015.0,2115.0,59.400865,9.550383,2415.5813953488373,23.5,183.0,10387.0,{},"{'JRC': {'JRC-N1801'}, 'OPSD': {'OEU-3381'}}",NO5 0
1059,Fjaeremsfoss 85,Hydro,Reservoir,Store,NO,18.8,,1957.0,1957.0,2057.0,63.321965,10.436126,,0.0,27.0,0.0,{},"{'JRC': {'JRC-N87'}, 'OPSD': {'OEU-3385'}}",NO5 3
1060,Fivlemyr 86,Hydro,Reservoir,Store,NO,2.0,,1962.0,1962.0,2062.0,61.651692,7.750106,2797.2000000000003,11.1,230.0,5594.400000000001,{},"{'JRC': {'JRC-N85'}, 'OPSD': {'OEU-3379'}}",NO5 3
1061,Fiskloysa 51,Hydro,Reservoir,Store,NO,5.1,,2018.0,2018.0,2118.0,64.465473,14.03276,,0.0,187.1,0.0,{},"{'JRC': {'JRC-N1936'}, 'OPSD': {'OEU-3377'}}",NO5 4
1062,Fiskefjord 48,Hydro,Reservoir,Store,NO,1.5,,1979.0,1979.0,2079.0,68.561862,15.362692,619.6666666666666,6.5,60.0,929.5,{},"{'JRC': {'JRC-N84'}, 'OPSD': {'OEU-3376'}}",NO5 1
1063,Finsa 214,Hydro,Reservoir,Store,NO,23.0,,1963.0,1963.0,2063.0,58.65991,6.698752,641.8260869565217,22.0,298.0,14762.0,{},"{'JRC': {'JRC-N83'}, 'OPSD': {'OEU-3375'}}",NO5 2
1064,Finnesetbekken 88,Hydro,Reservoir,Store,NO,1.43,,2011.0,2011.0,2111.0,60.47897,9.249551,,0.0,299.1,0.0,{},"{'JRC': {'JRC-N1469'}, 'OPSD': {'OEU-3374'}}",NO5 0
1065,Fausa 87,Hydro,Reservoir,Store,NO,7.0,,1929.0,1952.0,2052.0,62.357548,6.894803,1510.9714285714283,15.6,330.0,10576.8,{},"{'JRC': {'JRC-N81'}, 'OPSD': {'OEU-3371', 'OEU-3370'}}",NO5 3
1066,Faslefoss 89,Hydro,Reservoir,Store,NO,17.8,,1980.0,1980.0,2080.0,60.958423,9.300065,397.1011235955056,86.2,37.5,7068.400000000001,{},"{'JRC': {'JRC-N80'}, 'OPSD': {'OEU-3368'}}",NO5 0
1067,Fall 90,Hydro,Reservoir,Store,NO,5.5,,2009.0,2009.0,2109.0,60.678333,10.352728,,12.0,0.0,0.0,{},"{'JRC': {'JRC-N1500'}, 'OPSD': {'OEU-3367'}}",NO5 0
1068,Fagervollan 52,Hydro,Reservoir,Store,NO,21.0,,1990.0,1990.0,2090.0,66.375658,13.657311,2431.428571428571,74.0,227.0,51059.99999999999,{},"{'JRC': {'JRC-N538'}, 'OPSD': {'OEU-3366'}}",NO5 4
1069,Fjelna 88,Hydro,Reservoir,Store,NO,4.83,,2015.0,2015.0,2115.0,63.199304,9.006507,,0.0,82.5,0.0,{},"{'JRC': {'JRC-N1764'}, 'OPSD': {'OEU-3383'}}",NO5 3
1070,Dalelva 215,Hydro,Reservoir,Store,NO,3.1,,2006.0,2017.0,2117.0,60.12831,6.233554,,0.0,137.0,0.0,{},"{'JRC': {'JRC-N1547'}, 'OPSD': {'OEU-3280', 'OEU-3278', 'OEU-3281'}}",NO5 2
1071,Dalegjerdet 216,Hydro,Reservoir,Store,NO,2.3,,2012.0,2012.0,2112.0,62.254964,6.383926,,0.0,191.6,0.0,{},"{'JRC': {'JRC-N1567'}, 'OPSD': {'OEU-3279'}}",NO5 2
1072,Rendalselva 53,Hydro,Reservoir,Store,NO,2.8,,2010.0,2010.0,2110.0,66.803557,13.763357,,0.0,251.5,0.0,{},"{'JRC': {'JRC-N1552'}, 'OPSD': {'OEU-4171'}}",NO5 4
1073,Daja 49,Hydro,Reservoir,Store,NO,30.0,,1958.0,1958.0,2058.0,67.082708,16.055171,3658.536666666667,316.3,155.0,109756.1,{},"{'JRC': {'JRC-N55'}, 'OPSD': {'OEU-3272'}}",NO5 1
1074,Corrojavrrit 50,Hydro,Reservoir,Store,NO,1.7,,1990.0,1990.0,2090.0,69.691613,22.160841,3600.0000000000005,61.2,42.0,6120.000000000001,{},"{'JRC': {'JRC-N615'}, 'OPSD': {'OEU-3270'}}",NO5 1
1075,Byrte 217,Hydro,Reservoir,Store,NO,20.0,,1969.0,1969.0,2069.0,59.496878,7.829058,2019.54,58.2,285.0,40390.8,{},"{'JRC': {'JRC-N50'}, 'OPSD': {'OEU-3257'}}",NO5 2
1076,Byro 218,Hydro,Reservoir,Store,NO,3.2,,2016.0,2016.0,2116.0,60.206675,6.562383,,0.0,487.91,0.0,{},"{'JRC': {'JRC-N1806'}, 'OPSD': {'OEU-3256'}}",NO5 2
1077,Byrkjelo 219,Hydro,Reservoir,Store,NO,13.27,,2007.0,2007.0,2107.0,61.733639,6.508575,,0.0,137.0,0.0,{},"{'JRC': {'JRC-N1354'}, 'OPSD': {'OEU-3255'}}",NO5 2
1078,Byafossen 54,Hydro,Reservoir,Store,NO,6.0,,1957.0,1957.0,2057.0,64.038142,11.552689,,0.0,8.0,0.0,{},"{'JRC': {'JRC-N746'}, 'OPSD': {'OEU-3253'}}",NO5 4
1079,Bulko 220,Hydro,Reservoir,Store,NO,2.35,,2008.0,2008.0,2108.0,60.584634,6.612291,,0.0,131.0,0.0,{},"{'JRC': {'JRC-N1364'}, 'OPSD': {'OEU-3248'}}",NO5 2
1080,Buer 91,Hydro,Reservoir,Store,NO,1.5,,1985.0,1985.0,2085.0,59.433144,11.279994,,0.0,16.0,0.0,{},"{'JRC': {'JRC-N49'}, 'OPSD': {'OEU-3246'}}",NO5 0
1081,Bruvollelva 55,Hydro,Reservoir,Store,NO,3.8,,2010.0,2010.0,2110.0,64.266277,12.294282,,0.0,109.4,0.0,{},"{'JRC': {'JRC-N1449'}, 'OPSD': {'OEU-3240'}}",NO5 4
1082,Brunstad 89,Hydro,Reservoir,Store,NO,3.34,,2010.0,2010.0,2110.0,62.284418,6.67713,,0.0,225.1,0.0,{},"{'JRC': {'JRC-N1576'}, 'OPSD': {'OEU-3239'}}",NO5 3
1083,Brulandsfoss 221,Hydro,Reservoir,Store,NO,12.5,,1934.0,1934.0,2034.0,61.435682,5.915368,,0.0,20.39,0.0,{},"{'JRC': {'JRC-N47'}, 'OPSD': {'OEU-3238'}}",NO5 2
1084,Brekkefossen 222,Hydro,Reservoir,Store,NO,3.8,,1957.0,2018.0,2118.0,61.311227,5.517247,,0.0,86.0,0.0,{},"{'JRC': {'JRC-N1892'}, 'OPSD': {'OEU-3227', 'OEU-3228', 'OEU-3229'}}",NO5 2
1085,Brekkestol 223,Hydro,Reservoir,Store,NO,1.44,,2000.0,2000.0,2100.0,58.801176,6.263441,406.9305555555555,0.83,309.0,585.9799999999999,{},"{'JRC': {'JRC-N819'}, 'OPSD': {'OEU-3230'}}",NO5 2
1086,Brekke 92,Hydro,Reservoir,Store,NO,8.0,,1924.0,1987.0,2087.0,59.148451,11.556397,186.66125,25.31,26.6,1493.29,{},"{'JRC': {'JRC-N43'}, 'OPSD': {'OEU-3225', 'OEU-3224'}}",NO5 0
1087,Breiava 224,Hydro,Reservoir,Store,NO,14.8,,2006.0,2006.0,2106.0,59.159053,6.612866,383.78378378378375,40.0,60.0,5680.0,{},"{'JRC': {'JRC-N1232'}, 'OPSD': {'OEU-3218'}}",NO5 2
1088,Buset 225,Hydro,Reservoir,Store,NO,1.2,,2000.0,2002.0,2102.0,62.274836,6.158416,,0.0,0.0,0.0,{},"{'JRC': {'JRC-N1234'}, 'OPSD': {'OEU-3251', 'OEU-3250'}}",NO5 2
1089,Dyrkorn 90,Hydro,Reservoir,Store,NO,2.8,,2011.0,2011.0,2111.0,62.420701,6.946711,,0.0,220.8,0.0,{},"{'JRC': {'JRC-N1616'}, 'OPSD': {'OEU-3314'}}",NO5 3
1090,Nydalselva 226,Hydro,Reservoir,Store,NO,5.25,,2010.0,2011.0,2111.0,61.620704,6.442709,,0.0,605.0,0.0,{},"{'JRC': {'JRC-N1642'}, 'OPSD': {'OEU-4093', 'OEU-3284'}}",NO5 2
1091,Dynjanfoss 93,Hydro,Reservoir,Store,NO,33.0,,1951.0,1951.0,2051.0,58.951934,8.394045,1275.0696969696971,220.3,80.19,42077.3,{},"{'JRC': {'JRC-N65'}, 'OPSD': {'OEU-3311'}}",NO5 0
1092,Dversetelva 51,Hydro,Reservoir,Store,NO,3.68,,2011.0,2011.0,2111.0,67.161093,15.405711,,0.0,108.75,0.0,{},"{'JRC': {'JRC-N1606'}, 'OPSD': {'OEU-3310'}}",NO5 1
1093,Dvergsdalsdalen 227,Hydro,Reservoir,Store,NO,2.0,,2010.0,2010.0,2110.0,61.52312,6.424173,,0.0,285.0,0.0,{},"{'JRC': {'JRC-N1574'}, 'OPSD': {'OEU-3309'}}",NO5 2
1094,Rivedal 228,Hydro,Reservoir,Store,NO,3.2,,2005.0,2005.0,2105.0,61.374426,5.261655,,0.0,235.0,0.0,{},"{'JRC': {'JRC-N825'}, 'OPSD': {'OEU-4185'}}",NO5 2
1095,Dravlaus 229,Hydro,Reservoir,Store,NO,4.18,,2016.0,2016.0,2116.0,62.122897,5.937554,,0.0,236.0,0.0,{},"{'JRC': {'JRC-N1866'}, 'OPSD': {'OEU-3304'}}",NO5 2
1096,Draura 230,Hydro,Reservoir,Store,NO,2.5,,2013.0,2013.0,2113.0,62.137521,6.650369,,0.0,206.2,0.0,{},"{'JRC': {'JRC-N1727'}, 'OPSD': {'OEU-3303'}}",NO5 2
1097,Dragefossen 56,Hydro,Reservoir,Store,NO,3.3,,1987.0,1987.0,2087.0,67.023919,15.321611,407.27272727272725,5.6,100.0,1343.9999999999998,{},"{'JRC': {'JRC-N62'}, 'OPSD': {'OEU-3301'}}",NO5 4
1098,Dovikfoss 94,Hydro,Reservoir,Store,NO,15.0,,1975.0,1975.0,2075.0,59.885624,9.909036,,0.0,6.09,0.0,{},"{'JRC': {'JRC-N67'}, 'OPSD': {'OEU-3320'}}",NO5 0
1099,Mydalen 95,Hydro,Reservoir,Store,NO,7.0,,1959.0,1959.0,2059.0,59.715441,8.699349,4221.257142857143,97.2,126.0,29548.8,{},"{'JRC': {'JRC-N281'}, 'OPSD': {'OEU-4010'}}",NO5 0
1100,Dokkelva 91,Hydro,Reservoir,Store,NO,5.49,,2012.0,2012.0,2112.0,62.679671,8.137279,,0.0,143.0,0.0,{},"{'JRC': {'JRC-N1582'}, 'OPSD': {'OEU-3300'}}",NO5 3
1101,Dokka 96,Hydro,Reservoir,Store,NO,44.6,,1989.0,1989.0,2089.0,60.810641,10.135008,,0.0,130.0,0.0,{},"{'JRC': {'JRC-N537'}, 'OPSD': {'OEU-3299'}}",NO5 0
1102,Djupfjord 52,Hydro,Reservoir,Store,NO,7.699999999999999,,1952.0,1957.0,2057.0,68.5946175,15.4938545,883.0129870129872,25.2,255.0,6799.200000000001,{},"{'JRC': {'JRC-N60', 'JRC-N61'}, 'OPSD': {'OEU-3295', 'OEU-3294'}}",NO5 1
1103,Djupdal 97,Hydro,Reservoir,Store,NO,14.3,,1976.0,1998.0,2098.0,59.939501,9.339152,,0.0,16.0,0.0,{},"{'JRC': {'JRC-N59'}, 'OPSD': {'OEU-3293', 'OEU-3297'}}",NO5 0
1104,Dividalen 53,Hydro,Reservoir,Store,NO,26.0,,1972.0,1972.0,2072.0,68.875556,19.560557,3251.580769230769,135.7,278.5,84541.09999999999,{},"{'JRC': {'JRC-N58'}, 'OPSD': {'OEU-3292'}}",NO5 1
1105,Dittielva 54,Hydro,Reservoir,Store,NO,5.6,,2012.0,2012.0,2112.0,68.656321,18.784474,,0.0,283.5,0.0,{},"{'JRC': {'JRC-N1620'}, 'OPSD': {'OEU-3291'}}",NO5 1
1106,Dirdal 231,Hydro,Reservoir,Store,NO,1.6,,2007.0,2007.0,2107.0,58.836818,6.17161,230.00000000000003,0.4,413.0,368.00000000000006,{},"{'JRC': {'JRC-N1253'}, 'OPSD': {'OEU-3290'}}",NO5 2
1107,Deveggae 98,Hydro,Reservoir,Store,NO,3.0,,2011.0,2011.0,2111.0,60.251962,8.83648,,0.0,0.0,0.0,{},"{'JRC': {'JRC-N1502'}, 'OPSD': {'OEU-3289'}}",NO5 0
1108,Dauremal 232,Hydro,Reservoir,Store,NO,4.95,,2007.0,2007.0,2107.0,61.829094,5.78213,4464.848484848485,53.0,172.35,22101.0,{},"{'JRC': {'JRC-N1366'}, 'OPSD': {'OEU-3287'}}",NO5 2
1109,Dalvatn 233,Hydro,Reservoir,Store,NO,35.4,,1978.0,1978.0,2078.0,59.690494,6.570213,350.7203389830509,27.9,185.0,12415.500000000002,{},"{'JRC': {'JRC-N359'}, 'OPSD': {'OEU-3286'}}",NO5 2
1110,Dola 57,Hydro,Reservoir,Store,NO,2.1,,2011.0,2011.0,2111.0,63.951327,11.65664,,0.0,169.0,0.0,{},"{'JRC': {'JRC-N1570'}, 'OPSD': {'OEU-3317'}}",NO5 4
1111,Lindana 234,Hydro,Reservoir,Store,NO,1.45,,2011.0,2011.0,2111.0,58.470343,7.755458,,0.0,135.0,0.0,{},"{'JRC': {'JRC-N1615'}, 'OPSD': {'OEU-3909'}}",NO5 2
1112,Lielva 99,Hydro,Reservoir,Store,NO,1.15,,2012.0,2012.0,2112.0,60.376473,9.635542,,0.0,1.85,0.0,{},"{'JRC': {'JRC-N1709'}, 'OPSD': {'OEU-3905'}}",NO5 0
1113,Lidal 235,Hydro,Reservoir,Store,NO,7.82,,2017.0,2017.0,2117.0,61.331688,6.713779,,0.0,636.9,0.0,{},"{'JRC': {'JRC-N1912'}, 'OPSD': {'OEU-3904'}}",NO5 2
1114,Liavatn 58,Hydro,Reservoir,Store,NO,1.8,,1962.0,1962.0,2062.0,64.843237,11.971394,5093.666666666667,82.6,56.09,9168.6,{},"{'JRC': {'JRC-N244'}, 'OPSD': {'OEU-3903'}}",NO5 4
1115,Liaelva 100,Hydro,Reservoir,Store,NO,1.5,,2013.0,2016.0,2116.0,60.871615,9.454541,,0.0,263.06,0.0,{},"{'JRC': {'JRC-N1844'}, 'OPSD': {'OEU-3902', 'OEU-3900'}}",NO5 0
1116,Lekum 101,Hydro,Reservoir,Store,NO,1.5,,1992.0,1992.0,2092.0,59.522939,11.245471,,0.0,31.39,0.0,{},"{'JRC': {'JRC-N630'}, 'OPSD': {'OEU-3898'}}",NO5 0
1117,Leknesvatn 236,Hydro,Reservoir,Store,NO,3.8,,2016.0,2016.0,2116.0,61.434683,5.35534,1387.8947368421054,9.0,253.7,5274.0,{},"{'JRC': {'JRC-N1834'}, 'OPSD': {'OEU-3897'}}",NO5 2
1118,Leiro 237,Hydro,Reservoir,Store,NO,5.0,,2011.0,2011.0,2111.0,60.406628,7.376671,,0.0,80.0,0.0,{},"{'JRC': {'JRC-N1647'}, 'OPSD': {'OEU-3894'}}",NO5 2
1119,Leirfossene 92,Hydro,Reservoir,Store,NO,47.4,,1975.0,2008.0,2108.0,63.3771035,10.400356,,0.0,88.0,0.0,{},"{'JRC': {'JRC-N1408', 'JRC-N295'}, 'OPSD': {'OEU-3893', 'OEU-3895'}}",NO5 3
1120,Forsanvatn 55,Hydro,Reservoir,Store,NO,8.8,,2013.0,2013.0,2113.0,67.950665,15.654038,,0.0,253.6,0.0,{},"{'JRC': {'JRC-N1708'}, 'OPSD': {'OEU-3401', 'OEU-3400'}}",NO5 1
1121,Leiraa 59,Hydro,Reservoir,Store,NO,5.5,,2017.0,2017.0,2117.0,65.327052,12.918319,621.2727272727274,4.25,332.11,3417.0000000000005,{},"{'JRC': {'JRC-N1853'}, 'OPSD': {'OEU-3896'}}",NO5 4
1122,Leinafoss 238,Hydro,Reservoir,Store,NO,4.8,,1932.0,1949.0,2049.0,60.831726,7.118358,,0.0,54.0,0.0,{},"{'JRC': {'JRC-N241'}, 'OPSD': {'OEU-3889', 'OEU-3901'}}",NO5 2
1123,Lavkajohka 56,Hydro,Reservoir,Store,NO,8.7,,1982.0,1982.0,2082.0,69.235588,20.523863,2289.4942528735637,61.1,133.0,19918.6,{},"{'JRC': {'JRC-N240'}, 'OPSD': {'OEU-3887'}}",NO5 1
1124,Lauvsnes 93,Hydro,Reservoir,Store,NO,1.4,,2008.0,2008.0,2108.0,64.499178,10.912808,,0.0,16.5,0.0,{},"{'JRC': {'JRC-N1427'}, 'OPSD': {'OEU-3886'}}",NO5 3
1125,Lauvlielva 102,Hydro,Reservoir,Store,NO,1.25,,2012.0,2012.0,2112.0,61.069181,10.023725,,0.0,153.5,0.0,{},"{'JRC': {'JRC-N1730'}, 'OPSD': {'OEU-3885'}}",NO5 0
1126,Laudal 239,Hydro,Reservoir,Store,NO,32.0,,1981.0,1981.0,2081.0,58.244885,7.515696,5.821875,2.3,36.0,186.3,{},"{'JRC': {'JRC-N239'}, 'OPSD': {'OEU-3882'}}",NO5 2
1127,Lassajavrri 57,Hydro,Reservoir,Store,NO,7.2,,1977.0,1977.0,2077.0,69.658857,22.217542,3226.5000000000005,71.7,146.0,23230.800000000003,{},"{'JRC': {'JRC-N238'}, 'OPSD': {'OEU-3881'}}",NO5 1
1128,Lappvikelva 58,Hydro,Reservoir,Store,NO,2.7,,2010.0,2010.0,2110.0,68.207772,17.366152,,0.0,310.0,0.0,{},"{'JRC': {'JRC-N1461'}, 'OPSD': {'OEU-3879'}}",NO5 1
1129,Langfjord 60,Hydro,Reservoir,Store,NO,9.0,,1949.0,1949.0,2049.0,65.375988,12.699796,222.22222222222223,3.2,255.0,2000.0,{},"{'JRC': {'JRC-N233'}, 'OPSD': {'OEU-3871'}}",NO5 4
1130,Langdalselva 59,Hydro,Reservoir,Store,NO,4.3,,2013.0,2018.0,2118.0,70.026561,22.099499,,0.0,235.0,0.0,{},"{'JRC': {'JRC-N1685'}, 'OPSD': {'OEU-3869', 'OEU-3866'}}",NO5 1
1131,Leirelva 61,Hydro,Reservoir,Store,NO,4.59,,2013.0,2013.0,2113.0,66.044449,14.063713,,0.0,254.0,0.0,{},"{'JRC': {'JRC-N1724'}, 'OPSD': {'OEU-3892'}}",NO5 4
1132,Mael 103,Hydro,Reservoir,Store,NO,37.5,,1957.0,1957.0,2057.0,59.919954,8.777258,,0.0,44.79,0.0,{},"{'JRC': {'JRC-N284'}, 'OPSD': {'OEU-4020'}}",NO5 0
1133,Madland 240,Hydro,Reservoir,Store,NO,1.88,,2010.0,2010.0,2110.0,58.782886,6.09244,,1.0,84.0,0.0,{},"{'JRC': {'JRC-N1487'}, 'OPSD': {'OEU-3943'}}",NO5 2
1134,Lysvatn 62,Hydro,Reservoir,Store,NO,4.1,,1963.0,1963.0,2063.0,66.875106,13.84261,4862.439024390244,28.0,284.0,19936.0,{},"{'JRC': {'JRC-N258'}, 'OPSD': {'OEU-3937'}}",NO5 4
1135,Lya 104,Hydro,Reservoir,Store,NO,5.49,,2008.0,2008.0,2108.0,60.664311,8.680959,,0.0,184.0,0.0,{},"{'JRC': {'JRC-N1387'}, 'OPSD': {'OEU-3934'}}",NO5 0
1136,Lutufallet 105,Hydro,Reservoir,Store,NO,14.1,,1964.0,1964.0,2064.0,61.065634,12.581802,,0.0,13.69,0.0,{},"{'JRC': {'JRC-N255'}, 'OPSD': {'OEU-3933'}}",NO5 0
1137,Luostejok 60,Hydro,Reservoir,Store,NO,2.58,,2020.0,2020.0,2120.0,69.829488,25.167116,881.860465116279,31.6,28.3,2275.2,{},"{'JRC': {'JRC-N254'}, 'OPSD': {'OEU-3931'}}",NO5 1
1138,Lovik 61,Hydro,Reservoir,Store,NO,1.2,,1952.0,1952.0,2052.0,68.927248,15.776617,2081.25,13.5,92.0,2497.5,{},"{'JRC': {'JRC-N253'}, 'OPSD': {'OEU-3928'}}",NO5 1
1139,Lotsberg 241,Hydro,Reservoir,Store,NO,1.45,,2010.0,2010.0,2110.0,61.862941,6.098853,,0.0,271.0,0.0,{},"{'JRC': {'JRC-N1595'}, 'OPSD': {'OEU-3927'}}",NO5 2
1140,Lopet 106,Hydro,Reservoir,Store,NO,29.0,,1971.0,1971.0,2071.0,61.163873,11.456755,277.58620689655174,175.0,18.89,8050.000000000001,{},"{'JRC': {'JRC-N260'}, 'OPSD': {'OEU-3941'}}",NO5 0
1141,Lindland 242,Hydro,Reservoir,Store,NO,8.1,,2002.0,2002.0,2102.0,58.358826,6.300171,575.604938271605,18.8,106.0,4662.4,{},"{'JRC': {'JRC-N790'}, 'OPSD': {'OEU-3908'}}",NO5 2
1142,Lokaunet 94,Hydro,Reservoir,Store,NO,9.3,,1926.0,1926.0,2026.0,63.268184,10.458287,,0.0,52.0,0.0,{},"{'JRC': {'JRC-N259'}, 'OPSD': {'OEU-3940'}}",NO5 3
1143,Logna 243,Hydro,Reservoir,Store,NO,20.2,,1961.0,1961.0,2061.0,58.763639,7.51007,2495.366336633664,143.2,146.39,50406.4,{},"{'JRC': {'JRC-N250'}, 'OPSD': {'OEU-3920'}}",NO5 2
1144,Ljota 244,Hydro,Reservoir,Store,NO,1.65,,2019.0,2019.0,2119.0,60.184534,5.729115,,0.0,153.1,0.0,{},"{'JRC': {'JRC-N1970'}, 'OPSD': {'OEU-3918'}}",NO5 2
1145,Ljosaa 95,Hydro,Reservoir,Store,NO,2.6,,2008.0,2008.0,2108.0,62.669795,8.374669,,0.0,373.0,0.0,{},"{'JRC': {'JRC-N1437'}, 'OPSD': {'OEU-3919'}}",NO5 3
1146,Litlelva 63,Hydro,Reservoir,Store,NO,1.36,,2009.0,2009.0,2109.0,64.86708,12.885046,,0.0,140.0,0.0,{},"{'JRC': {'JRC-N1475'}, 'OPSD': {'OEU-3916'}}",NO5 4
1147,Litleana 245,Hydro,Reservoir,Store,NO,3.2,,2013.0,2013.0,2113.0,58.506117,7.034393,,0.0,67.0,0.0,{},"{'JRC': {'JRC-N1729'}, 'OPSD': {'OEU-3917'}}",NO5 2
1148,Litjfossen 96,Hydro,Reservoir,Store,NO,75.0,,1982.0,1982.0,2082.0,62.662417,10.139673,1388.0,150.0,285.0,104100.0,{},"{'JRC': {'JRC-N247'}, 'OPSD': {'OEU-3913'}}",NO5 3
1149,Lislevatn 246,Hydro,Reservoir,Store,NO,4.2,,2015.0,2015.0,2115.0,58.57946,7.967914,1686.4761904761904,30.4,92.2,7083.2,{},"{'JRC': {'JRC-N1754'}, 'OPSD': {'OEU-3912'}}",NO5 2
1150,Lio 247,Hydro,Reservoir,Store,NO,43.0,,1969.0,1969.0,2069.0,59.465161,7.932223,1499.46511627907,75.5,346.0,64477.00000000001,{},"{'JRC': {'JRC-N246'}, 'OPSD': {'OEU-3911'}}",NO5 2
1151,Linvasselv 64,Hydro,Reservoir,Store,NO,25.0,,1962.0,1962.0,2062.0,64.652493,13.786226,4943.232,490.4,106.69,123580.8,{},"{'JRC': {'JRC-N245'}, 'OPSD': {'OEU-3910'}}",NO5 4
1152,Lomen 97,Hydro,Reservoir,Store,NO,54.5,,1983.0,1983.0,2083.0,61.140411,8.881986,595.0091743119266,44.0,308.0,32428.0,{},"{'JRC': {'JRC-N251'}, 'OPSD': {'OEU-3922'}}",NO5 3
1153,Kvale 248,Hydro,Reservoir,Store,NO,4.6,,2009.0,2009.0,2109.0,61.446943,7.46087,,0.0,112.0,0.0,{},"{'JRC': {'JRC-N1465'}, 'OPSD': {'OEU-3857'}}",NO5 2
1154,Kvaenangsbotn 62,Hydro,Reservoir,Store,NO,55.0,,1965.0,1965.0,2065.0,69.720002,22.057216,323.65818181818184,23.3,308.0,17801.2,{},"{'JRC': {'JRC-N226'}, 'OPSD': {'OEU-3856'}}",NO5 1
1155,Kurasfoss 98,Hydro,Reservoir,Store,NO,10.6,,1952.0,1952.0,2052.0,62.673965,11.454045,2170.2830188679245,215.0,48.0,23005.0,{},"{'JRC': {'JRC-N218'}, 'OPSD': {'OEU-3818'}}",NO5 3
1156,Kupe 249,Hydro,Reservoir,Store,NO,3.2,,2017.0,2017.0,2117.0,61.639534,5.098009,,0.0,323.9,0.0,{},"{'JRC': {'JRC-N1902'}, 'OPSD': {'OEU-3817'}}",NO5 2
1157,Kulu 107,Hydro,Reservoir,Store,NO,2.88,,2014.0,2014.0,2114.0,60.616102,8.534165,,0.0,233.5,0.0,{},"{'JRC': {'JRC-N1772'}, 'OPSD': {'OEU-3816'}}",NO5 0
1158,Kuli 250,Hydro,Reservoir,Store,NO,6.0,,1966.0,1966.0,2066.0,58.716285,6.632243,2313.333333333333,40.0,163.5,13879.999999999998,{},"{'JRC': {'JRC-N217'}, 'OPSD': {'OEU-3815'}}",NO5 2
1159,Krokevatn 251,Hydro,Reservoir,Store,NO,3.3,,1951.0,2009.0,2109.0,60.983711,5.698632,2196.0,39.6,78.0,7246.8,{},"{'JRC': {'JRC-N1474'}, 'OPSD': {'OEU-3811', 'OEU-3810'}}",NO5 2
1160,Krogstadelva 63,Hydro,Reservoir,Store,NO,4.7,,2012.0,2012.0,2112.0,68.884472,18.420259,,0.0,208.5,0.0,{},"{'JRC': {'JRC-N1580'}, 'OPSD': {'OEU-3808'}}",NO5 1
1161,Krakenes 252,Hydro,Reservoir,Store,NO,2.16,,2007.0,2007.0,2107.0,61.488896,5.705878,,0.0,294.0,0.0,{},"{'JRC': {'JRC-N1361'}, 'OPSD': {'OEU-3814'}}",NO5 2
1162,Kopa 253,Hydro,Reservoir,Store,NO,2.6,,1937.0,1937.0,2037.0,62.033469,6.39558,472.5,6.5,83.3,1228.5,{},"{'JRC': {'JRC-N213'}, 'OPSD': {'OEU-3805'}}",NO5 2
1163,Langasfoss 99,Hydro,Reservoir,Store,NO,1.13,,1955.0,1987.0,2087.0,63.715896,11.352543,692.0353982300886,4.6,80.0,782.0,{},"{'JRC': {'JRC-N237'}, 'OPSD': {'OEU-3872', 'OEU-3878'}}",NO5 3
1164,Kongsfoss 108,Hydro,Reservoir,Store,NO,2.9,,2004.0,2004.0,2104.0,59.89513,9.911384,,0.0,14.65,0.0,{},"{'JRC': {'JRC-N812'}, 'OPSD': {'OEU-3802'}}",NO5 0
1165,Kongsfjord 64,Hydro,Reservoir,Store,NO,4.4,,1946.0,1946.0,2046.0,70.598729,29.057905,3343.7954545454545,88.1,70.5,14712.7,{},"{'JRC': {'JRC-N210'}, 'OPSD': {'OEU-3801'}}",NO5 1
1166,Kolfossen 254,Hydro,Reservoir,Store,NO,2.7,,1955.0,1955.0,2055.0,62.048644,6.393757,64.55555555555556,2.1,46.0,174.3,{},"{'JRC': {'JRC-N208'}, 'OPSD': {'OEU-3799'}}",NO5 2
1167,Kobbholm 65,Hydro,Reservoir,Store,NO,3.2,,2010.0,2010.0,2110.0,69.762373,30.706416,1954.6875,22.5,112.5,6255.000000000001,{},"{'JRC': {'JRC-N207'}, 'OPSD': {'OEU-3798'}}",NO5 1
1168,Knutfoss 65,Hydro,Reservoir,Store,NO,4.85,,2010.0,2010.0,2110.0,64.522753,12.426384,,0.0,60.0,0.0,{},"{'JRC': {'JRC-N1596'}, 'OPSD': {'OEU-3795'}}",NO5 4
1169,Klovtveit 255,Hydro,Reservoir,Store,NO,8.9,,2006.0,2006.0,2106.0,60.976254,5.280915,1955.4269662921351,18.3,384.0,17403.300000000003,{},"{'JRC': {'JRC-N846'}, 'OPSD': {'OEU-3794'}}",NO5 2
1170,Klovkraft 256,Hydro,Reservoir,Store,NO,1.39,,2013.0,2013.0,2113.0,59.909811,6.02943,,0.0,222.0,0.0,{},"{'JRC': {'JRC-N1733'}, 'OPSD': {'OEU-3793'}}",NO5 2
1171,Klosterfoss 109,Hydro,Reservoir,Store,NO,10.5,,1969.0,1969.0,2069.0,59.198381,9.609542,,0.0,5.0,0.0,{},"{'JRC': {'JRC-N205'}, 'OPSD': {'OEU-3791'}}",NO5 0
1172,Kleiva 257,Hydro,Reservoir,Store,NO,3.9,,2004.0,2009.0,2109.0,59.739328,6.518956,2603.076923076924,84.6,74.0,10152.0,{},"{'JRC': {'JRC-N1514'}, 'OPSD': {'OEU-3790', 'OEU-3787', 'OEU-3789'}}",NO5 2
1173,Kongsvinger 110,Hydro,Reservoir,Store,NO,42.7,,1975.0,1975.0,2075.0,60.202822,11.892736,,0.0,10.25,0.0,{},"{'JRC': {'JRC-N212'}, 'OPSD': {'OEU-3804'}}",NO5 0
1174,Landakraft 258,Hydro,Reservoir,Store,NO,2.0,,2010.0,2010.0,2110.0,59.913878,6.015132,,0.0,182.0,0.0,{},"{'JRC': {'JRC-N1442'}, 'OPSD': {'OEU-3865'}}",NO5 2
1175,Lakshola 66,Hydro,Reservoir,Store,NO,30.0,,1999.0,1999.0,2099.0,67.451702,15.742424,630.4666666666667,24.5,314.0,18914.0,{},"{'JRC': {'JRC-N768'}, 'OPSD': {'OEU-3864'}}",NO5 1
1176,Laksen 66,Hydro,Reservoir,Store,NO,4.95,,2012.0,2012.0,2112.0,65.786879,12.87525,1781.8181818181818,45.0,78.7,8820.0,{},"{'JRC': {'JRC-N1608'}, 'OPSD': {'OEU-3863'}}",NO5 4
1177,Kysinga 100,Hydro,Reservoir,Store,NO,1.25,,2010.0,2010.0,2110.0,63.01849,9.364756,,0.0,135.0,0.0,{},"{'JRC': {'JRC-N1495'}, 'OPSD': {'OEU-3861'}}",NO5 3
1178,Kylland 259,Hydro,Reservoir,Store,NO,1.3,,2010.0,2010.0,2110.0,58.541892,7.424548,,0.0,93.4,0.0,{},"{'JRC': {'JRC-N1550'}, 'OPSD': {'OEU-3859'}}",NO5 2
1179,Kviven 260,Hydro,Reservoir,Store,NO,1.55,,2006.0,2006.0,2106.0,62.040751,6.422209,,0.0,223.0,0.0,{},"{'JRC': {'JRC-N1239'}, 'OPSD': {'OEU-3855'}}",NO5 2
1180,Kvitvella 111,Hydro,Reservoir,Store,NO,1.55,,2011.0,2014.0,2114.0,60.986869,9.22719,,0.0,15.56,0.0,{},"{'JRC': {'JRC-N1782'}, 'OPSD': {'OEU-3853', 'OEU-3848'}}",NO5 0
1181,Kvittingen 261,Hydro,Reservoir,Store,NO,48.0,,1926.0,1984.0,2084.0,60.464284,5.915178,1201.1375,92.1,251.0,57654.6,{},"{'JRC': {'JRC-N225'}, 'OPSD': {'OEU-3852', 'OEU-3850'}}",NO5 2
1182,Kvitno 262,Hydro,Reservoir,Store,NO,9.0,,2015.0,2015.0,2115.0,60.174717,6.546339,,0.0,390.5,0.0,{},"{'JRC': {'JRC-N1786'}, 'OPSD': {'OEU-3851'}}",NO5 2
1183,Kvitfossen 67,Hydro,Reservoir,Store,NO,1.8,,1956.0,1956.0,2056.0,68.326808,14.652225,1499.9999999999998,5.4,240.0,2699.9999999999995,{},"{'JRC': {'JRC-N224'}, 'OPSD': {'OEU-3849'}}",NO5 1
1184,Kvamselva 263,Hydro,Reservoir,Store,NO,2.67,,2016.0,2016.0,2116.0,61.382556,5.653961,,0.0,247.0,0.0,{},"{'JRC': {'JRC-N1877'}, 'OPSD': {'OEU-3820'}}",NO5 2
1185,Kvitai 112,Hydro,Reservoir,Store,NO,2.58,,2019.0,2019.0,2119.0,59.887912,8.706707,,0.0,267.5,0.0,{},"{'JRC': {'JRC-N1960'}, 'OPSD': {'OEU-3854'}}",NO5 0
1186,Kvinesdal 264,Hydro,Reservoir,Store,NO,1.3,,2006.0,2006.0,2106.0,58.329868,6.955235,1097.4923076923076,2.37,278.0,1426.7399999999998,{},"{'JRC': {'JRC-N1182'}, 'OPSD': {'OEU-3846'}}",NO5 2
1187,Kvernstad 101,Hydro,Reservoir,Store,NO,2.75,,2008.0,2008.0,2108.0,63.446036,9.362723,,0.0,280.5,0.0,{},"{'JRC': {'JRC-N1435'}, 'OPSD': {'OEU-3840'}}",NO5 3
1188,Kvernfallet 113,Hydro,Reservoir,Store,NO,1.1,,1936.0,1936.0,2036.0,61.195979,11.54901,,0.0,18.0,0.0,{},"{'JRC': {'JRC-N221'}, 'OPSD': {'OEU-3833'}}",NO5 0
1189,Kvernai 102,Hydro,Reservoir,Store,NO,2.83,,2013.0,2017.0,2117.0,62.07933,9.028445,,0.0,366.3,0.0,{},"{'JRC': {'JRC-N1890'}, 'OPSD': {'OEU-3842', 'OEU-3839'}}",NO5 3
1190,Kvemma 265,Hydro,Reservoir,Store,NO,5.0,,2004.0,2015.0,2115.0,61.042128,7.767102,,0.0,540.0,0.0,{},"{'JRC': {'JRC-N1776'}, 'OPSD': {'OEU-3827', 'OEU-3828'}}",NO5 2
1191,Kveasa 266,Hydro,Reservoir,Store,NO,5.4,,2011.0,2011.0,2111.0,59.146936,7.541037,,0.0,369.0,0.0,{},"{'JRC': {'JRC-N1581'}, 'OPSD': {'OEU-3826'}}",NO5 2
1192,Kvassteinaga 67,Hydro,Reservoir,Store,NO,4.33,,2011.0,2011.0,2111.0,66.127891,13.572895,,0.0,156.6,0.0,{},"{'JRC': {'JRC-N1507'}, 'OPSD': {'OEU-3825'}}",NO5 4
1193,Kvarv 68,Hydro,Reservoir,Store,NO,2.2,,1987.0,1987.0,2087.0,67.466473,15.58268,485.8636363636364,2.1,238.8,1068.9,{},"{'JRC': {'JRC-N220'}, 'OPSD': {'OEU-3824'}}",NO5 1
1194,Kvannvatn 68,Hydro,Reservoir,Store,NO,4.04,,2008.0,2008.0,2108.0,66.417748,14.522988,,0.0,301.0,0.0,{},"{'JRC': {'JRC-N1492'}, 'OPSD': {'OEU-3823'}}",NO5 4
1195,Kvanndal 267,Hydro,Reservoir,Store,NO,40.0,,1967.0,1967.0,2067.0,59.658147,6.985079,3589.0,194.0,314.0,143560.0,{},"{'JRC': {'JRC-N219'}, 'OPSD': {'OEU-3822'}}",NO5 2
1196,Kvitefella 268,Hydro,Reservoir,Store,NO,1.3,,2005.0,2005.0,2105.0,61.78202,6.109528,,0.0,203.0,0.0,{},"{'JRC': {'JRC-N1228'}, 'OPSD': {'OEU-3847'}}",NO5 2
1197,Nyvikelva 69,Hydro,Reservoir,Store,NO,2.1,,2015.0,2015.0,2115.0,64.818413,13.628673,,0.0,83.5,0.0,{},"{'JRC': {'JRC-N1800'}, 'OPSD': {'OEU-4100'}}",NO5 4
1198,Nyset 269,Hydro,Reservoir,Store,NO,5.0,,1988.0,1988.0,2088.0,61.163283,7.750692,1461.9,44.3,61.0,7309.5,{},"{'JRC': {'JRC-N316'}, 'OPSD': {'OEU-4098'}}",NO5 2
1199,Nygard 270,Hydro,Pumped Storage,Store,NO,56.0,,1932.0,2005.0,2105.0,60.892783,6.065015,1714.5571428571427,102.8,450.0,96015.2,{},"{'JRC': {'JRC-N827'}, 'OPSD': {'OEU-4097', 'OEU-4096'}}",NO5 2
1200,Nye Verma 103,Hydro,Reservoir,Store,NO,22.5,,1949.0,1949.0,2049.0,62.345564,8.046513,1500.48,32.4,424.4,33760.8,{},"{'JRC': {'JRC-N495'}, 'OPSD': {'OEU-4095'}}",NO5 3
1201,Nye Suvdola 114,Hydro,Reservoir,Store,NO,9.0,,2019.0,2019.0,2119.0,59.1495,8.815056,,0.0,347.0,0.0,{},"{'JRC': {'JRC-N1978'}, 'OPSD': {'OEU-4094'}}",NO5 0
1202,Nydal 271,Hydro,Reservoir,Store,NO,1.44,,2005.0,2005.0,2105.0,61.420546,6.109239,,0.0,190.0,0.0,{},"{'JRC': {'JRC-N839'}, 'OPSD': {'OEU-4092'}}",NO5 2
1203,Nybuelvi 115,Hydro,Reservoir,Store,NO,3.6,,2016.0,2016.0,2116.0,60.553377,9.183276,,0.0,539.9,0.0,{},"{'JRC': {'JRC-N1842'}, 'OPSD': {'OEU-4091'}}",NO5 0
1204,Novle 272,Hydro,Reservoir,Store,NO,40.0,,1967.0,1967.0,2067.0,59.831861,6.881373,2354.395,135.7,275.0,94175.8,{},"{'JRC': {'JRC-N312'}, 'OPSD': {'OEU-4088'}}",NO5 2
1205,Norstae 116,Hydro,Reservoir,Store,NO,1.5,,2006.0,2006.0,2106.0,60.037367,9.146297,,0.0,130.0,0.0,{},"{'JRC': {'JRC-N1244'}, 'OPSD': {'OEU-4103'}}",NO5 0
1206,Nordvik 104,Hydro,Reservoir,Store,NO,4.63,,2006.0,2006.0,2106.0,62.869929,8.622095,,0.0,375.0,0.0,{},"{'JRC': {'JRC-N1236'}, 'OPSD': {'OEU-4082'}}",NO5 3
1207,Mageli 273,Hydro,Reservoir,Store,NO,29.0,,1956.0,2009.0,2109.0,60.132949,6.628084,143.68965517241378,3.0,610.0,4167.0,{},"{'JRC': {'JRC-N286'}, 'OPSD': {'OEU-4032', 'OEU-4031'}}",NO5 2
1208,Nordlandselva 70,Hydro,Reservoir,Store,NO,2.0,,2006.0,2006.0,2106.0,67.073905,14.572181,,0.0,172.0,0.0,{},"{'JRC': {'JRC-N1245'}, 'OPSD': {'OEU-4079'}}",NO5 4
1209,Nordboana 117,Hydro,Reservoir,Store,NO,1.6,,2012.0,2012.0,2112.0,59.203152,8.509026,,0.0,193.0,0.0,{},"{'JRC': {'JRC-N1679'}, 'OPSD': {'OEU-4074'}}",NO5 0
1210,Nordani 274,Hydro,Reservoir,Store,NO,1.2,,2006.0,2006.0,2106.0,58.863815,7.818622,,0.0,180.0,0.0,{},"{'JRC': {'JRC-N1251'}, 'OPSD': {'OEU-4083'}}",NO5 2
1211,Nivla 275,Hydro,Reservoir,Store,NO,4.72,,2016.0,2016.0,2116.0,61.023502,7.669865,,0.0,184.9,0.0,{},"{'JRC': {'JRC-N1798'}, 'OPSD': {'OEU-4071'}}",NO5 2
1212,Nisserdam 118,Hydro,Reservoir,Store,NO,1.8,,1985.0,1985.0,2085.0,59.007843,8.551741,1763.6666666666663,244.2,6.9,3174.6,{},"{'JRC': {'JRC-N306'}, 'OPSD': {'OEU-4070'}}",NO5 0
1213,Niingen 69,Hydro,Reservoir,Store,NO,17.0,,1954.0,1954.0,2054.0,68.53702,17.028627,2314.0,34.0,501.7,39338.0,{},"{'JRC': {'JRC-N305'}, 'OPSD': {'OEU-4068'}}",NO5 1
1214,Nibbedalen 276,Hydro,Reservoir,Store,NO,1.7,,2011.0,2011.0,2111.0,62.072915,6.799724,,0.0,62.0,0.0,{},"{'JRC': {'JRC-N1517'}, 'OPSD': {'OEU-4067'}}",NO5 2
1215,Neselva 277,Hydro,Reservoir,Store,NO,4.9,,2004.0,2004.0,2104.0,61.694729,6.373533,,0.0,132.0,0.0,{},"{'JRC': {'JRC-N803'}, 'OPSD': {'OEU-4063', 'OEU-4062'}}",NO5 2
1216,Nedre Tessa 105,Hydro,Reservoir,Store,NO,30.0,,1942.0,1963.0,2063.0,61.84478733333333,8.960704666666667,,0.0,616.7,0.0,{},"{'JRC': {'JRC-N300', 'JRC-N270', 'JRC-N301'}, 'OPSD': {'OEU-4055', 'OEU-4056'}}",NO5 3
1217,Nordsvorka 106,Hydro,Reservoir,Store,NO,2.34,,2007.0,2007.0,2107.0,63.032446,8.836884,1041.2820512820513,26.2,39.3,2436.6,{},"{'JRC': {'JRC-N1347'}, 'OPSD': {'OEU-4081'}}",NO5 3
1218,Oslandsbotn 278,Hydro,Reservoir,Store,NO,2.9,,1984.0,1984.0,2084.0,61.42161,5.233451,911.4482758620692,5.9,188.0,2643.2000000000003,{},"{'JRC': {'JRC-N325'}, 'OPSD': {'OEU-4130'}}",NO5 2
1219,Osen 279,Hydro,Reservoir,Store,NO,16.5,,1954.0,2004.0,2104.0,59.356167,8.177044,258.0,19.8,92.3,4257.0,{},"{'JRC': {'JRC-N371'}, 'OPSD': {'OEU-4127', 'OEU-4126', 'OEU-3318'}}",NO5 2
1220,Steindola 280,Hydro,Reservoir,Store,NO,2.6,,2019.0,2019.0,2119.0,61.869634,6.531826,,0.0,270.95,0.0,{},"{'JRC': {'JRC-N1456'}, 'OPSD': {'OEU-4372'}}",NO5 2
1221,Osbu 107,Hydro,Reservoir,Store,NO,20.0,,1958.0,1958.0,2058.0,62.508165,8.473322,4372.65,711.0,56.0,87453.0,{},"{'JRC': {'JRC-N322'}, 'OPSD': {'OEU-4125'}}",NO5 3
1222,Ortvatn 71,Hydro,Reservoir,Store,NO,4.27,,2012.0,2012.0,2112.0,66.40672,14.503245,30.913348946135837,1.0,54.0,132.0,{},"{'JRC': {'JRC-N1671'}, 'OPSD': {'OEU-4724'}}",NO5 4
1223,Ortnevik 281,Hydro,Reservoir,Store,NO,1.2,,1999.0,2004.0,2104.0,61.10668,6.128762,,0.0,45.0,0.0,{},"{'JRC': {'JRC-N1618'}, 'OPSD': {'OEU-4122', 'OEU-4121'}}",NO5 2
1224,Orteren 282,Hydro,Reservoir,Store,NO,10.0,,1966.0,1966.0,2066.0,60.502923,7.862656,2678.8,72.4,157.69,26788.0,{},"{'JRC': {'JRC-N514'}, 'OPSD': {'OEU-4723'}}",NO5 2
1225,Ormsetfoss 108,Hydro,Reservoir,Store,NO,40.0,,1988.0,1988.0,2088.0,63.84787,10.682239,1033.6875000000002,44.7,383.7,41347.50000000001,{},"{'JRC': {'JRC-N555'}, 'OPSD': {'OEU-4120'}}",NO5 3
1226,Ormhaugfossen 109,Hydro,Reservoir,Store,NO,1.2,,2008.0,2008.0,2108.0,62.6389,11.39671,,0.0,5.5,0.0,{},"{'JRC': {'JRC-N1407'}, 'OPSD': {'OEU-4119'}}",NO5 3
1227,Offervann 70,Hydro,Reservoir,Store,NO,2.2,,2015.0,2015.0,2115.0,70.360458,26.891966,424.4545454545454,32.2,10.0,933.8,{},"{'JRC': {'JRC-N1805'}, 'OPSD': {'OEU-4106'}}",NO5 1
1228,Oma 283,Hydro,Reservoir,Store,NO,1.4,,2011.0,2011.0,2111.0,60.221633,5.97853,,0.0,163.0,0.0,{},"{'JRC': {'JRC-N1634'}, 'OPSD': {'OEU-4118'}}",NO5 2
1229,Oltesvik 284,Hydro,Reservoir,Store,NO,5.0,,1935.0,1935.0,2035.0,58.851993,6.123135,45.82,2.9,37.5,229.1,{},"{'JRC': {'JRC-N320'}, 'OPSD': {'OEU-4117'}}",NO5 2
1230,Olmedal 285,Hydro,Reservoir,Store,NO,4.3,,2010.0,2010.0,2110.0,59.499256,6.007593,,0.0,158.0,0.0,{},"{'JRC': {'JRC-N1599'}, 'OPSD': {'OEU-4720'}}",NO5 2
1231,Oljusjoen 110,Hydro,Pumped Storage,Store,NO,50.0,,1975.0,1975.0,2075.0,61.003581,8.068592,1487.64,161.0,211.8,74382.0,{},"{'JRC': {'JRC-N512'}, 'OPSD': {'OEU-4719'}}",NO5 3
1232,Oldereid 72,Hydro,Reservoir,Store,NO,15.0,,1953.0,1953.0,2053.0,67.129685,14.955136,2233.133333333333,43.0,319.0,33497.0,{},"{'JRC': {'JRC-N318'}, 'OPSD': {'OEU-4114'}}",NO5 4
1233,Oksenelvane 286,Hydro,Reservoir,Store,NO,28.0,,1953.0,1953.0,2053.0,61.841527,5.802617,396.8571428571428,12.0,375.0,11112.0,{},"{'JRC': {'JRC-N511'}, 'OPSD': {'OEU-4716'}}",NO5 2
1234,Oksebotn 287,Hydro,Reservoir,Store,NO,11.0,,1988.0,1988.0,2088.0,60.738549,6.261966,1833.3,69.3,125.0,20166.3,{},"{'JRC': {'JRC-N554'}, 'OPSD': {'OEU-4110'}}",NO5 2
1235,Oksarelva 288,Hydro,Reservoir,Store,NO,1.2,,2011.0,2011.0,2111.0,59.946481,5.961608,,0.0,320.0,0.0,{},"{'JRC': {'JRC-N1529'}, 'OPSD': {'OEU-4109'}}",NO5 2
1236,Ogreyfoss 289,Hydro,Reservoir,Store,NO,15.2,,1969.0,1969.0,2069.0,58.478973,6.030994,257.56578947368416,27.0,65.69,3914.999999999999,{},"{'JRC': {'JRC-N510'}, 'OPSD': {'OEU-4715'}}",NO5 2
1237,Oftedal 290,Hydro,Reservoir,Store,NO,8.0,,2006.0,2007.0,2107.0,58.542661,6.722371,69.16875,0.93,395.0,553.35,{},"{'JRC': {'JRC-N1346', 'JRC-N1235'}, 'OPSD': {'OEU-4108', 'OEU-4107'}}",NO5 2
1238,Orje 119,Hydro,Reservoir,Store,NO,1.75,,1942.0,1942.0,2042.0,59.480771,11.652347,890.0571428571428,64.9,9.5,1557.6,{},"{'JRC': {'JRC-N513'}, 'OPSD': {'OEU-4722'}}",NO5 0
1239,Moflat 120,Hydro,Reservoir,Store,NO,30.0,,1954.0,1954.0,2054.0,59.883233,8.684686,,0.0,47.5,0.0,{},"{'JRC': {'JRC-N273'}, 'OPSD': {'OEU-3993'}}",NO5 0
1240,Moelv 121,Hydro,Reservoir,Store,NO,1.2,,2001.0,2001.0,2101.0,60.943698,10.745986,1717.9166666666667,15.5,57.0,2061.5,{},"{'JRC': {'JRC-N786'}, 'OPSD': {'OEU-3991'}}",NO5 0
1241,Mo 291,Hydro,Reservoir,Store,NO,10.0,,1908.0,2000.0,2100.0,61.416521,5.949262,,0.0,550.0,0.0,{},"{'JRC': {'JRC-N778'}, 'OPSD': {'OEU-3987', 'OEU-3988'}}",NO5 2
1242,Mjeldeelva 71,Hydro,Reservoir,Store,NO,1.64,,2016.0,2016.0,2116.0,69.543744,18.426351,,0.0,140.3,0.0,{},"{'JRC': {'JRC-N1809'}, 'OPSD': {'OEU-3985'}}",NO5 1
1243,Misfjord 111,Hydro,Reservoir,Store,NO,1.4,,2012.0,2012.0,2112.0,62.614782,7.044391,,0.0,248.0,0.0,{},"{'JRC': {'JRC-N1715'}, 'OPSD': {'OEU-3984'}}",NO5 3
1244,Midtlaeger 292,Hydro,Reservoir,Store,NO,3.47,,2016.0,2016.0,2116.0,59.833807,6.9935,3902.449567723343,36.5,153.5,13541.5,{},"{'JRC': {'JRC-N1850'}, 'OPSD': {'OEU-3980'}}",NO5 2
1245,Middyr 293,Hydro,Reservoir,Store,NO,1.3,,1981.0,1981.0,2081.0,59.871268,7.007766,1153.8461538461538,10.0,66.0,1500.0,{},"{'JRC': {'JRC-N269'}, 'OPSD': {'OEU-3978'}}",NO5 2
1246,Middola 122,Hydro,Reservoir,Store,NO,4.36,,2015.0,2015.0,2115.0,59.929771,8.748934,,0.0,276.7,0.0,{},"{'JRC': {'JRC-N1794'}, 'OPSD': {'OEU-3979'}}",NO5 0
1247,Mesna 123,Hydro,Reservoir,Store,NO,37.5,,1985.0,1985.0,2085.0,61.115301,10.454126,1884.138666666667,81.4,356.0,70655.20000000001,{},"{'JRC': {'JRC-N268'}, 'OPSD': {'OEU-3976'}}",NO5 0
1248,Melkefoss 72,Hydro,Reservoir,Store,NO,22.0,,1978.0,1978.0,2078.0,69.399382,29.7873,,0.0,10.19,0.0,{},"{'JRC': {'JRC-N267'}, 'OPSD': {'OEU-3972'}}",NO5 1
1249,Nedre Svultingen 294,Hydro,Reservoir,Store,NO,8.8,,1965.0,1965.0,2065.0,61.154509,5.350066,155.68181818181816,10.0,68.0,1370.0,{},"{'JRC': {'JRC-N299'}, 'OPSD': {'OEU-4054'}}",NO5 2
1250,Mel 295,Hydro,Reservoir,Store,NO,52.0,,1989.0,1997.0,2097.0,61.350357,6.573761,2233.419230769231,60.3,810.0,116137.8,{},"{'JRC': {'JRC-N549'}, 'OPSD': {'OEU-3969', 'OEU-4104'}}",NO5 2
1251,Meisal 112,Hydro,Reservoir,Store,NO,4.1,,1936.0,1999.0,2099.0,62.788628,8.232293,868.2926829268292,2.5,605.0,3559.9999999999995,{},"{'JRC': {'JRC-N766'}, 'OPSD': {'OEU-3968', 'OEU-3967'}}",NO5 3
1252,Meierifossen 296,Hydro,Reservoir,Store,NO,1.36,,2008.0,2008.0,2108.0,61.551138,6.350396,,0.0,36.0,0.0,{},"{'JRC': {'JRC-N1426'}, 'OPSD': {'OEU-3966'}}",NO5 2
1253,Maudal 297,Hydro,Reservoir,Store,NO,25.5,,1930.0,1930.0,2030.0,58.764683,6.36841,1749.1764705882354,63.0,295.7,44604.0,{},"{'JRC': {'JRC-N265'}, 'OPSD': {'OEU-3960'}}",NO5 2
1254,Mattisfoss 73,Hydro,Reservoir,Store,NO,2.3,,1993.0,1993.0,2093.0,69.916531,23.013535,156.13043478260872,2.7,56.0,359.1,{},"{'JRC': {'JRC-N737'}, 'OPSD': {'OEU-3959'}}",NO5 1
1255,Maroyfjord 74,Hydro,Reservoir,Store,NO,4.4,,1956.0,1956.0,2056.0,70.751421,27.355047,1533.6818181818182,13.8,225.3,6748.200000000001,{},"{'JRC': {'JRC-N289'}, 'OPSD': {'OEU-4036'}}",NO5 1
1256,Maren 298,Hydro,Reservoir,Store,NO,5.0,,2010.0,2010.0,2110.0,61.149409,6.074121,,0.0,292.5,0.0,{},"{'JRC': {'JRC-N1545'}, 'OPSD': {'OEU-4035'}}",NO5 2
1257,Mannsberg 113,Hydro,Reservoir,Store,NO,3.52,,2016.0,2016.0,2116.0,61.277096,8.01826,2617.0454545454545,24.5,160.34,9212.0,{},"{'JRC': {'JRC-N1851'}, 'OPSD': {'OEU-3951'}}",NO5 3
1258,Malset 299,Hydro,Reservoir,Store,NO,20.0,,1967.0,1967.0,2067.0,60.978203,6.516092,1903.615,95.9,175.0,38072.3,{},"{'JRC': {'JRC-N287'}, 'OPSD': {'OEU-4033'}}",NO5 2
1259,Makkoren 300,Hydro,Reservoir,Store,NO,4.0,,2012.0,2012.0,2112.0,61.239979,6.247421,1407.4,24.8,93.0,5629.6,{},"{'JRC': {'JRC-N1714'}, 'OPSD': {'OEU-3948'}}",NO5 2
1260,Mago 124,Hydro,Reservoir,Store,NO,1.6,,1960.0,1984.0,2084.0,60.320995,11.26002,,0.0,8.0,0.0,{},"{'JRC': {'JRC-N261'}, 'OPSD': {'OEU-3944', 'OEU-3947', 'OEU-3946', 'OEU-3945'}}",NO5 0
1261,Mela 73,Hydro,Reservoir,Store,NO,3.74,,2017.0,2017.0,2117.0,64.254483,12.545905,130.16310160427807,0.81,259.0,486.81,{},"{'JRC': {'JRC-N1811'}, 'OPSD': {'OEU-3970'}}",NO5 4
1262,Nedre Porsa 75,Hydro,Reservoir,Store,NO,12.8,,1959.0,1959.0,2059.0,70.401409,23.627292,1876.875,52.0,215.0,24024.0,{},"{'JRC': {'JRC-N297'}, 'OPSD': {'OEU-4052'}}",NO5 1
1263,Nedre Neset 301,Hydro,Reservoir,Store,NO,2.56,,1947.0,2012.0,2112.0,58.512624,6.524099,,0.0,117.8,0.0,{},"{'JRC': {'JRC-N1660'}, 'OPSD': {'OEU-4065', 'OEU-4051'}}",NO5 2
1264,Nedre Nea 114,Hydro,Reservoir,Store,NO,66.7,,1989.0,1989.0,2089.0,63.155303,11.235879,13.853073463268366,4.0,96.0,924.0,{},"{'JRC': {'JRC-N551'}, 'OPSD': {'OEU-4050'}}",NO5 3
1265,Nedre Markevatn 302,Hydro,Reservoir,Store,NO,2.8,,1954.0,1954.0,2054.0,61.462957,5.322115,,0.0,42.0,0.0,{},"{'JRC': {'JRC-N296'}, 'OPSD': {'OEU-4048'}}",NO5 2
1266,Nedre Fiskumfoss 74,Hydro,Reservoir,Store,NO,41.5,,1946.0,1946.0,2046.0,64.543207,12.454644,,0.0,34.5,0.0,{},"{'JRC': {'JRC-N293'}, 'OPSD': {'OEU-4045'}}",NO5 4
1267,Nedrebo 303,Hydro,Reservoir,Store,NO,1.42,,2000.0,2012.0,2112.0,61.534608,6.235158,,0.0,129.3,0.0,{},"{'JRC': {'JRC-N1661'}, 'OPSD': {'OEU-4059', 'OEU-4043', 'OEU-4060'}}",NO5 2
1268,Nedalsfoss 115,Hydro,Reservoir,Store,NO,25.0,,1974.0,1974.0,2074.0,62.957739,12.098549,1.848,0.2,96.0,46.2,{},"{'JRC': {'JRC-N292'}, 'OPSD': {'OEU-4042'}}",NO5 3
1269,Nape 125,Hydro,Reservoir,Store,NO,1.93,,2013.0,2013.0,2113.0,59.194213,8.226579,,0.0,145.0,0.0,{},"{'JRC': {'JRC-N1741'}, 'OPSD': {'OEU-4038'}}",NO5 0
1270,Myra 304,Hydro,Reservoir,Store,NO,3.7,,1988.0,1988.0,2088.0,60.426946,5.830622,60.648648648648646,4.4,18.2,224.4,{},"{'JRC': {'JRC-N603'}, 'OPSD': {'OEU-4016'}}",NO5 2
1271,Mykstufoss 126,Hydro,Reservoir,Store,NO,48.0,,1964.0,1964.0,2064.0,60.050395,9.19932,,0.0,61.7,0.0,{},"{'JRC': {'JRC-N282'}, 'OPSD': {'OEU-4015'}}",NO5 0
1272,Moksa 127,Hydro,Reservoir,Store,NO,15.0,,1990.0,1990.0,2090.0,61.319056,10.300177,,0.0,501.0,0.0,{},"{'JRC': {'JRC-N274'}, 'OPSD': {'OEU-3995'}}",NO5 0
1273,Muoidejohka 75,Hydro,Reservoir,Store,NO,5.49,,2014.0,2014.0,2114.0,66.811343,14.644825,,0.0,481.5,0.0,{},"{'JRC': {'JRC-N1686'}, 'OPSD': {'OEU-4009'}}",NO5 4
1274,Mosvik 116,Hydro,Reservoir,Store,NO,37.0,,1984.0,1984.0,2084.0,63.726499,10.865013,1611.4864864864865,125.0,205.0,59625.0,{},"{'JRC': {'JRC-N279'}, 'OPSD': {'OEU-4007'}}",NO5 3
1275,Mossefossen 128,Hydro,Reservoir,Store,NO,3.1,,1986.0,1986.0,2086.0,59.438716,10.668395,1318.7096774193549,73.0,22.4,4088.0,{},"{'JRC': {'JRC-N278'}, 'OPSD': {'OEU-4006'}}",NO5 0
1276,Mosbakka 305,Hydro,Reservoir,Store,NO,4.05,,2010.0,2010.0,2110.0,59.639354,6.298696,,0.0,381.5,0.0,{},"{'JRC': {'JRC-N1598'}, 'OPSD': {'OEU-4003'}}",NO5 2
1277,Mortensdalelva 76,Hydro,Reservoir,Store,NO,2.1,,2012.0,2012.0,2112.0,69.235952,19.835979,,0.0,295.0,0.0,{},"{'JRC': {'JRC-N1621'}, 'OPSD': {'OEU-4002'}}",NO5 1
1278,Morre 117,Hydro,Reservoir,Store,NO,13.6,,1977.0,1977.0,2077.0,63.927744,10.233434,171.41176470588235,12.4,81.3,2331.2,{},"{'JRC': {'JRC-N285'}, 'OPSD': {'OEU-4029'}}",NO5 3
1279,Morkenfoss 118,Hydro,Reservoir,Store,NO,2.1,,1986.0,1986.0,2086.0,64.429329,10.959254,791.1428571428572,14.2,50.5,1661.4000000000003,{},"{'JRC': {'JRC-N277'}, 'OPSD': {'OEU-4001'}}",NO5 3
1280,Molnbekken 76,Hydro,Reservoir,Store,NO,1.55,,1987.0,2015.0,2115.0,65.965345,13.766672,38.32258064516129,0.2,148.26,59.4,{},"{'JRC': {'JRC-N1830'}, 'OPSD': {'OEU-4026', 'OEU-4028', 'OEU-3998'}}",NO5 4
1281,Molnelva 77,Hydro,Reservoir,Store,NO,1.2,,2008.0,2008.0,2108.0,69.015515,17.921611,,0.0,99.0,0.0,{},"{'JRC': {'JRC-N1403'}, 'OPSD': {'OEU-4027'}}",NO5 1
1282,Mollen 306,Hydro,Reservoir,Store,NO,2.0,,1942.0,1977.0,2077.0,60.476307,5.738424,,0.0,80.0,0.0,{},"{'JRC': {'JRC-N485'}, 'OPSD': {'OEU-3989', 'OEU-4025'}}",NO5 2
1283,Molleelva 78,Hydro,Reservoir,Store,NO,4.5,,2018.0,2018.0,2118.0,69.950044,23.06281,,0.0,395.64,0.0,{},"{'JRC': {'JRC-N1928'}, 'OPSD': {'OEU-4023'}}",NO5 1
1284,Myklebost 307,Hydro,Reservoir,Store,NO,5.32,,2009.0,2018.0,2118.0,61.524872,6.35634,,0.0,190.0,0.0,{},"{'JRC': {'JRC-N1888'}, 'OPSD': {'OEU-4013', 'OEU-4012'}}",NO5 2
1285,Hammeren 129,Hydro,Reservoir,Store,NO,4.7,,1901.0,2014.0,2114.0,59.996669,10.749974,1574.808510638298,38.55,105.0,7401.600000000001,{},"{'JRC': {'JRC-N126'}, 'OPSD': {'OEU-3547', 'OEU-3549', 'OEU-3548'}}",NO5 0
1286,Halandsfoss 308,Hydro,Reservoir,Store,NO,4.85,,1955.0,1955.0,2055.0,61.330877,5.413983,194.84536082474227,7.0,60.0,945.0,{},"{'JRC': {'JRC-N180'}, 'OPSD': {'OEU-3700'}}",NO5 2
1287,Hakvik 79,Hydro,Reservoir,Store,NO,12.0,,1954.0,1987.0,2087.0,68.403304,17.42153,2084.0000000000005,48.0,216.6,25008.000000000004,{},"{'JRC': {'JRC-N179'}, 'OPSD': {'OEU-3699', 'OEU-3576'}}",NO5 1
1288,Haen 119,Hydro,Reservoir,Store,NO,30.0,,1966.0,1966.0,2066.0,63.113494,10.478311,385.83333333333337,25.0,215.0,11575.000000000002,{},"{'JRC': {'JRC-N178'}, 'OPSD': {'OEU-3697'}}",NO5 3
1289,Gyl 120,Hydro,Reservoir,Store,NO,1.38,,2007.0,2007.0,2107.0,62.953051,8.133037,,0.0,318.6,0.0,{},"{'JRC': {'JRC-N1445'}, 'OPSD': {'OEU-3535'}}",NO5 3
1290,Gryto 309,Hydro,Reservoir,Store,NO,3.5,,2006.0,2006.0,2106.0,60.414314,6.25049,,0.0,350.0,0.0,{},"{'JRC': {'JRC-N1248'}, 'OPSD': {'OEU-3506'}}",NO5 2
1291,Grytneselva 121,Hydro,Reservoir,Store,NO,5.9,,2016.0,2016.0,2116.0,62.723486,8.114792,,0.0,570.5,0.0,{},"{'JRC': {'JRC-N1867'}, 'OPSD': {'OEU-3505'}}",NO5 3
1292,Grytfossen 130,Hydro,Reservoir,Store,NO,1.13,,1907.0,2005.0,2105.0,60.998858,9.927763,,0.0,52.0,0.0,{},"{'JRC': {'JRC-N830'}, 'OPSD': {'OEU-3504', 'OEU-3502'}}",NO5 0
1293,Kjosfoss 310,Hydro,Reservoir,Store,NO,4.2,,1944.0,1944.0,2044.0,60.747019,7.134844,542.5,10.5,95.0,2278.5,{},"{'JRC': {'JRC-N204'}, 'OPSD': {'OEU-3780'}}",NO5 2
1294,Gryta 122,Hydro,Reservoir,Store,NO,1.49,,1963.0,2009.0,2109.0,63.055594,9.177448,,0.0,223.0,0.0,{},"{'JRC': {'JRC-N1479'}, 'OPSD': {'OEU-3498', 'OEU-3510', 'OEU-3509'}}",NO5 3
1295,Grunnevatn 311,Hydro,Reservoir,Store,NO,1.13,,2016.0,2016.0,2116.0,61.434635,5.355105,,0.0,85.7,0.0,{},"{'JRC': {'JRC-N1835'}, 'OPSD': {'OEU-3496'}}",NO5 2
1296,Grunnai 131,Hydro,Reservoir,Store,NO,25.32,,2006.0,2006.0,2106.0,59.517958,8.671041,7.779620853080568,0.21,389.0,196.98,{},"{'JRC': {'JRC-N847'}, 'OPSD': {'OEU-3497'}}",NO5 0
1297,Grovla 312,Hydro,Reservoir,Store,NO,2.43,,2011.0,2011.0,2111.0,61.499777,5.975762,,0.0,339.0,0.0,{},"{'JRC': {'JRC-N1651'}, 'OPSD': {'OEU-3528'}}",NO5 2
1298,Groslandselva 132,Hydro,Reservoir,Store,NO,5.02,,2018.0,2018.0,2118.0,60.417901,9.375481,,0.0,203.2,0.0,{},"{'JRC': {'JRC-N1935'}, 'OPSD': {'OEU-3526'}}",NO5 0
1299,Gronvollfoss 133,Hydro,Reservoir,Store,NO,33.0,,1933.0,1933.0,2033.0,59.658549,9.207749,,0.0,22.6,0.0,{},"{'JRC': {'JRC-N121'}, 'OPSD': {'OEU-3525'}}",NO5 0
1300,Gronsdal 313,Hydro,Reservoir,Store,NO,36.0,,1948.0,1948.0,2048.0,60.44001,5.860706,437.30555555555554,34.6,165.0,15743.0,{},"{'JRC': {'JRC-N120'}, 'OPSD': {'OEU-3524'}}",NO5 2
1301,Gronnedal 123,Hydro,Reservoir,Store,NO,1.76,,1947.0,1999.0,2099.0,62.840822,7.701925,1473.494318181818,16.95,60.0,2593.35,{},"{'JRC': {'JRC-N119'}, 'OPSD': {'OEU-3516', 'OEU-3522'}}",NO5 3
1302,Gronlielva 80,Hydro,Reservoir,Store,NO,2.4,,2015.0,2015.0,2115.0,68.970847,17.776604,,0.0,169.02,0.0,{},"{'JRC': {'JRC-N1825'}, 'OPSD': {'OEU-3521'}}",NO5 1
1303,Grodemfoss 314,Hydro,Reservoir,Store,NO,3.08,,1939.0,1939.0,2039.0,58.406025,6.101414,,0.0,62.0,0.0,{},"{'JRC': {'JRC-N118'}, 'OPSD': {'OEU-3515'}}",NO5 2
1304,Grytendal 77,Hydro,Reservoir,Store,NO,6.35,,2012.0,2018.0,2118.0,65.184825,12.798047,11.111811023622048,0.18,165.2,70.56,{},"{'JRC': {'JRC-N1945'}, 'OPSD': {'OEU-3503', 'OEU-3499'}}",NO5 4
1305,Heina 124,Hydro,Reservoir,Store,NO,2.8,,2008.0,2014.0,2114.0,62.771261,8.001129,,0.0,0.0,0.0,{},"{'JRC': {'JRC-N1438'}, 'OPSD': {'OEU-3591', 'OEU-3914'}}",NO5 3
1306,Heiai 134,Hydro,Reservoir,Store,NO,2.4,,2008.0,2012.0,2112.0,59.617762,8.430238,,0.0,245.0,0.0,{},"{'JRC': {'JRC-N1670'}, 'OPSD': {'OEU-3592', 'OEU-3593'}}",NO5 0
1307,Hegsetfoss 125,Hydro,Reservoir,Store,NO,32.0,,1962.0,1962.0,2062.0,63.164753,11.231371,,0.0,72.0,0.0,{},"{'JRC': {'JRC-N137'}, 'OPSD': {'OEU-3585'}}",NO5 3
1308,Heggtveit 315,Hydro,Reservoir,Store,NO,1.66,,2015.0,2015.0,2115.0,59.340936,8.085801,,0.0,335.0,0.0,{},"{'JRC': {'JRC-N1796'}, 'OPSD': {'OEU-3583'}}",NO5 2
1309,Heggmoen 78,Hydro,Reservoir,Store,NO,10.0,,1981.0,1981.0,2081.0,67.355703,14.8518,3213.2000000000003,116.0,116.69,32132.000000000004,{},"{'JRC': {'JRC-N136'}, 'OPSD': {'OEU-3582'}}",NO5 4
1310,Haverstad 316,Hydro,Reservoir,Store,NO,48.0,,1957.0,1957.0,2057.0,58.505942,7.417104,41.53333333333333,11.2,85.0,1993.6,{},"{'JRC': {'JRC-N181'}, 'OPSD': {'OEU-3704'}}",NO5 2
1311,Havdal 79,Hydro,Reservoir,Store,NO,2.3,,2009.0,2009.0,2109.0,64.641974,13.693305,,0.0,51.5,0.0,{},"{'JRC': {'JRC-N1489'}, 'OPSD': {'OEU-3579'}}",NO5 4
1312,Havardsvatn 317,Hydro,Reservoir,Store,NO,5.0,,2006.0,2006.0,2106.0,60.10165,6.913308,4238.0,130.0,60.0,21190.0,{},"{'JRC': {'JRC-N1246'}, 'OPSD': {'OEU-3703'}}",NO5 2
1313,Haukland 318,Hydro,Reservoir,Store,NO,4.9,,1949.0,1949.0,2049.0,58.465032,6.544322,1073.7755102040817,8.5,252.5,5261.5,{},"{'JRC': {'JRC-N135'}, 'OPSD': {'OEU-3574'}}",NO5 2
1314,Haukeli 319,Hydro,Reservoir,Store,NO,4.9,,1957.0,1992.0,2092.0,59.732555,7.544277,4166.448979591836,32.1,268.0,20415.6,{},"{'JRC': {'JRC-N134'}, 'OPSD': {'OEU-3573', 'OEU-3575'}}",NO5 2
1315,Hammerfest 81,Hydro,Reservoir,Store,NO,1.1,,1947.0,1947.0,2047.0,70.657936,23.714418,1638.181818181818,10.6,88.0,1802.0,{},"{'JRC': {'JRC-N127'}, 'OPSD': {'OEU-3550'}}",NO5 1
1316,Haugafossen 320,Hydro,Reservoir,Store,NO,5.43,,1938.0,2018.0,2118.0,60.28032,6.264236,,0.0,42.0,0.0,{},"{'JRC': {'JRC-N1944'}, 'OPSD': {'OEU-3569', 'OEU-3567'}}",NO5 2
1317,Haugaelva 321,Hydro,Reservoir,Store,NO,2.0,,2005.0,2010.0,2110.0,60.191992,5.760381,,0.0,206.0,0.0,{},"{'JRC': {'JRC-N1588'}, 'OPSD': {'OEU-3566', 'OEU-3541'}}",NO5 2
1318,Hattebergsdalen 322,Hydro,Reservoir,Store,NO,4.96,,1954.0,1954.0,2054.0,59.97063,6.063545,482.6612903225807,6.3,155.5,2394.0,{},"{'JRC': {'JRC-N280'}, 'OPSD': {'OEU-3565'}}",NO5 2
1319,Hatlestad 323,Hydro,Reservoir,Store,NO,4.49,,2018.0,2018.0,2118.0,61.384128,6.737623,,0.0,626.35,0.0,{},"{'JRC': {'JRC-N1910'}, 'OPSD': {'OEU-3564'}}",NO5 2
1320,Hasselelva 126,Hydro,Reservoir,Store,NO,1.1,,1980.0,1980.0,2080.0,63.650952,9.904441,544.090909090909,4.5,60.0,598.5,{},"{'JRC': {'JRC-N132'}, 'OPSD': {'OEU-3562'}}",NO5 3
1321,Harstveitbekken 135,Hydro,Reservoir,Store,NO,1.8,,2009.0,2009.0,2109.0,58.85675,8.340047,,0.0,240.0,0.0,{},"{'JRC': {'JRC-N1585'}, 'OPSD': {'OEU-3561'}}",NO5 0
1322,Hardeland 324,Hydro,Reservoir,Store,NO,36.0,,1950.0,1958.0,2058.0,59.6576135,6.0964035,2207.3972222222224,92.95,743.6,79466.3,{},"{'JRC': {'JRC-N130', 'JRC-N129'}, 'OPSD': {'OEU-3558', 'OEU-3559'}}",NO5 2
1323,Hara 325,Hydro,Reservoir,Store,NO,4.9,,2014.0,2014.0,2114.0,59.806021,6.771716,,0.0,210.5,0.0,{},"{'JRC': {'JRC-N1770'}, 'OPSD': {'OEU-3701'}}",NO5 2
1324,Hansfoss 127,Hydro,Reservoir,Store,NO,1.3,,1988.0,1988.0,2088.0,63.72116,11.450426,654.6153846153846,7.4,48.0,851.0000000000001,{},"{'JRC': {'JRC-N617'}, 'OPSD': {'OEU-3555'}}",NO5 3
1325,Hanestadnea 136,Hydro,Reservoir,Store,NO,2.46,,2012.0,2012.0,2112.0,61.78136,10.837233,,0.0,90.6,0.0,{},"{'JRC': {'JRC-N1716'}, 'OPSD': {'OEU-3554'}}",NO5 0
1326,Hanefoss 137,Hydro,Reservoir,Store,NO,22.0,,1961.0,1961.0,2061.0,58.530183,8.334636,114.05454545454543,16.4,70.0,2509.2,{},"{'JRC': {'JRC-N128'}, 'OPSD': {'OEU-3553'}}",NO5 0
1327,Haukali 326,Hydro,Reservoir,Store,NO,1.65,,2001.0,2001.0,2101.0,58.921596,6.1785,,0.0,331.0,0.0,{},"{'JRC': {'JRC-N1699'}, 'OPSD': {'OEU-3572'}}",NO5 2
1328,Gaudola 128,Hydro,Reservoir,Store,NO,2.0,,1905.0,2004.0,2104.0,62.685993,8.416823,,0.0,159.0,0.0,{},"{'JRC': {'JRC-N1226'}, 'OPSD': {'OEU-3455', 'OEU-3454'}}",NO5 3
1329,Gapestad 138,Hydro,Reservoir,Store,NO,1.5,,1987.0,1987.0,2087.0,59.435697,11.241683,,0.0,15.5,0.0,{},"{'JRC': {'JRC-N105'}, 'OPSD': {'OEU-3453'}}",NO5 0
1330,Gandvik 82,Hydro,Reservoir,Store,NO,4.8,,1952.0,1952.0,2052.0,70.014732,29.115253,4129.9375,50.7,184.0,19823.7,{},"{'JRC': {'JRC-N104'}, 'OPSD': {'OEU-3451'}}",NO5 1
1331,Gamlebrofoss 139,Hydro,Reservoir,Store,NO,15.0,,1971.0,1971.0,2071.0,59.657714,9.651615,,0.0,14.3,0.0,{},"{'JRC': {'JRC-N103'}, 'OPSD': {'OEU-3450'}}",NO5 0
1332,Fykanvannet 80,Hydro,Reservoir,Store,NO,2.35,,2013.0,2013.0,2113.0,66.796795,14.000749,259.74468085106383,2.8,90.0,610.4,{},"{'JRC': {'JRC-N1756'}, 'OPSD': {'OEU-3446'}}",NO5 4
1333,Furset 129,Hydro,Reservoir,Store,NO,4.95,,2007.0,2007.0,2107.0,62.282863,6.884733,,0.0,289.5,0.0,{},"{'JRC': {'JRC-N1350'}, 'OPSD': {'OEU-3445'}}",NO5 3
1334,Furegardane 327,Hydro,Reservoir,Store,NO,5.49,,2014.0,2014.0,2114.0,60.636372,6.17251,,0.0,276.0,0.0,{},"{'JRC': {'JRC-N1719'}, 'OPSD': {'OEU-3444'}}",NO5 2
1335,Furebo 328,Hydro,Reservoir,Store,NO,1.08,,2001.0,2001.0,2101.0,61.484726,5.956325,,0.0,205.0,0.0,{},"{'JRC': {'JRC-N820'}, 'OPSD': {'OEU-3443'}}",NO5 2
1336,Funnefoss 140,Hydro,Reservoir,Store,NO,40.0,,1975.0,1975.0,2075.0,60.167127,11.529376,,0.0,10.5,0.0,{},"{'JRC': {'JRC-N102'}, 'OPSD': {'OEU-3442'}}",NO5 0
1337,Funna 130,Hydro,Reservoir,Store,NO,20.6,,1938.0,1938.0,2038.0,63.440244,11.742539,2733.9805825242715,64.0,336.2,56320.0,{},"{'JRC': {'JRC-N101'}, 'OPSD': {'OEU-3441'}}",NO5 3
1338,Groa 131,Hydro,Reservoir,Store,NO,34.7,,1999.0,1999.0,2099.0,62.639218,8.730667,,0.0,353.0,0.0,{},"{'JRC': {'JRC-N767'}, 'OPSD': {'OEU-3513'}}",NO5 3
1339,Frammarsvik 329,Hydro,Reservoir,Store,NO,2.4,,2008.0,2008.0,2108.0,61.483854,5.632228,,0.0,308.0,0.0,{},"{'JRC': {'JRC-N1491'}, 'OPSD': {'OEU-3429'}}",NO5 2
1340,Fossmark 330,Hydro,Reservoir,Store,NO,9.0,,1917.0,2007.0,2107.0,60.51216,5.725404,208.4,1.8,432.0,1875.6,{},"{'JRC': {'JRC-N97'}, 'OPSD': {'OEU-3423', 'OEU-3422'}}",NO5 2
1341,Fosstveit 141,Hydro,Reservoir,Store,NO,1.99,,2008.0,2008.0,2108.0,58.641346,8.904489,,0.0,0.0,0.0,{},"{'JRC': {'JRC-N1398'}, 'OPSD': {'OEU-3425'}}",NO5 0
1342,Fossheim 331,Hydro,Reservoir,Store,NO,8.32,,1994.0,1995.0,2095.0,61.579621,6.502653,,0.0,326.0,0.0,{},"{'JRC': {'JRC-N754'}, 'OPSD': {'OEU-3420', 'OEU-3419'}}",NO5 2
1343,Fosse 332,Hydro,Reservoir,Store,NO,25.0,,1954.0,1972.0,2072.0,60.581956,5.884433,,0.0,96.5,0.0,{},"{'JRC': {'JRC-N96'}, 'OPSD': {'OEU-3418', 'OEU-3413'}}",NO5 2
1344,Fossbraten 142,Hydro,Reservoir,Store,NO,2.9,,2014.0,2014.0,2114.0,60.976724,9.295138,,0.0,240.0,0.0,{},"{'JRC': {'JRC-N1789'}, 'OPSD': {'OEU-3411'}}",NO5 0
1345,Fossan 83,Hydro,Reservoir,Store,NO,4.95,,2000.0,2013.0,2113.0,68.662854,17.697002,227.77777777777777,2.75,174.1,1127.5,{},"{'JRC': {'JRC-N1738'}, 'OPSD': {'OEU-3406', 'OEU-3407'}}",NO5 1
1346,Fossa 132,Hydro,Reservoir,Store,NO,1.77,,2006.0,2011.0,2111.0,62.984994,9.770796,,0.0,313.0,0.0,{},"{'JRC': {'JRC-N1572'}, 'OPSD': {'OEU-3449', 'OEU-3428'}}",NO5 3
1347,Forsland 81,Hydro,Reservoir,Store,NO,15.58,,2003.0,2015.0,2115.0,66.06218100000001,13.0825245,24.390243902439025,2.0,234.8,380.0,{},"{'JRC': {'JRC-N1815', 'JRC-N791'}, 'OPSD': {'OEU-4733', 'OEU-3402'}}",NO5 4
1348,Froystul 143,Hydro,Reservoir,Store,NO,45.6,,1995.0,1995.0,2095.0,59.824603,8.345011,3289.999999999999,1064.0,61.5,150023.99999999997,{},"{'JRC': {'JRC-N100'}, 'OPSD': {'OEU-3439'}}",NO5 0
1349,Gresslifoss 133,Hydro,Reservoir,Store,NO,25.0,,1966.0,1966.0,2066.0,63.053018,11.489542,2.72,1.0,33.0,68.0,{},"{'JRC': {'JRC-N115'}, 'OPSD': {'OEU-3491'}}",NO5 3
1350,Gravfoss 144,Hydro,Reservoir,Store,NO,48.8,,1931.0,1996.0,2096.0,59.930222,9.9459415,,0.0,39.7,0.0,{},"{'JRC': {'JRC-N756', 'JRC-N114'}, 'OPSD': {'OEU-3489', 'OEU-3488'}}",NO5 0
1351,Gravbrotfoss 82,Hydro,Reservoir,Store,NO,2.1,,2009.0,2009.0,2109.0,64.273359,12.547991,,0.0,59.0,0.0,{},"{'JRC': {'JRC-N1520'}, 'OPSD': {'OEU-3487'}}",NO5 4
1352,Grasjo 134,Hydro,Reservoir,Store,NO,15.0,,1970.0,1970.0,2070.0,62.933703,9.125257,2186.6666666666665,205.0,55.0,32800.0,{},"{'JRC': {'JRC-N122'}, 'OPSD': {'OEU-3530'}}",NO5 3
1353,Graklubben 333,Hydro,Reservoir,Store,NO,1.09,,2014.0,2014.0,2114.0,60.199471,5.782251,,0.0,319.0,0.0,{},"{'JRC': {'JRC-N1758'}, 'OPSD': {'OEU-3529'}}",NO5 2
1354,Govddesaga 83,Hydro,Reservoir,Store,NO,26.8,,2016.0,2016.0,2116.0,66.923648,14.393596,,0.0,220.5,0.0,{},"{'JRC': {'JRC-N1781'}, 'OPSD': {'OEU-3483'}}",NO5 4
1355,Gosland 334,Hydro,Reservoir,Store,NO,4.04,,2008.0,2016.0,2116.0,60.608276,6.344046,,0.0,325.9,0.0,{},"{'JRC': {'JRC-N1872'}, 'OPSD': {'OEU-3482', 'OEU-4129'}}",NO5 2
1356,Glesaa 145,Hydro,Reservoir,Store,NO,2.1,,2009.0,2009.0,2109.0,61.406738,11.362926,,0.0,204.0,0.0,{},"{'JRC': {'JRC-N1440'}, 'OPSD': {'OEU-3476'}}",NO5 0
1357,Gjuva 135,Hydro,Reservoir,Store,NO,10.0,,1957.0,1957.0,2057.0,60.929668,8.422985,3145.0000000000005,34.0,410.0,31450.000000000004,{},"{'JRC': {'JRC-N110'}, 'OPSD': {'OEU-3473'}}",NO5 3
1358,Gjonaelva 335,Hydro,Reservoir,Store,NO,3.2,,2018.0,2018.0,2118.0,60.260097,5.865826,,0.0,238.5,0.0,{},"{'JRC': {'JRC-N1846'}, 'OPSD': {'OEU-3474'}}",NO5 2
1359,Gausbu 336,Hydro,Reservoir,Store,NO,7.2,,1996.0,1996.0,2096.0,59.367561,7.892581,3406.6666666666665,116.8,88.0,24528.0,{},"{'JRC': {'JRC-N757'}, 'OPSD': {'OEU-3456'}}",NO5 2
1360,Gjesdal 337,Hydro,Reservoir,Store,NO,3.7,,2011.0,2011.0,2111.0,61.487222,6.120527,,0.0,145.0,0.0,{},"{'JRC': {'JRC-N1584'}, 'OPSD': {'OEU-3471'}}",NO5 2
1361,Gjerdsvika 338,Hydro,Reservoir,Store,NO,4.0,,1954.0,2012.0,2112.0,62.256071,5.583926,2739.375,22.5,196.0,10957.5,{},"{'JRC': {'JRC-N109'}, 'OPSD': {'OEU-3468', 'OEU-3470'}}",NO5 2
1362,Gjerde 339,Hydro,Reservoir,Store,NO,1.7,,2007.0,2007.0,2107.0,60.129321,6.322653,,0.0,412.0,0.0,{},"{'JRC': {'JRC-N1349'}, 'OPSD': {'OEU-3467'}}",NO5 2
1363,Gisnafallet 136,Hydro,Reservoir,Store,NO,2.9,,2009.0,2009.0,2109.0,62.694766,9.941145,,0.0,85.0,0.0,{},"{'JRC': {'JRC-N1423'}, 'OPSD': {'OEU-3465'}}",NO5 3
1364,Gire 146,Hydro,Reservoir,Store,NO,2.38,,2008.0,2008.0,2108.0,60.501992,9.136954,,0.0,203.0,0.0,{},"{'JRC': {'JRC-N1388'}, 'OPSD': {'OEU-3464'}}",NO5 0
1365,Gilja 340,Hydro,Reservoir,Store,NO,1.44,,2001.0,2001.0,2101.0,58.802102,6.274542,,0.0,228.0,0.0,{},"{'JRC': {'JRC-N818'}, 'OPSD': {'OEU-3463'}}",NO5 2
1366,Geithusfoss 147,Hydro,Reservoir,Store,NO,13.5,,1961.0,1961.0,2061.0,59.928859,9.963443,248.14814814814812,134.0,9.19,3350.0,{},"{'JRC': {'JRC-N108'}, 'OPSD': {'OEU-3461'}}",NO5 0
1367,Geitani 341,Hydro,Reservoir,Store,NO,4.62,,2018.0,2018.0,2118.0,60.649557,6.007385,,0.0,264.0,0.0,{},"{'JRC': {'JRC-N1924'}, 'OPSD': {'OEU-3462'}}",NO5 2
1368,Geisdola 342,Hydro,Reservoir,Store,NO,1.27,,2005.0,2005.0,2105.0,61.61084,7.296882,,0.0,79.0,0.0,{},"{'JRC': {'JRC-N849'}, 'OPSD': {'OEU-3460'}}",NO5 2
1369,Gautvella 137,Hydro,Reservoir,Store,NO,1.72,,2007.0,2007.0,2107.0,62.832482,9.894929,,0.0,285.0,0.0,{},"{'JRC': {'JRC-N1372'}, 'OPSD': {'OEU-3459'}}",NO5 3
1370,Gausvik 84,Hydro,Reservoir,Store,NO,3.0,,1910.0,1949.0,2049.0,68.608998,16.493108,,0.0,64.0,0.0,{},"{'JRC': {'JRC-N106'}, 'OPSD': {'OEU-3458', 'OEU-3457'}}",NO5 1
1371,Gjetingsdalen 343,Hydro,Reservoir,Store,NO,2.2,,2007.0,2007.0,2107.0,60.138493,6.240125,,0.0,248.0,0.0,{},"{'JRC': {'JRC-N1342'}, 'OPSD': {'OEU-3472'}}",NO5 2
1372,Julskaret 138,Hydro,Reservoir,Store,NO,7.0,,1968.0,1968.0,2068.0,63.140481,10.968042,2256.428571428572,65.0,106.8,15795.0,{},"{'JRC': {'JRC-N188'}, 'OPSD': {'OEU-3732'}}",NO5 3
1373,Julfoss 139,Hydro,Reservoir,Store,NO,2.4,,2009.0,2009.0,2109.0,63.41285,10.944374,,0.0,58.0,0.0,{},"{'JRC': {'JRC-N1480'}, 'OPSD': {'OEU-3731'}}",NO5 3
1374,Jukla 344,Hydro,Pumped Storage,Store,NO,35.0,,1974.0,1974.0,2074.0,60.191554,6.389272,3507.428571428572,341.0,200.0,122760.0,{},"{'JRC': {'JRC-N187'}, 'OPSD': {'OEU-3730'}}",NO5 2
1375,Jossingfjord 345,Hydro,Reservoir,Store,NO,4.5,,2009.0,2009.0,2109.0,58.326221,6.351906,,6.38,0.0,0.0,{},"{'JRC': {'JRC-N1539'}, 'OPSD': {'OEU-3740'}}",NO5 2
1376,Jossang 346,Hydro,Reservoir,Store,NO,34.0,,2010.0,2010.0,2110.0,59.002831,6.081567,519.9441176470589,24.35,281.0,17678.100000000002,{},"{'JRC': {'JRC-N1501'}, 'OPSD': {'OEU-3739'}}",NO5 2
1377,Jorundland 148,Hydro,Reservoir,Store,NO,55.2,,1970.0,1970.0,2070.0,58.906297,8.22607,2966.93115942029,256.7,278.6,163774.6,{},"{'JRC': {'JRC-N191'}, 'OPSD': {'OEU-3738'}}",NO5 0
1378,Jordal 347,Hydro,Reservoir,Store,NO,6.06,,2004.0,2018.0,2118.0,61.334108,6.687803,,0.0,256.0,0.0,{},"{'JRC': {'JRC-N1913'}, 'OPSD': {'OEU-3727', 'OEU-3725', 'OEU-3728', 'OEU-3724', 'OEU-3726'}}",NO5 2
1379,Jorda 140,Hydro,Reservoir,Store,NO,2.55,,2012.0,2012.0,2112.0,61.692166,9.694465,,0.0,335.0,0.0,{},"{'JRC': {'JRC-N1703'}, 'OPSD': {'OEU-3723'}}",NO5 3
1380,Jora 141,Hydro,Reservoir,Store,NO,1.35,,2008.0,2008.0,2108.0,62.961013,9.794758,,0.0,351.0,0.0,{},"{'JRC': {'JRC-N1373'}, 'OPSD': {'OEU-3722'}}",NO5 3
1381,Jolana 348,Hydro,Reservoir,Store,NO,1.68,,2011.0,2011.0,2111.0,61.861655,6.223682,,0.0,294.0,0.0,{},"{'JRC': {'JRC-N1653'}, 'OPSD': {'OEU-3737'}}",NO5 2
1382,Hekni 349,Hydro,Reservoir,Store,NO,56.0,,1995.0,1995.0,2095.0,58.996124,7.54686,,0.0,38.5,0.0,{},"{'JRC': {'JRC-N751'}, 'OPSD': {'OEU-3594'}}",NO5 2
1383,Jardola 350,Hydro,Reservoir,Store,NO,5.0,,2008.0,2008.0,2108.0,61.75292,6.220738,,0.0,322.0,0.0,{},"{'JRC': {'JRC-N1425'}, 'OPSD': {'OEU-3720'}}",NO5 2
1384,Iveland 351,Hydro,Reservoir,Store,NO,87.0,,1949.0,1949.0,2049.0,58.390377,7.894692,286.1793103448276,222.3,50.5,24897.6,{},"{'JRC': {'JRC-N186'}, 'OPSD': {'OEU-3719'}}",NO5 2
1385,Innvik 352,Hydro,Reservoir,Store,NO,15.5,,2007.0,2007.0,2107.0,61.840738,6.63878,,0.0,512.0,0.0,{},"{'JRC': {'JRC-N1335'}, 'OPSD': {'OEU-3715'}}",NO5 2
1386,Imsland 353,Hydro,Reservoir,Store,NO,5.0,,2010.0,2010.0,2110.0,59.478233,5.990793,,0.0,105.0,0.0,{},"{'JRC': {'JRC-N1488'}, 'OPSD': {'OEU-3708'}}",NO5 2
1387,Ildgrubfossen 84,Hydro,Reservoir,Store,NO,6.5,,1950.0,1950.0,2050.0,66.300896,14.350961,530.9230769230769,7.0,220.0,3451.0,{},"{'JRC': {'JRC-N182'}, 'OPSD': {'OEU-3707'}}",NO5 4
1388,Ilaget 354,Hydro,Reservoir,Store,NO,1.7,,2008.0,2008.0,2108.0,59.939179,6.007823,,0.0,450.0,0.0,{},"{'JRC': {'JRC-N1690'}, 'OPSD': {'OEU-3706'}}",NO5 2
1389,Hynna 142,Hydro,Reservoir,Store,NO,4.53,,2013.0,2013.0,2113.0,63.057755,11.43934,,0.0,135.7,0.0,{},"{'JRC': {'JRC-N1696'}, 'OPSD': {'OEU-3686'}}",NO5 3
1390,Hylla 149,Hydro,Reservoir,Store,NO,2.9,,1986.0,1986.0,2086.0,61.665298,12.018904,264.6724137931035,1.05,320.0,767.5500000000001,{},"{'JRC': {'JRC-N168'}, 'OPSD': {'OEU-3685'}}",NO5 0
1391,Hyelva 355,Hydro,Reservoir,Store,NO,1.33,,2003.0,2003.0,2103.0,61.569374,5.778102,,0.0,0.0,0.0,{},"{'JRC': {'JRC-N1319'}, 'OPSD': {'OEU-3683'}}",NO5 2
1392,Joka 356,Hydro,Reservoir,Store,NO,1.5,,2005.0,2005.0,2105.0,61.058568,6.921619,,0.0,66.0,0.0,{},"{'JRC': {'JRC-N835'}, 'OPSD': {'OEU-3721'}}",NO5 2
1393,Kjorstad 357,Hydro,Reservoir,Store,NO,2.5,,2016.0,2016.0,2116.0,61.947485,5.891382,,0.0,208.6,0.0,{},"{'JRC': {'JRC-N1873'}, 'OPSD': {'OEU-3784'}}",NO5 2
1394,Kjetland 358,Hydro,Reservoir,Store,NO,1.5,,2004.0,2004.0,2104.0,60.830719,5.530036,,0.0,127.0,0.0,{},"{'JRC': {'JRC-N816'}, 'OPSD': {'OEU-3779'}}",NO5 2
1395,Kjensvatn 85,Hydro,Reservoir,Store,NO,14.0,,2014.0,2014.0,2114.0,66.057335,14.243865,3969.857142857142,314.0,70.0,55577.99999999999,{},"{'JRC': {'JRC-N1742'}, 'OPSD': {'OEU-3778'}}",NO5 4
1396,Kjela 359,Hydro,Reservoir,Store,NO,62.0,,1979.0,1979.0,2079.0,59.736731,7.434555,3494.5951612903223,517.1,174.0,216664.9,{},"{'JRC': {'JRC-N203'}, 'OPSD': {'OEU-3775'}}",NO5 2
1397,Kittilsviken 150,Hydro,Reservoir,Store,NO,1.9,,2007.0,2007.0,2107.0,60.390558,9.612167,,0.0,160.0,0.0,{},"{'JRC': {'JRC-N1374'}, 'OPSD': {'OEU-3774'}}",NO5 0
1398,Kistefoss 151,Hydro,Reservoir,Store,NO,5.6,,1942.0,1955.0,2055.0,60.221789,10.3692435,,0.0,19.5,0.0,{},"{'JRC': {'JRC-N202', 'JRC-N201'}, 'OPSD': {'OEU-3773', 'OEU-3772'}}",NO5 0
1399,Kistafossen 86,Hydro,Reservoir,Store,NO,1.6,,2008.0,2008.0,2108.0,66.624658,13.410058,,0.0,0.0,0.0,{},"{'JRC': {'JRC-N1409'}, 'OPSD': {'OEU-3770'}}",NO5 4
1400,Kinnforsen 87,Hydro,Reservoir,Store,NO,2.95,,2014.0,2014.0,2114.0,66.127928,13.61361,,0.0,158.0,0.0,{},"{'JRC': {'JRC-N1723'}, 'OPSD': {'OEU-3768'}}",NO5 4
1401,Juvfossen 143,Hydro,Reservoir,Store,NO,7.0,,2002.0,2002.0,2102.0,62.246257,6.890173,,0.0,172.0,0.0,{},"{'JRC': {'JRC-N782'}, 'OPSD': {'OEU-3734'}}",NO5 3
1402,Kaven 85,Hydro,Reservoir,Store,NO,4.5,,1952.0,1952.0,2052.0,70.117984,22.796744,1835.555555555556,35.0,115.0,8260.0,{},"{'JRC': {'JRC-N229'}, 'OPSD': {'OEU-3862'}}",NO5 1
1403,Kaupanger 360,Hydro,Reservoir,Store,NO,5.1,,1996.0,2010.0,2110.0,61.198121,7.224067,,0.0,392.0,0.0,{},"{'JRC': {'JRC-N1493'}, 'OPSD': {'OEU-3763', 'OEU-3762'}}",NO5 2
1404,Kanndalen 144,Hydro,Reservoir,Store,NO,5.49,,2012.0,2012.0,2112.0,62.675889,8.157595,,0.0,261.0,0.0,{},"{'JRC': {'JRC-N1583'}, 'OPSD': {'OEU-3759'}}",NO5 3
1405,Kangsliaga 88,Hydro,Reservoir,Store,NO,3.1,,2010.0,2010.0,2110.0,66.148018,13.850365,,0.0,253.87,0.0,{},"{'JRC': {'JRC-N1519'}, 'OPSD': {'OEU-3758'}}",NO5 4
1406,Kandal 361,Hydro,Reservoir,Store,NO,4.8,,2009.0,2009.0,2109.0,61.671548,6.379287,,0.0,206.0,0.0,{},"{'JRC': {'JRC-N1521'}, 'OPSD': {'OEU-3757'}}",NO5 2
1407,Kammerfoss 152,Hydro,Reservoir,Store,NO,1.9,,1958.0,1958.0,2058.0,58.884596,9.347581,,0.0,6.4,0.0,{},"{'JRC': {'JRC-N197'}, 'OPSD': {'OEU-3755'}}",NO5 0
1408,Kalvedalen 145,Hydro,Reservoir,Store,NO,19.0,,1967.0,1967.0,2067.0,61.258271,8.757071,3504.4210526315787,118.9,243.3,66584.0,{},"{'JRC': {'JRC-N196'}, 'OPSD': {'OEU-3752'}}",NO5 3
1409,Kaldsani 362,Hydro,Reservoir,Store,NO,2.8,,2003.0,2015.0,2115.0,59.540832,7.33328,,0.0,204.0,0.0,{},"{'JRC': {'JRC-N1765'}, 'OPSD': {'OEU-3750', 'OEU-3746'}}",NO5 2
1410,Kaldestad 363,Hydro,Reservoir,Store,NO,24.0,,1936.0,1964.0,2064.0,60.554265,6.029858,1289.86,175.89,80.0,30956.64,{},"{'JRC': {'JRC-N194'}, 'OPSD': {'OEU-3743', 'OEU-3744'}}",NO5 2
1411,Kaldana 364,Hydro,Reservoir,Store,NO,2.99,,2014.0,2014.0,2114.0,59.520335,6.191969,,0.0,327.34,0.0,{},"{'JRC': {'JRC-N1813'}, 'OPSD': {'OEU-3749'}}",NO5 2
1412,Kaldaga 89,Hydro,Reservoir,Store,NO,15.0,,1958.0,2019.0,2119.0,66.053038,13.336591,1161.9599999999998,13.8,565.0,17429.399999999998,{},"{'JRC': {'JRC-N195'}, 'OPSD': {'OEU-3748', 'OEU-3747'}}",NO5 4
1413,Kildalen 86,Hydro,Reservoir,Store,NO,8.2,,1960.0,1960.0,2060.0,69.665984,21.10666,500.7560975609757,9.8,193.69,4106.200000000001,{},"{'JRC': {'JRC-N198'}, 'OPSD': {'OEU-3764'}}",NO5 1
1414,Hofsfoss 153,Hydro,Reservoir,Store,NO,27.0,,1978.0,1978.0,2078.0,60.185024,10.241127,,0.0,26.79,0.0,{},"{'JRC': {'JRC-N151'}, 'OPSD': {'OEU-3634'}}",NO5 0
1415,Hodnaberg 365,Hydro,Reservoir,Store,NO,32.5,,1953.0,1953.0,2053.0,60.55784,6.211286,3779.630769230769,177.0,300.0,122838.0,{},"{'JRC': {'JRC-N150'}, 'OPSD': {'OEU-3631'}}",NO5 2
1416,Hjorteland Fjellbergsano 366,Hydro,Reservoir,Store,NO,1.75,,2009.0,2009.0,2109.0,59.374836,6.44944,,0.0,210.0,0.0,{},"{'JRC': {'JRC-N1537'}, 'OPSD': {'OEU-3629'}}",NO5 2
1417,Hjertvatn 87,Hydro,Reservoir,Store,NO,2.5,,1957.0,1957.0,2057.0,68.237491,16.747107,2971.6,23.0,194.9,7429.0,{},"{'JRC': {'JRC-N148'}, 'OPSD': {'OEU-3627'}}",NO5 1
1418,Hjelmeland 367,Hydro,Reservoir,Store,NO,6.0,,1993.0,1993.0,2093.0,59.223845,6.219298,116.33333333333331,2.0,145.0,698.0,{},"{'JRC': {'JRC-N735'}, 'OPSD': {'OEU-3626'}}",NO5 2
1419,Hjelledola 146,Hydro,Reservoir,Store,NO,1.1,,2006.0,2006.0,2106.0,61.920762,7.183094,,0.0,67.0,0.0,{},"{'JRC': {'JRC-N1255'}, 'OPSD': {'OEU-3625'}}",NO5 3
1420,Hisvatn 368,Hydro,Reservoir,Store,NO,3.6,,2007.0,2007.0,2107.0,58.609254,6.895574,90.0,0.6,221.0,324.0,{},"{'JRC': {'JRC-N1343'}, 'OPSD': {'OEU-3622'}}",NO5 2
1421,Hetland 369,Hydro,Reservoir,Store,NO,1.48,,1915.0,2008.0,2108.0,58.524009,5.836069,712.7702702702703,7.7,55.3,1054.9,{},"{'JRC': {'JRC-N146'}, 'OPSD': {'OEU-3619', 'OEU-3620'}}",NO5 2
1422,Hestenes 370,Hydro,Reservoir,Store,NO,1.88,,2016.0,2016.0,2116.0,61.839773,6.007808,,0.0,292.0,0.0,{},"{'JRC': {'JRC-N1881'}, 'OPSD': {'OEU-3618'}}",NO5 2
1423,Hestdal 147,Hydro,Reservoir,Store,NO,1.1,,1997.0,2005.0,2105.0,63.600235,10.457559,,0.0,120.0,0.0,{},"{'JRC': {'JRC-N841'}, 'OPSD': {'OEU-3617', 'OEU-4086'}}",NO5 3
1424,Hunsfoss 371,Hydro,Reservoir,Store,NO,25.1,,1964.0,1964.0,2064.0,58.265174,7.966342,,0.0,13.67,0.0,{},"{'JRC': {'JRC-N166'}, 'OPSD': {'OEU-3677'}}",NO5 2
1425,Herva 148,Hydro,Pumped Storage,Store,NO,33.0,,1962.0,1962.0,2062.0,61.565819,7.86585,4278.900000000001,251.7,257.0,141203.7,{},"{'JRC': {'JRC-N145'}, 'OPSD': {'OEU-3615'}}",NO5 3
1426,Herje 149,Hydro,Reservoir,Store,NO,4.4,,2015.0,2015.0,2115.0,62.668789,7.532345,185.89772727272725,0.95,363.4,817.9499999999999,{},"{'JRC': {'JRC-N1826'}, 'OPSD': {'OEU-3612'}}",NO5 3
1427,Hensfoss 154,Hydro,Reservoir,Store,NO,16.7,,1946.0,1946.0,2046.0,60.208303,10.239006,339.7125748502994,109.1,24.0,5673.2,{},"{'JRC': {'JRC-N143'}, 'OPSD': {'OEU-3610'}}",NO5 0
1428,Hemsa 372,Hydro,Reservoir,Store,NO,1.7,,2008.0,2008.0,2108.0,58.721392,6.729143,,0.0,189.8,0.0,{},"{'JRC': {'JRC-N2010'}, 'OPSD': {'OEU-3590'}}",NO5 2
1429,Helleren 88,Hydro,Reservoir,Store,NO,2.4,,1958.0,1958.0,2058.0,68.656459,17.210097,,0.0,20.0,0.0,{},"{'JRC': {'JRC-N140'}, 'OPSD': {'OEU-3605'}}",NO5 1
1430,Hellefoss 155,Hydro,Reservoir,Store,NO,11.0,,1953.0,1953.0,2053.0,59.787085,9.900813,,0.0,5.3,0.0,{},"{'JRC': {'JRC-N159'}, 'OPSD': {'OEU-3604'}}",NO5 0
1431,Helle 373,Hydro,Reservoir,Store,NO,1.3,,1945.0,2008.0,2108.0,58.296326,7.349839,,0.0,107.0,0.0,{},"{'JRC': {'JRC-N1369'}, 'OPSD': {'OEU-3603', 'OEU-3624', 'OEU-3602'}}",NO5 2
1432,Hellandsfoss 374,Hydro,Reservoir,Store,NO,34.0,,1919.0,1992.0,2092.0,60.831564,5.88246,,0.0,103.19,0.0,{},"{'JRC': {'JRC-N584', 'JRC-N770'}, 'OPSD': {'OEU-3600', 'OEU-3614'}}",NO5 2
1433,Helgheim 375,Hydro,Reservoir,Store,NO,2.7,,2018.0,2018.0,2118.0,61.561844,6.403492,,0.0,241.7,0.0,{},"{'JRC': {'JRC-N1921'}, 'OPSD': {'OEU-3597'}}",NO5 2
1434,Helganes 376,Hydro,Reservoir,Store,NO,3.47,,2003.0,2003.0,2103.0,59.499145,6.57497,,0.0,208.0,0.0,{},"{'JRC': {'JRC-N813'}, 'OPSD': {'OEU-3596'}}",NO5 2
1435,Helgaa 377,Hydro,Reservoir,Store,NO,2.08,,2019.0,2019.0,2119.0,62.061383,5.752021,,0.0,376.51,0.0,{},"{'JRC': {'JRC-N1962'}, 'OPSD': {'OEU-3599'}}",NO5 2
1436,Hesjeberg 89,Hydro,Reservoir,Store,NO,6.14,,2016.0,2016.0,2116.0,68.730314,17.470616,,0.0,254.6,0.0,{},"{'JRC': {'JRC-N1807'}, 'OPSD': {'OEU-3616'}}",NO5 1
1437,Hugla 378,Hydro,Reservoir,Store,NO,1.35,,2004.0,2004.0,2104.0,61.03995,6.61939,,0.0,142.5,0.0,{},"{'JRC': {'JRC-N834'}, 'OPSD': {'OEU-3670'}}",NO5 2
1438,Hoylandsfoss 379,Hydro,Reservoir,Store,NO,7.5,,1948.0,2004.0,2104.0,58.281282,6.815432,239.43999999999997,14.6,54.5,1795.7999999999995,{},"{'JRC': {'JRC-N177'}, 'OPSD': {'OEU-4225', 'OEU-3696'}}",NO5 2
1439,Hoydal 380,Hydro,Reservoir,Store,NO,1.1,,1998.0,1998.0,2098.0,62.060805,6.212234,,0.0,0.0,0.0,{},"{'JRC': {'JRC-N930'}, 'OPSD': {'OEU-3695'}}",NO5 2
1440,Hovland 381,Hydro,Reservoir,Store,NO,3.0,,2012.0,2012.0,2112.0,61.593455,5.443195,,0.0,429.0,0.0,{},"{'JRC': {'JRC-N1666'}, 'OPSD': {'OEU-3668'}}",NO5 2
1441,Hove 382,Hydro,Reservoir,Store,NO,60.0,,1969.0,1969.0,2069.0,61.066514,6.589224,,0.0,318.2,0.0,{},"{'JRC': {'JRC-N163'}, 'OPSD': {'OEU-3667'}}",NO5 2
1442,Hovatn 383,Hydro,Reservoir,Store,NO,45.0,,1971.0,1971.0,2071.0,58.983853,7.67232,1666.1333333333334,66.0,487.7,74976.0,{},"{'JRC': {'JRC-N162'}, 'OPSD': {'OEU-3666'}}",NO5 2
1443,Horpedal 384,Hydro,Reservoir,Store,NO,2.5,,2004.0,2004.0,2104.0,61.423472,6.769832,,0.0,174.0,0.0,{},"{'JRC': {'JRC-N796'}, 'OPSD': {'OEU-3665'}}",NO5 2
1444,Horga 156,Hydro,Reservoir,Store,NO,7.2,,1990.0,1990.0,2090.0,60.053334,9.54561,1277.763888888889,19.7,204.0,9199.9,{},"{'JRC': {'JRC-N545'}, 'OPSD': {'OEU-3662'}}",NO5 0
1445,Hopselva 385,Hydro,Reservoir,Store,NO,4.62,,2010.0,2010.0,2110.0,60.31221,5.669692,16.83982683982684,0.2,161.0,77.80000000000001,{},"{'JRC': {'JRC-N1543'}, 'OPSD': {'OEU-3660'}}",NO5 2
1446,Hopland 386,Hydro,Reservoir,Store,NO,5.89,,2004.0,2016.0,2116.0,61.863325,6.321515,,0.0,340.0,0.0,{},"{'JRC': {'JRC-N1886'}, 'OPSD': {'OEU-3658', 'OEU-3659'}}",NO5 2
1447,Hommsane 387,Hydro,Reservoir,Store,NO,1.8,,2016.0,2016.0,2116.0,59.24168,7.539549,,0.0,271.0,0.0,{},"{'JRC': {'JRC-N1808'}, 'OPSD': {'OEU-3655'}}",NO5 2
1448,Hommelfoss 388,Hydro,Reservoir,Store,NO,2.8,,1944.0,1944.0,2044.0,60.900223,5.617947,186.42857142857144,1.2,186.5,522.0,{},"{'JRC': {'JRC-N160'}, 'OPSD': {'OEU-3654'}}",NO5 2
1449,Holsfossen 157,Hydro,Reservoir,Store,NO,2.2,,1930.0,1939.0,2039.0,61.219789,10.197746,,0.0,24.23,0.0,{},"{'JRC': {'JRC-N1168'}, 'OPSD': {'OEU-3661', 'OEU-3652'}}",NO5 0
1450,Holseter 158,Hydro,Reservoir,Store,NO,2.0,,1980.0,1980.0,2080.0,59.8461,9.294561,765.0,10.0,70.0,1530.0,{},"{'JRC': {'JRC-N170'}, 'OPSD': {'OEU-3691'}}",NO5 0
1451,Holsbru 150,Hydro,Reservoir,Store,NO,48.9,,2012.0,2012.0,2112.0,61.310276,7.832645,,0.0,687.8,0.0,{},"{'JRC': {'JRC-N1563'}, 'OPSD': {'OEU-3650'}}",NO5 3
1452,Holmen 389,Hydro,Reservoir,Store,NO,25.0,,1928.0,1928.0,2028.0,60.849199,6.722972,,0.0,278.5,0.0,{},"{'JRC': {'JRC-N1797'}, 'OPSD': {'OEU-3466'}}",NO5 2
1453,Holdal 390,Hydro,Reservoir,Store,NO,1.24,,2012.0,2012.0,2112.0,59.73012,7.514655,,0.0,216.6,0.0,{},"{'JRC': {'JRC-N1673'}, 'OPSD': {'OEU-3641'}}",NO5 2
1454,Hol 159,Hydro,Reservoir,Store,NO,60.0,,1956.0,2006.0,2106.0,60.58293,8.404554,,0.0,98.0,0.0,{},"{'JRC': {'JRC-N157'}, 'OPSD': {'OEU-3637', 'OEU-3678'}}",NO5 0
1455,Hogga 160,Hydro,Reservoir,Store,NO,17.0,,1987.0,1987.0,2087.0,59.310502,9.045155,205.8823529411765,125.0,12.0,3500.0,{},"{'JRC': {'JRC-N152'}, 'OPSD': {'OEU-3635'}}",NO5 0
1456,Hogfallet 161,Hydro,Reservoir,Store,NO,1.1,,1989.0,1989.0,2089.0,60.883318,10.645331,,0.0,38.5,0.0,{},"{'JRC': {'JRC-N621'}, 'OPSD': {'OEU-3688'}}",NO5 0
1457,Honefoss 162,Hydro,Reservoir,Store,NO,29.4,,1920.0,1956.0,2056.0,60.169989,10.25448,,0.0,21.5,0.0,{},"{'JRC': {'JRC-N171'}, 'OPSD': {'OEU-3657', 'OEU-3692'}}",NO5 0
1458,Melkoya,Natural Gas,CCGT,PP,NO,230.0,,2007.0,2007.0,2047.0,70.6893659,23.600448,,0.0,0.0,0.0,{'50WP00000000456T'},"{'ENTSOE': {'50WP00000000456T'}, 'OPSD': {'OEU-4796'}}",NO5 1
1459,Mongstad,Natural Gas,CCGT,CHP,NO,294.0,,2010.0,2010.0,2050.0,60.808615,5.037212,,0.0,0.0,0.0,{},"{'GEM': {'L100000406853'}, 'OPSD': {'OEU-4797'}}",NO5 2
1460,Grana 151,Hydro,Reservoir,PP,NO,75.0,,1982.0,1982.0,2082.0,62.9228,9.7099,,0.0,0.0,0.0,{},{'GEM': {'G602942'}},NO5 3
1461,Hammerfest Snohvit Terminal 2,Natural Gas,CCGT,PP,NO,229.0,,2008.3333333333333,2008.3333333333333,2048.333333333333,70.6854,23.59,,0.0,0.0,0.0,{},{'GEM': {'L100000407847'}},NO5 1
1462,Tafjord 152,Hydro,Reservoir,PP,NO,83.0,,1982.0,1982.0,2082.0,62.1986,7.5023,,0.0,0.0,0.0,{},{'GEM': {'G603020'}},NO5 3
