{
"type": "FeatureCollection",
"name": "country_shapes",
"crs": { "type": "name", "properties": { "name": "urn:ogc:def:crs:OGC:1.3:CRS84" } },
"features": [
{ "type": "Feature", "properties": { "name": "GB" }, "geometry": { "type": "MultiPolygon", "coordinates": [ [ [ [ -4.11205496499997, 50.360376946000031 ], [ -4.099665425999945, 50.378439286000059 ], [ -4.085776499999952, 50.38618449900008 ], [ -4.098172599999941, 50.383915708000075 ], [ -4.104318499999977, 50.379882999000074 ], [ -4.115494656999942, 50.36251915400004 ], [ -4.121330863999958, 50.361826486000041 ], [ -4.133215499999949, 50.366321499000037 ], [ -4.134058131638557, 50.364942330017236 ], [ -4.142736788139747, 50.36364949567681 ], [ -4.144810991999975, 50.363688792000062 ], [ -4.149458050999954, 50.36272585200004 ], [ -4.154431120999959, 50.365361516000064 ], [ -4.157110066999962, 50.361567598000079 ], [ -4.157657607454685, 50.361426784408657 ], [ -4.161501646083764, 50.36085414909985 ], [ -4.165595776412818, 50.362356266399495 ], [ -4.166215, 50.36714149900007 ], [ -4.170426329999941, 50.36496655600007 ], [ -4.172955819570959, 50.365056631865514 ], [ -4.173316478672234, 50.365188956005625 ], [ -4.181822903038824, 50.366172779106414 ], [ -4.18458693499997, 50.367403839000076 ], [ -4.184843572126352, 50.372365535022801 ], [ -4.184052944087796, 50.376520872440494 ], [ -4.185156804547135, 50.378421416641721 ], [ -4.185183111999947, 50.378930032000028 ], [ -4.191128545999959, 50.390190517000065 ], [ -4.186174534999964, 50.392376438000042 ], [ -4.18715549999996, 50.393501499000081 ], [ -4.194995130999928, 50.39271780200005 ], [ -4.198637358222852, 50.39443509363128 ], [ -4.203796695529675, 50.398670988077733 ], [ -4.20210253155196, 50.403634581605786 ], [ -4.197072505791255, 50.412029504458189 ], [ -4.193663701615163, 50.42160127938665 ], [ -4.192840292999961, 50.42321607100007 ], [ -4.18704, 50.424400499000058 ], [ -4.187896404408192, 50.427121373053936 ], [ -4.176718359969583, 50.433917656531335 ], [ -4.174599751999949, 50.434894757000052 ], [ -4.156217119999951, 50.454454982000073 ], [ -4.156099520776092, 50.454835857274105 ], [ -4.155230879401245, 50.455771803925757 ], [ -4.155817888196299, 50.455747996678475 ], [ -4.154884570999968, 50.45877078400008 ], [ -4.156914, 50.460582999000053 ], [ -4.158418221999966, 50.456868083000074 ], [ -4.164268915999969, 50.455564084000059 ], [ -4.169352125999978, 50.451732427000081 ], [ -4.17000369883652, 50.450809373873057 ], [ -4.171451925965243, 50.449643015912613 ], [ -4.17312927787051, 50.446381510494952 ], [ -4.177615122999953, 50.440026621000072 ], [ -4.179869666999934, 50.438392486000055 ], [ -4.184594560999926, 50.434967612000037 ], [ -4.186857004250848, 50.435000127929364 ], [ -4.193402435411487, 50.440121560314061 ], [ -4.198057917999961, 50.445171787000049 ], [ -4.199943447704468, 50.450828900990651 ], [ -4.199973940844359, 50.453169227078376 ], [ -4.200763353509505, 50.453288846643893 ], [ -4.20139159699994, 50.455173752000064 ], [ -4.21546054099997, 50.467763287000082 ], [ -4.219619766999926, 50.46853438800008 ], [ -4.224497645999975, 50.466742499000077 ], [ -4.229897389999962, 50.457634548000044 ], [ -4.235939322999968, 50.45966719300003 ], [ -4.235914590999926, 50.46531913900003 ], [ -4.218628499999966, 50.475204499000029 ], [ -4.233840481999948, 50.469314775000043 ], [ -4.239548, 50.464957999000035 ], [ -4.23803533499995, 50.458347272000026 ], [ -4.231615846999944, 50.455658420000077 ], [ -4.226262326999972, 50.457029042000045 ], [ -4.221838081999977, 50.462992844000041 ], [ -4.216874678999943, 50.46331998800008 ], [ -4.212212204999958, 50.457273418000057 ], [ -4.209917674496276, 50.448823856396309 ], [ -4.20945882786242, 50.446281432841886 ], [ -4.209152377963267, 50.446005667581467 ], [ -4.209129987999972, 50.445923217000029 ], [ -4.200189665999972, 50.436963035000076 ], [ -4.202701950237268, 50.432950178780168 ], [ -4.205534461832625, 50.430272386533126 ], [ -4.214677565999978, 50.429262264000045 ], [ -4.218707, 50.425925999000071 ], [ -4.210773459999928, 50.425123531000054 ], [ -4.211225192999962, 50.414983971000026 ], [ -4.210736964285939, 50.414346467056546 ], [ -4.210768103165037, 50.413805842665568 ], [ -4.206573134962672, 50.408143064920424 ], [ -4.210524, 50.404822999000032 ], [ -4.210026499999969, 50.402782499000068 ], [ -4.211902722803154, 50.399466526014841 ], [ -4.213262227387711, 50.399088869067562 ], [ -4.215292499999975, 50.398830499000042 ], [ -4.216598671796367, 50.398162037761175 ], [ -4.21907448188893, 50.397474282168275 ], [ -4.221465499999965, 50.397502999000039 ], [ -4.224600499999951, 50.396497499000077 ], [ -4.225687002996522, 50.395637389109076 ], [ -4.229166772649667, 50.394670743465234 ], [ -4.231407906999948, 50.396588547000079 ], [ -4.239369543502047, 50.391836514483821 ], [ -4.241477847524379, 50.391250848447783 ], [ -4.242891430940746, 50.389761016798438 ], [ -4.248317588999953, 50.390068866000036 ], [ -4.246572081999943, 50.386384712000051 ], [ -4.25116318359473, 50.384890508624807 ], [ -4.266854047376, 50.386668801724056 ], [ -4.267077684158771, 50.386184503511764 ], [ -4.270065775999967, 50.386673322000036 ], [ -4.271045134999952, 50.379170231000046 ], [ -4.275125572999968, 50.377350242000034 ], [ -4.288866192999933, 50.387960294000038 ], [ -4.289908476999926, 50.391565980000053 ], [ -4.287081, 50.394784499000082 ], [ -4.291155230999948, 50.393709490000049 ], [ -4.294212288999972, 50.389601685000059 ], [ -4.30249049899993, 50.392242875000079 ], [ -4.302242499999977, 50.38815149900006 ], [ -4.287874861999967, 50.383079432000045 ], [ -4.274638336999942, 50.374227886000028 ], [ -4.259304004999933, 50.376493537000044 ], [ -4.249608042999967, 50.375567997000076 ], [ -4.238692188999948, 50.381212136000045 ], [ -4.238535410187808, 50.381381930930687 ], [ -4.238283157041735, 50.381500244140909 ], [ -4.238100497901222, 50.381852950582704 ], [ -4.231808006012231, 50.388667858855641 ], [ -4.211712493400092, 50.392333537605325 ], [ -4.20938922460487, 50.391167157681352 ], [ -4.208279142959709, 50.38581509417341 ], [ -4.208845, 50.385641999000029 ], [ -4.199545563302002, 50.382940956597992 ], [ -4.199413096330948, 50.382795801112934 ], [ -4.201898399999948, 50.379469549000078 ], [ -4.193872876999933, 50.375577970000052 ], [ -4.195720457999926, 50.372098 ], [ -4.200143554352703, 50.370638824050928 ], [ -4.202110251755738, 50.370461555099709 ], [ -4.206644452999967, 50.371792920000075 ], [ -4.236032, 50.365026499000066 ], [ -4.22992849107281, 50.36411397676904 ], [ -4.231196642310977, 50.363785862527607 ], [ -4.219227498963637, 50.362266176935719 ], [ -4.216616937999959, 50.359321713000043 ], [ -4.207648944947574, 50.360796083278856 ], [ -4.201247456600087, 50.359983305845581 ], [ -4.197847668999941, 50.359187467000027 ], [ -4.197386651690489, 50.356584424526055 ], [ -4.197185216096765, 50.354408573335455 ], [ -4.202237018999938, 50.351215922000051 ], [ -4.202536174999977, 50.348187104000033 ], [ -4.192946470999971, 50.35078141200006 ], [ -4.191808726999966, 50.354216600000029 ], [ -4.190734987166237, 50.354740931623354 ], [ -4.177277067883762, 50.35966033395723 ], [ -4.173320718552893, 50.359070710065609 ], [ -4.172039006118241, 50.357662849251838 ], [ -4.167284819267279, 50.351104180163176 ], [ -4.170820242306867, 50.344342728705236 ], [ -4.179869666999934, 50.342238455000029 ], [ -4.189047057999971, 50.340349213000081 ], [ -4.200225213999943, 50.332211466000047 ], [ -4.199863923483739, 50.331129104496199 ], [ -4.200595974924113, 50.330542206357848 ], [ -4.199419120541433, 50.329796554761415 ], [ -4.199072228999967, 50.32875733000003 ], [ -4.189720300999966, 50.323128213000075 ], [ -4.189762488999975, 50.317808490000061 ], [ -4.201867473301173, 50.317710477549753 ], [ -4.207625508609965, 50.317852855025478 ], [ -4.208058137353808, 50.317660352565056 ], [ -4.21102194599996, 50.317636355000047 ], [ -4.224343732999955, 50.311766635000026 ], [ -4.226164618999974, 50.318822545000046 ], [ -4.22023399099993, 50.322820332000049 ], [ -4.220362082753512, 50.323832621187883 ], [ -4.219665526942094, 50.32427835456275 ], [ -4.220521005763852, 50.325088564998204 ], [ -4.220630745999927, 50.325955825000051 ], [ -4.228994929999942, 50.33332185900008 ], [ -4.243463653999925, 50.341321151000045 ], [ -4.28220431799997, 50.356561437000039 ], [ -4.307608896999966, 50.361128286000053 ], [ -4.32443, 50.361733499000081 ], [ -4.331599822999976, 50.362064459000067 ], [ -4.338822071999971, 50.359941862000028 ], [ -4.353919968999946, 50.361558995000053 ], [ -4.365436805999934, 50.360225138000033 ], [ -4.386255036999955, 50.364413855000066 ], [ -4.401775, 50.363608999000064 ], [ -4.40249235078567, 50.363544647341342 ], [ -4.410320401365027, 50.363513946212151 ], [ -4.429071827690148, 50.361160272136075 ], [ -4.437139091999939, 50.360436579000066 ], [ -4.440336748231631, 50.358240887353716 ], [ -4.452897549082252, 50.351255774834499 ], [ -4.452427859223806, 50.348331384272853 ], [ -4.453949852999926, 50.345027519000041 ], [ -4.470849354999928, 50.338795105000031 ], [ -4.471458276028597, 50.338150956046171 ], [ -4.472563147470964, 50.337851643239048 ], [ -4.47570770732617, 50.333699651487805 ], [ -4.494901013999936, 50.335757034000039 ], [ -4.495831119340495, 50.335291398775183 ], [ -4.498707652535757, 50.335757613223507 ], [ -4.500207316165135, 50.333100559411498 ], [ -4.504847817999973, 50.330777402000081 ], [ -4.509184063486224, 50.329912571192494 ], [ -4.513005018666263, 50.329745769451904 ], [ -4.522877447308536, 50.327181531119415 ], [ -4.536251169999957, 50.324514245000046 ], [ -4.552274568999962, 50.324837549000051 ], [ -4.560999322907747, 50.326729126795172 ], [ -4.578495144734745, 50.331589340975654 ], [ -4.588165759741571, 50.331003903907401 ], [ -4.600363684438733, 50.325545701111302 ], [ -4.60762062799995, 50.327323124000031 ], [ -4.619613586999947, 50.324520135000057 ], [ -4.633824884999967, 50.32527514800006 ], [ -4.637550037999972, 50.32671244200003 ], [ -4.637340156999926, 50.328803719000064 ], [ -4.624506838999935, 50.334163187000058 ], [ -4.628768045999948, 50.336718075000078 ], [ -4.629635191999967, 50.344925441000044 ], [ -4.634641227999964, 50.349160379000068 ], [ -4.635052822999967, 50.355447617000038 ], [ -4.621884499999965, 50.359377499000061 ], [ -4.634136712999975, 50.360525245000076 ], [ -4.634712438999941, 50.375110862000042 ], [ -4.64021886699993, 50.375002218000077 ], [ -4.6611, 50.388059499000065 ], [ -4.654466713999966, 50.379654247000076 ], [ -4.63900634099997, 50.370022104000043 ], [ -4.637420924999958, 50.34763163000008 ], [ -4.63202765099993, 50.344001062000075 ], [ -4.633728235999968, 50.336267891000034 ], [ -4.645465219999949, 50.327299484000037 ], [ -4.651227754999979, 50.326465582000026 ], [ -4.655671179999956, 50.323359792000076 ], [ -4.666988437999976, 50.32285883600008 ], [ -4.668030741820095, 50.32027797794678 ], [ -4.668788313829225, 50.32014834846774 ], [ -4.67420829308228, 50.314826502918905 ], [ -4.674419822999937, 50.314783877000082 ], [ -4.683730046999926, 50.319890407000059 ], [ -4.683124454200339, 50.329191700076244 ], [ -4.682410359250355, 50.337642907894121 ], [ -4.682610043800209, 50.337774650675406 ], [ -4.691587, 50.346806499000081 ], [ -4.696594413838562, 50.347000901803547 ], [ -4.696696043187615, 50.347067952224393 ], [ -4.696777413941689, 50.34700800641567 ], [ -4.700131909999925, 50.34713823800007 ], [ -4.705749176999973, 50.340993880000042 ], [ -4.716272643016144, 50.339070998651643 ], [ -4.729435920730964, 50.337362408448428 ], [ -4.748369704167685, 50.332416660521766 ], [ -4.753581261999955, 50.331289163000065 ], [ -4.761415825999961, 50.326818715000059 ], [ -4.763263735275281, 50.324596024276033 ], [ -4.76583325829796, 50.323003172558515 ], [ -4.765656078404208, 50.321718481015452 ], [ -4.76573700199998, 50.321621145000051 ], [ -4.765395647135449, 50.319830152484251 ], [ -4.764411449028785, 50.312693953463224 ], [ -4.754596352539238, 50.306475162199376 ], [ -4.757198305985439, 50.299324299464097 ], [ -4.763577723999958, 50.299718443000074 ], [ -4.764770705160077, 50.298875857476631 ], [ -4.765522360868033, 50.298843741045914 ], [ -4.776894204862438, 50.291611752769136 ], [ -4.78026456799995, 50.289672159000077 ], [ -4.780559851279398, 50.289280564271706 ], [ -4.782072425301919, 50.288318634297639 ], [ -4.782136092185733, 50.287190206731935 ], [ -4.783739589999925, 50.285063702000059 ], [ -4.782353345924752, 50.283339616076731 ], [ -4.782855617932404, 50.274437380802127 ], [ -4.78315672399998, 50.274100951000037 ], [ -4.78468053499995, 50.261990450000042 ], [ -4.771890713999937, 50.257892629000025 ], [ -4.769179025999961, 50.253694293000081 ], [ -4.779519111932544, 50.247695815327447 ], [ -4.784747362500354, 50.245731472629529 ], [ -4.784684257576291, 50.24469941751974 ], [ -4.78529021199995, 50.244347892000064 ], [ -4.78655060799997, 50.24161984400007 ], [ -4.784239092120409, 50.237418919361083 ], [ -4.784106322858538, 50.235247532624292 ], [ -4.791731421999941, 50.232199220000041 ], [ -4.79252688795739, 50.231881194903806 ], [ -4.798009634136804, 50.230157136642617 ], [ -4.797866863502988, 50.22515729156202 ], [ -4.798321629999975, 50.219877859000064 ], [ -4.798557186897222, 50.219850988486385 ], [ -4.808481675239717, 50.222890327128411 ], [ -4.813009638651431, 50.226981200950583 ], [ -4.813215374889353, 50.228879332215513 ], [ -4.815247650408578, 50.229003174822402 ], [ -4.81624846099993, 50.229907376000028 ], [ -4.836220904655654, 50.232097118693517 ], [ -4.838484135141515, 50.232719539505517 ], [ -4.841501, 50.23682799900007 ], [ -4.852841279255107, 50.234254758678809 ], [ -4.865252852736603, 50.234201907692238 ], [ -4.882657647232293, 50.223444461992528 ], [ -4.886049938692588, 50.220809306663391 ], [ -4.898459359999947, 50.213437035000027 ], [ -4.906422359089598, 50.207030187606229 ], [ -4.909850955157026, 50.205075264212212 ], [ -4.909938854676907, 50.204200895484604 ], [ -4.915030800471921, 50.200104032069348 ], [ -4.922138823640306, 50.200564033763001 ], [ -4.925258588617229, 50.201622740923113 ], [ -4.933406710450868, 50.206756830063966 ], [ -4.938925755815395, 50.205630300985618 ], [ -4.94735297699998, 50.204968906000033 ], [ -4.95374009005553, 50.202606448635159 ], [ -4.956810355313337, 50.201979756360913 ], [ -4.960284433835263, 50.198120625150516 ], [ -4.965559910999957, 50.193859490000079 ], [ -4.970818596274786, 50.186418899127581 ], [ -4.974039554481465, 50.182840943055396 ], [ -4.973285529853904, 50.172664671665743 ], [ -4.974105645999941, 50.166868937000061 ], [ -4.978775761507523, 50.160288204623981 ], [ -4.983767151432573, 50.157410502393134 ], [ -4.984089206781665, 50.153156916193176 ], [ -5.012408530999949, 50.142193848000034 ], [ -5.014794613999925, 50.14913381000008 ], [ -5.003748358999928, 50.155090839000081 ], [ -5.003576167653867, 50.155420164264953 ], [ -4.999808550323905, 50.156949043163706 ], [ -5.001857003520772, 50.158708158676092 ], [ -4.998213919999955, 50.165675753000073 ], [ -5.001833125999951, 50.167395833000057 ], [ -5.006923673554947, 50.160898909745612 ], [ -5.012439967630203, 50.159073257732004 ], [ -5.025022222999951, 50.159713880000027 ], [ -5.022128849394557, 50.172056943436942 ], [ -5.02024292966712, 50.176670551504969 ], [ -5.020882999580375, 50.177371709307707 ], [ -5.020137446999968, 50.180552219000049 ], [ -5.027085536999948, 50.187290835000056 ], [ -5.031867795999972, 50.204472968000061 ], [ -5.03088363821889, 50.205768284924432 ], [ -5.026292323731468, 50.207786560101738 ], [ -5.025965253764891, 50.212241704884413 ], [ -5.018064055525007, 50.222641008735543 ], [ -5.015399833098022, 50.223792474649315 ], [ -5.010573016999956, 50.225006954000037 ], [ -5.006675967896625, 50.224898036217148 ], [ -5.00518155078754, 50.223637342289692 ], [ -4.999041557221631, 50.223581314526427 ], [ -4.97628974907235, 50.227239369901156 ], [ -4.985211253096509, 50.230990171459382 ], [ -4.987618662576569, 50.229377646609706 ], [ -5.000990529999967, 50.226808547000076 ], [ -5.013240640999925, 50.231440022000072 ], [ -5.016974472999948, 50.245756713000048 ], [ -5.010135337999941, 50.253134428000067 ], [ -5.002865499999928, 50.270506499000078 ], [ -5.014184794999949, 50.256696976000057 ], [ -5.012773526999979, 50.251348216000054 ], [ -5.027074115999937, 50.24371706900007 ], [ -5.034459499999969, 50.249649499000043 ], [ -5.0395, 50.249806999000043 ], [ -5.050033, 50.248095999000043 ], [ -5.036437917999933, 50.245370893000029 ], [ -5.030055482999956, 50.239760794000063 ], [ -5.023088553999969, 50.242099306000057 ], [ -5.017876423999951, 50.240755639000042 ], [ -5.020711028999926, 50.233840091000047 ], [ -5.019140491999963, 50.227011297000047 ], [ -5.029620509999972, 50.223106880000046 ], [ -5.029216056295293, 50.211217221095971 ], [ -5.033837556557785, 50.211637258352823 ], [ -5.034310342129407, 50.211099483239714 ], [ -5.035716602999969, 50.211133051000047 ], [ -5.040671438999937, 50.205325884000047 ], [ -5.043858902100798, 50.203629441073701 ], [ -5.048301219924952, 50.202536344976295 ], [ -5.050891836512786, 50.199886347755566 ], [ -5.056694983999932, 50.196797776000039 ], [ -5.066624837999939, 50.207013572000051 ], [ -5.093905499999948, 50.208422499000051 ], [ -5.087497, 50.207050499000047 ], [ -5.077318798999954, 50.20555279000007 ], [ -5.073258447999933, 50.20008512000004 ], [ -5.06464613299994, 50.196479669000041 ], [ -5.055280957999969, 50.18798329100008 ], [ -5.055206083999963, 50.178662397000039 ], [ -5.050524021999934, 50.177315085000032 ], [ -5.045033469619571, 50.17403963583984 ], [ -5.045057696490581, 50.173900086330931 ], [ -5.046751334999954, 50.168743438000035 ], [ -5.050524021999934, 50.165246999000033 ], [ -5.055373446999965, 50.161866129000032 ], [ -5.067199527999946, 50.161911469000074 ], [ -5.077021513999966, 50.167282417000081 ], [ -5.09102939099995, 50.168876841000042 ], [ -5.096248763999938, 50.167644851000034 ], [ -5.086668499999973, 50.163977499000055 ], [ -5.078066064999973, 50.163489258000027 ], [ -5.069261499999925, 50.156840499000054 ], [ -5.066626, 50.15382149900006 ], [ -5.061479177999956, 50.15185131000004 ], [ -5.050606233978993, 50.153320731481344 ], [ -5.050397359877281, 50.153256014789918 ], [ -5.048391758493215, 50.152055346788956 ], [ -5.053491950292823, 50.14727854686754 ], [ -5.054211013520547, 50.147032891770721 ], [ -5.058096341999942, 50.147461794000037 ], [ -5.076781499999925, 50.139212999000051 ], [ -5.07427463099998, 50.13428401200008 ], [ -5.083526541999959, 50.128525522000075 ], [ -5.092215234999969, 50.126046340000073 ], [ -5.091267499999958, 50.124517499000035 ], [ -5.090282873999968, 50.114991475000068 ], [ -5.089898150290197, 50.114682898245981 ], [ -5.090124368844158, 50.113909125006273 ], [ -5.087868985206641, 50.11305535838013 ], [ -5.084043471999962, 50.109987015000058 ], [ -5.09754546399995, 50.101267234000034 ], [ -5.113129230999959, 50.103137953000044 ], [ -5.115158471597747, 50.102631540677358 ], [ -5.116229653575488, 50.102923750630794 ], [ -5.117895022774445, 50.101948613655772 ], [ -5.126683466999964, 50.099755391000031 ], [ -5.140162897999971, 50.101857995000046 ], [ -5.147133053999937, 50.098446347000049 ], [ -5.158824932999948, 50.097148640000057 ], [ -5.164554396999961, 50.099640407000038 ], [ -5.164661772999978, 50.094323897000038 ], [ -5.179643, 50.089886999000043 ], [ -5.173768779999932, 50.08905061300004 ], [ -5.141950551999969, 50.096109262000027 ], [ -5.133007971999973, 50.093278617000067 ], [ -5.12272063599994, 50.096158499000069 ], [ -5.104495610999948, 50.093930367000041 ], [ -5.101754739210393, 50.092933967992465 ], [ -5.094003564752204, 50.088285724882468 ], [ -5.099007093999944, 50.087687966000033 ], [ -5.098516382999946, 50.086290877000067 ], [ -5.082910908002067, 50.083830215780118 ], [ -5.076454322601153, 50.08134448968972 ], [ -5.078532582999969, 50.069531170000062 ], [ -5.07530138286831, 50.068745279966407 ], [ -5.062940771531133, 50.062044106633074 ], [ -5.062596276139296, 50.061640286062207 ], [ -5.061901212265376, 50.059988175354221 ], [ -5.062502017999975, 50.056387505000032 ], [ -5.059184386259902, 50.053530499299129 ], [ -5.058776753446732, 50.052561589015014 ], [ -5.064652697925152, 50.048158200872535 ], [ -5.066123366399779, 50.04732394214642 ], [ -5.068216370715545, 50.038687442320629 ], [ -5.069278402999942, 50.035480001000053 ], [ -5.085552214077218, 50.031813330735616 ], [ -5.086218238180834, 50.031722068918555 ], [ -5.086448671265233, 50.031611348981066 ], [ -5.088837829999932, 50.031073045000028 ], [ -5.093031223334394, 50.028448522967942 ], [ -5.094709753851703, 50.027642012069407 ], [ -5.094701077813085, 50.027403409972301 ], [ -5.095960813999966, 50.026614978000055 ], [ -5.094362236326504, 50.018084838115996 ], [ -5.094339251155191, 50.017452716669823 ], [ -5.095252154597784, 50.015152337240245 ], [ -5.101813014999948, 50.004879462000076 ], [ -5.104457539537356, 50.004284627383321 ], [ -5.1115569254862, 50.003121605769401 ], [ -5.119815706707974, 50.006778223665066 ], [ -5.122535944378114, 50.008387446124175 ], [ -5.137539356358702, 50.007444976258626 ], [ -5.139294223999968, 50.008036797000045 ], [ -5.15678749999995, 50.007617499000048 ], [ -5.159970987240613, 50.006035887701387 ], [ -5.161828279650933, 50.005919218097802 ], [ -5.163491637211176, 50.004286768150685 ], [ -5.167164609999929, 50.002461972000049 ], [ -5.168337093107537, 49.999531347902604 ], [ -5.17044424980196, 49.997463345257472 ], [ -5.170231131538604, 49.99479719469258 ], [ -5.172209726999938, 49.989851691000069 ], [ -5.175034209435449, 49.987341253861786 ], [ -5.177781223923944, 49.985735058926025 ], [ -5.17990050948182, 49.983016022375537 ], [ -5.184411439999963, 49.979006648000052 ], [ -5.186714600640773, 49.974273565347659 ], [ -5.187337875042488, 49.973473906296078 ], [ -5.186719072809287, 49.972653609362425 ], [ -5.184765923999976, 49.967390759000068 ], [ -5.185805974708496, 49.965274751064634 ], [ -5.188639299846582, 49.963608620980395 ], [ -5.195909249999943, 49.962616897000032 ], [ -5.202062424999951, 49.959309501000064 ], [ -5.214448304999962, 49.960425920000034 ], [ -5.218625769806627, 49.966985681563742 ], [ -5.219354152671542, 49.970443129847069 ], [ -5.221007221006658, 49.9707252108646 ], [ -5.221388213999944, 49.97132347400003 ], [ -5.244201060999956, 49.976346462000038 ], [ -5.247050080454064, 49.981014891555695 ], [ -5.246755480980312, 49.984341740179389 ], [ -5.249952627178752, 49.985771031390641 ], [ -5.254990544999941, 49.994026210000072 ], [ -5.256373410518667, 49.994782523085341 ], [ -5.256179571129906, 49.996054649003213 ], [ -5.260278538257206, 49.996918305031109 ], [ -5.26337829199997, 49.998613614000078 ], [ -5.266796240999952, 50.003384127000061 ], [ -5.25801, 50.019876982000028 ], [ -5.258277827752664, 50.020331935380867 ], [ -5.256633162190212, 50.02297866303519 ], [ -5.262025705119796, 50.026698375983806 ], [ -5.263346816999956, 50.028942521000033 ], [ -5.261499, 50.033595999000056 ], [ -5.263615150999954, 50.034248337000065 ], [ -5.26609925799994, 50.03501409200004 ], [ -5.267182063305846, 50.036082634450239 ], [ -5.267483114853462, 50.037800074014399 ], [ -5.269754704561104, 50.038621388532228 ], [ -5.271938706999947, 50.040776623000056 ], [ -5.28035577199995, 50.043143034000082 ], [ -5.275967446999971, 50.049110814000073 ], [ -5.27888900399995, 50.055178167000065 ], [ -5.279222375980992, 50.055457748063191 ], [ -5.279454826978338, 50.055962443012675 ], [ -5.286603178663857, 50.061647628371531 ], [ -5.296912499999962, 50.070293499000059 ], [ -5.309333631999948, 50.078685792000044 ], [ -5.328581499999927, 50.087636499000041 ], [ -5.333676064999963, 50.090711393000049 ], [ -5.342876388999969, 50.092134014000067 ], [ -5.362600053999927, 50.089202318000048 ], [ -5.365756700082924, 50.090657499069273 ], [ -5.375308156246035, 50.097656249636429 ], [ -5.376270077511798, 50.09802486047429 ], [ -5.376438883999981, 50.098195370000042 ], [ -5.379388291351066, 50.099219768474384 ], [ -5.388024449468389, 50.10252916768701 ], [ -5.388593922490454, 50.102417100470959 ], [ -5.390519157999961, 50.103085780000072 ], [ -5.398571767999954, 50.101320514000065 ], [ -5.406319846166272, 50.103219256089737 ], [ -5.406843542994579, 50.103470563616042 ], [ -5.407101229590357, 50.103410741715415 ], [ -5.41030922799996, 50.104196893000051 ], [ -5.415527499999939, 50.101961499000026 ], [ -5.415913402478255, 50.10136499723567 ], [ -5.427077294811141, 50.09877330147539 ], [ -5.429105797999966, 50.104558417000078 ], [ -5.436505198999953, 50.109258346000047 ], [ -5.44333596499996, 50.112104428000066 ], [ -5.448303553999949, 50.111377311000069 ], [ -5.461741555999936, 50.122125683000036 ], [ -5.463897289338727, 50.122368580088789 ], [ -5.464623809041143, 50.122910976260698 ], [ -5.466989588207538, 50.122717004626871 ], [ -5.474819496999942, 50.123599239000043 ], [ -5.479865, 50.126028499000029 ], [ -5.484171499999945, 50.127639999000053 ], [ -5.496179499999926, 50.128684999000029 ], [ -5.517743499999938, 50.126568999000028 ], [ -5.52405, 50.12614049900003 ], [ -5.527974, 50.124975999000071 ], [ -5.531092499999943, 50.122388999000066 ], [ -5.52999288453905, 50.115904271625155 ], [ -5.531924205162615, 50.115048339791109 ], [ -5.537445, 50.113859499000057 ], [ -5.543638760161089, 50.109856627745721 ], [ -5.545515775732042, 50.109024763082459 ], [ -5.545432527511714, 50.108697361067968 ], [ -5.548699499999941, 50.10658599900006 ], [ -5.543269297812163, 50.100189722602437 ], [ -5.543210030018486, 50.099956631793191 ], [ -5.542474738399138, 50.09925380503541 ], [ -5.533239091999974, 50.088375067000072 ], [ -5.540045, 50.075014499000076 ], [ -5.549805294999942, 50.063590193000039 ], [ -5.551713683999935, 50.061356130000036 ], [ -5.555032473999972, 50.060326588000066 ], [ -5.56266347899998, 50.06186137900005 ], [ -5.565824299999974, 50.057027624000057 ], [ -5.576895984999965, 50.052373893000038 ], [ -5.583057482999948, 50.052792853000028 ], [ -5.588325655999938, 50.051275259000079 ], [ -5.590164675999972, 50.050745484000061 ], [ -5.59801777399997, 50.05218562500005 ], [ -5.607900391999976, 50.04861552400007 ], [ -5.617860343999951, 50.050361457000065 ], [ -5.623783239999966, 50.049447309000072 ], [ -5.63331098821175, 50.042817882648876 ], [ -5.641674052164961, 50.042391373164328 ], [ -5.645759642999963, 50.043546262000064 ], [ -5.648106203418752, 50.042063338662722 ], [ -5.650880456367531, 50.041921854010468 ], [ -5.662364158725066, 50.037737594626769 ], [ -5.667569393999941, 50.037444128000061 ], [ -5.67432821999995, 50.034975460000055 ], [ -5.680800255659309, 50.035769647715803 ], [ -5.689964103622926, 50.044092925358562 ], [ -5.689325546999953, 50.047908861000053 ], [ -5.69349908199996, 50.050181421000048 ], [ -5.694576130999963, 50.053803607000077 ], [ -5.705548634999957, 50.055480126000077 ], [ -5.709232136993729, 50.05764542322175 ], [ -5.710329654775811, 50.058619864313165 ], [ -5.715324948047598, 50.066143840039842 ], [ -5.713820899938849, 50.069161663544705 ], [ -5.710283033999929, 50.071508760000029 ], [ -5.708852137011848, 50.076595463532769 ], [ -5.699519634523142, 50.078444242307967 ], [ -5.698980127024249, 50.07904269672423 ], [ -5.696544922999976, 50.079532379000057 ], [ -5.689070499999957, 50.088441999000054 ], [ -5.689332940022038, 50.089743941244173 ], [ -5.689226627506514, 50.089861869529784 ], [ -5.689392903710972, 50.090041415917113 ], [ -5.689894466999931, 50.092529628000079 ], [ -5.697046308999973, 50.099146522000069 ], [ -5.700971946999971, 50.118982457000072 ], [ -5.705524786018454, 50.123868630403322 ], [ -5.704392705904791, 50.129279114137887 ], [ -5.703207213999974, 50.129691947000026 ], [ -5.70324343880991, 50.132449706693222 ], [ -5.694298624881185, 50.137965679472757 ], [ -5.692674918943884, 50.147246436112241 ], [ -5.69210150899994, 50.150108870000054 ], [ -5.687512726131445, 50.153077264258286 ], [ -5.681000351584544, 50.156575441403731 ], [ -5.679305157424082, 50.158386580589692 ], [ -5.677519452999945, 50.159541718000071 ], [ -5.672314469999947, 50.165783007000073 ], [ -5.665695352207384, 50.165407925287631 ], [ -5.657032608767622, 50.164082646397162 ], [ -5.645892876017892, 50.168280190491153 ], [ -5.644880020261182, 50.16835701625849 ], [ -5.630928278217084, 50.167142152588667 ], [ -5.618325785277547, 50.177991783587558 ], [ -5.60710980100863, 50.1861048047369 ], [ -5.586234450159338, 50.191458940278096 ], [ -5.586164943921974, 50.193968652791469 ], [ -5.58584901973095, 50.194192793193146 ], [ -5.581349128086163, 50.195504020601852 ], [ -5.579269925999938, 50.19600231700008 ], [ -5.579151127898907, 50.196144497821606 ], [ -5.566259145942581, 50.199901103853051 ], [ -5.566046053049522, 50.200077330501657 ], [ -5.565682998999932, 50.200081842000031 ], [ -5.556980120999981, 50.204620104000071 ], [ -5.55213615941789, 50.210028596745097 ], [ -5.544047808429508, 50.211820311995041 ], [ -5.543074499999932, 50.211974999000063 ], [ -5.542990207340336, 50.212054589662088 ], [ -5.542417525847839, 50.212181448914976 ], [ -5.512290715743575, 50.21581411373046 ], [ -5.499754493378812, 50.219417038735578 ], [ -5.498120992655315, 50.219731804655147 ], [ -5.495660671397002, 50.219020002786131 ], [ -5.49083, 50.216989499000078 ], [ -5.485436346999961, 50.215695227000026 ], [ -5.484603468181144, 50.215821014894416 ], [ -5.479249835111546, 50.214272141546246 ], [ -5.478320461203872, 50.213513786353467 ], [ -5.478400745999977, 50.212752702000046 ], [ -5.470298396999965, 50.205887565000069 ], [ -5.469148, 50.200118499000041 ], [ -5.464878593478661, 50.199344319925316 ], [ -5.45221030675998, 50.195217252074769 ], [ -5.451173335263235, 50.195100857463743 ], [ -5.451002452999944, 50.19501082000005 ], [ -5.444484016328813, 50.194350016502518 ], [ -5.438629956169827, 50.193692928957439 ], [ -5.434043, 50.190401499000075 ], [ -5.427007411999966, 50.187900795000076 ], [ -5.424743499999977, 50.188982999000075 ], [ -5.432862191999959, 50.191942550000078 ], [ -5.432881478999946, 50.193864596000026 ], [ -5.428953040149338, 50.197852266587304 ], [ -5.41548180554048, 50.204924822023202 ], [ -5.408804097703132, 50.210232507451472 ], [ -5.408529, 50.210392999000078 ], [ -5.408341789842032, 50.210599966579295 ], [ -5.399681449239154, 50.21748352074809 ], [ -5.395581584676685, 50.224706833439683 ], [ -5.392120180999939, 50.228533540000058 ], [ -5.394880072153685, 50.240063980054728 ], [ -5.393384503378927, 50.240411127745212 ], [ -5.385440936999942, 50.240499686000078 ], [ -5.378708302999939, 50.243494806000058 ], [ -5.372723, 50.237342999000077 ], [ -5.371829158633512, 50.237496362022711 ], [ -5.370497226665407, 50.236269831288155 ], [ -5.357810409493934, 50.239901616527106 ], [ -5.356192817438814, 50.240179150465757 ], [ -5.343431949824151, 50.238001465995069 ], [ -5.34077538575657, 50.239093137907894 ], [ -5.330701499999975, 50.242117499000074 ], [ -5.32306004002573, 50.24637297188454 ], [ -5.315514206514933, 50.249473809768745 ], [ -5.315063989660758, 50.250213984929431 ], [ -5.314839140999936, 50.250320209000051 ], [ -5.310657, 50.25579299900005 ], [ -5.306007226413715, 50.259004494558688 ], [ -5.29540490043615, 50.261643248008994 ], [ -5.293876236999949, 50.261518479000074 ], [ -5.286319213999946, 50.265116300000045 ], [ -5.278882294359565, 50.272605279636252 ], [ -5.27707107461329, 50.273832663012854 ], [ -5.263615150999954, 50.275525985000058 ], [ -5.259517803999927, 50.280102452000051 ], [ -5.257250628174613, 50.281036712032488 ], [ -5.24675953422485, 50.284452915569716 ], [ -5.245799383698463, 50.285755552060834 ], [ -5.245451939999953, 50.285898727000074 ], [ -5.244201060999956, 50.287774580000075 ], [ -5.243154490369808, 50.289343879588998 ], [ -5.235078572917303, 50.300300479084342 ], [ -5.235151727781474, 50.30385510469619 ], [ -5.234214153999972, 50.305923893000056 ], [ -5.23352164299996, 50.318553246000079 ], [ -5.221188061999953, 50.321783364000055 ], [ -5.209293348955744, 50.321667687337424 ], [ -5.199676632869966, 50.32105064367255 ], [ -5.196182455284855, 50.324646749419685 ], [ -5.181245, 50.335048499000038 ], [ -5.181053342999974, 50.339810204000059 ], [ -5.17189717399998, 50.341300172000047 ], [ -5.155027133999965, 50.348761954000054 ], [ -5.154736489668484, 50.349701067459819 ], [ -5.153908729204034, 50.349992156313021 ], [ -5.151103683405192, 50.361439184770362 ], [ -5.147089950999941, 50.374408129000074 ], [ -5.14781553038019, 50.374857711221821 ], [ -5.147789835532024, 50.374962568567923 ], [ -5.153044933517776, 50.381647912337279 ], [ -5.151923747999945, 50.38293400200007 ], [ -5.156983206999939, 50.388408750000053 ], [ -5.147326499999963, 50.39043999900008 ], [ -5.144722833824715, 50.394052288416233 ], [ -5.143934607395863, 50.394399046678984 ], [ -5.144220840263825, 50.394748747142089 ], [ -5.143480777999969, 50.395775499000081 ], [ -5.148894220999978, 50.40062606500004 ], [ -5.1484893787727, 50.401850746054514 ], [ -5.141041261447495, 50.403971089780093 ], [ -5.139156745999969, 50.403681139000071 ], [ -5.138681077455168, 50.404207921038108 ], [ -5.121431946526798, 50.405146837256837 ], [ -5.119624851642269, 50.406660211598506 ], [ -5.11459, 50.408622499000046 ], [ -5.115950982559159, 50.40973693947408 ], [ -5.112483201396086, 50.412641076428727 ], [ -5.10768749999994, 50.413367999000059 ], [ -5.107064956044531, 50.413475967744617 ], [ -5.102046131723228, 50.41326475116756 ], [ -5.101626942296603, 50.41441909073562 ], [ -5.101053480999951, 50.414518547000057 ], [ -5.097661966999965, 50.422071741000082 ], [ -5.088210366999931, 50.420348800000056 ], [ -5.084750998999937, 50.415839799000025 ], [ -5.074736499999972, 50.416885999000044 ], [ -5.065733550999937, 50.422116129000074 ], [ -5.065407215485711, 50.423894912573935 ], [ -5.064577247395235, 50.424369729907404 ], [ -5.060320499999932, 50.424389499000029 ], [ -5.056490499999938, 50.42566049900006 ], [ -5.061630108382507, 50.4260557618205 ], [ -5.058731977299335, 50.427713756734711 ], [ -5.05642974899996, 50.427854703000037 ], [ -5.052370558999939, 50.433711347000042 ], [ -5.050524021999934, 50.434309947000031 ], [ -5.047907829389256, 50.438205675348556 ], [ -5.042444109907365, 50.44354677166632 ], [ -5.042300191741583, 50.446555914112757 ], [ -5.040464200999963, 50.449289857000053 ], [ -5.041797520869312, 50.457066111002192 ], [ -5.041730624799989, 50.458464821169237 ], [ -5.039087955999946, 50.460022873000071 ], [ -5.041455975565436, 50.464207380943279 ], [ -5.041453842935132, 50.464251971480778 ], [ -5.033207301999937, 50.467723740000054 ], [ -5.038732460732926, 50.473873835429693 ], [ -5.037531056724288, 50.477623538472038 ], [ -5.036714, 50.480006999000068 ], [ -5.036677341090062, 50.480288071042217 ], [ -5.03420937046576, 50.487990856193449 ], [ -5.035547353419162, 50.488951938647709 ], [ -5.035073876999945, 50.492582188000029 ], [ -5.043121136999957, 50.497065446000079 ], [ -5.04325512883319, 50.499418482538807 ], [ -5.041126356961494, 50.501326213557277 ], [ -5.032323478999956, 50.508278320000045 ], [ -5.023344, 50.509337999000081 ], [ -5.029153797999925, 50.51390596400006 ], [ -5.027677258999972, 50.523512178000033 ], [ -5.023570413999948, 50.526684506000038 ], [ -5.025306874417244, 50.529354537524945 ], [ -5.025289333348036, 50.530630384244979 ], [ -5.023837569999955, 50.537124636000044 ], [ -5.025173569015193, 50.53905048353348 ], [ -5.025166272705007, 50.539581179428239 ], [ -5.025655638761533, 50.539745388860013 ], [ -5.02659659099993, 50.541101775000072 ], [ -5.034355489303554, 50.543932712741153 ], [ -5.036433129879503, 50.548234680526406 ], [ -5.035593613999936, 50.549120787000049 ], [ -5.025235358999964, 50.550811976000034 ], [ -5.01644534199994, 50.544707068000037 ], [ -5.014985302428357, 50.544869233435556 ], [ -5.014685511526864, 50.544692755066706 ], [ -5.002953768201337, 50.541715740988991 ], [ -5.002089912792372, 50.541752947947352 ], [ -4.999214860999928, 50.540721570000073 ], [ -4.995251899574704, 50.542047466764288 ], [ -4.985691309405922, 50.542459249195247 ], [ -4.984980263505448, 50.542849732738475 ], [ -4.984347235999962, 50.542806519000067 ], [ -4.978447363999976, 50.545912378000025 ], [ -4.979085385565035, 50.546674950529827 ], [ -4.973321748155717, 50.55657224067933 ], [ -4.972806284999933, 50.55721598100007 ], [ -4.969980999467031, 50.558140743749121 ], [ -4.963347673855765, 50.559272646815373 ], [ -4.961582336552247, 50.560889765224999 ], [ -4.959098377999965, 50.561702806000028 ], [ -4.957335050348452, 50.56478044645484 ], [ -4.954059525267061, 50.567780956272287 ], [ -4.951698756999974, 50.568859307000082 ], [ -4.94550716599997, 50.567881209000063 ], [ -4.948969609999949, 50.55622670200006 ], [ -4.948562781842801, 50.556105296906665 ], [ -4.948614835305989, 50.555943131770221 ], [ -4.943179833845679, 50.554498925044598 ], [ -4.94007053699994, 50.553571053000042 ], [ -4.93711275579329, 50.550109000614206 ], [ -4.935262414354363, 50.543827195873469 ], [ -4.935683707999942, 50.54207308000008 ], [ -4.931653427999947, 50.529776808000065 ], [ -4.938448499999936, 50.52478349900008 ], [ -4.929370322999944, 50.525257779000071 ], [ -4.925881941068728, 50.530018442255383 ], [ -4.910788178433171, 50.530232670915815 ], [ -4.899547453999958, 50.526496596000072 ], [ -4.898651746679654, 50.526716420128359 ], [ -4.897621154692047, 50.526384234545048 ], [ -4.88172643689961, 50.52996297679622 ], [ -4.866468506999979, 50.529519709000056 ], [ -4.855389007999975, 50.528709796000044 ], [ -4.845995499999958, 50.524218499000028 ], [ -4.852579499999933, 50.530907499000079 ], [ -4.861355777999961, 50.535093448000055 ], [ -4.862388692480095, 50.535095889869481 ], [ -4.862432241554302, 50.535141825435176 ], [ -4.862913879414873, 50.535097131441695 ], [ -4.88750953899995, 50.535155277000058 ], [ -4.894937615999936, 50.531906889000027 ], [ -4.900521503999926, 50.531672491000052 ], [ -4.91306097599994, 50.537286934000065 ], [ -4.916135241999939, 50.54290867900005 ], [ -4.925387115999968, 50.545682524000028 ], [ -4.928800580999962, 50.553171547000034 ], [ -4.929492127999936, 50.565107941000065 ], [ -4.919412633169126, 50.574449081000814 ], [ -4.915756225668702, 50.575626849699745 ], [ -4.920352613857118, 50.578514100304304 ], [ -4.933636135999961, 50.587321390000056 ], [ -4.93072174965209, 50.588871303778134 ], [ -4.91871666883884, 50.5916625262048 ], [ -4.908479571774251, 50.585324048666052 ], [ -4.884799957351902, 50.582657456276877 ], [ -4.876348852717001, 50.587152242681952 ], [ -4.875701113888925, 50.587929846618977 ], [ -4.869737657999963, 50.594199686000081 ], [ -4.866048454420236, 50.594165394692126 ], [ -4.862927555761644, 50.593249559819583 ], [ -4.860157502151158, 50.594110638034216 ], [ -4.85943130499993, 50.594103888000063 ], [ -4.856665274295528, 50.595196205950884 ], [ -4.848846826161266, 50.597626590451441 ], [ -4.84142421699994, 50.595288695000079 ], [ -4.824218151423723, 50.595586794784175 ], [ -4.820513129576966, 50.595189928972388 ], [ -4.813191111790891, 50.596198172361397 ], [ -4.798258705999956, 50.598130281000067 ], [ -4.798007265880067, 50.59828899113657 ], [ -4.795243740405965, 50.598669529175538 ], [ -4.785158634163224, 50.607145071088496 ], [ -4.780358287014757, 50.613230020253404 ], [ -4.771384611999963, 50.621926698000038 ], [ -4.770994699194986, 50.625099360974446 ], [ -4.770743369610443, 50.625417947880408 ], [ -4.770930451661365, 50.625622133677766 ], [ -4.769908229214828, 50.633939806927636 ], [ -4.765094664942847, 50.643193351725003 ], [ -4.761561447999952, 50.645369421000055 ], [ -4.759542431999932, 50.652044495000041 ], [ -4.76629351899993, 50.655646638000064 ], [ -4.765431178788222, 50.65742996992838 ], [ -4.757685819530939, 50.670427884854405 ], [ -4.746529548999945, 50.671793316000048 ], [ -4.746366370644317, 50.672017668234702 ], [ -4.737169742289382, 50.672173857537643 ], [ -4.735106990765628, 50.67322810655714 ], [ -4.732973111999968, 50.673268299000028 ], [ -4.731798732218165, 50.674918920157204 ], [ -4.729751825585822, 50.675965071031555 ], [ -4.729064131793127, 50.678762471781575 ], [ -4.726065928235177, 50.682976524427019 ], [ -4.706562876775024, 50.685941219012136 ], [ -4.706345530226373, 50.686169418897087 ], [ -4.70578868299998, 50.686226870000041 ], [ -4.703637432999926, 50.687389224000071 ], [ -4.704199282157793, 50.688422841209835 ], [ -4.699346723707366, 50.693517715211669 ], [ -4.682111824999936, 50.695654684000033 ], [ -4.684772091999946, 50.699252374000082 ], [ -4.679987823999966, 50.704718858000035 ], [ -4.678281291526105, 50.70519646650019 ], [ -4.669104337394856, 50.706888914292222 ], [ -4.656843439092752, 50.714826307964671 ], [ -4.655359, 50.715387999000029 ], [ -4.650153246999935, 50.727840588000049 ], [ -4.650207056962074, 50.73109655167233 ], [ -4.650184154674719, 50.731159448949597 ], [ -4.650209035998651, 50.731216300338573 ], [ -4.650335234999943, 50.738852421000047 ], [ -4.641559837999978, 50.738539927000033 ], [ -4.641421581865041, 50.73858623158258 ], [ -4.641157269891721, 50.738564848888757 ], [ -4.641057378345653, 50.738708210198112 ], [ -4.636507783999946, 50.74023195500007 ], [ -4.634727740999949, 50.742054347000078 ], [ -4.63690159922905, 50.744672458014989 ], [ -4.634089391859851, 50.748708452516077 ], [ -4.632335164999972, 50.749625019000064 ], [ -4.620582104999926, 50.751268604000074 ], [ -4.620328864061814, 50.751566431606463 ], [ -4.61971771739843, 50.751661300828573 ], [ -4.61571654335513, 50.756990721863481 ], [ -4.612377232999961, 50.760917559000063 ], [ -4.605289896769265, 50.763166295402044 ], [ -4.590256929013719, 50.766551256335731 ], [ -4.583863490966666, 50.769964666062542 ], [ -4.577006144999928, 50.772140429000046 ], [ -4.565723143903933, 50.779649664439937 ], [ -4.562451243029955, 50.781396508342425 ], [ -4.55780017333899, 50.787455439717007 ], [ -4.558157673751267, 50.79035995856578 ], [ -4.557992446999947, 50.790685127000074 ], [ -4.556974052999976, 50.797057565000046 ], [ -4.559424637251348, 50.800653427441112 ], [ -4.559463012939568, 50.800965211444534 ], [ -4.556781, 50.808543499000052 ], [ -4.55723339381294, 50.818280492624908 ], [ -4.557302721244205, 50.828525661127742 ], [ -4.552799870999934, 50.830534710000052 ], [ -4.556480947999944, 50.841612611000073 ], [ -4.555323499999929, 50.848613499000066 ], [ -4.558604783999954, 50.874518586000079 ], [ -4.560791618999929, 50.880581925000058 ], [ -4.566855361999956, 50.885447781000039 ], [ -4.564286872023138, 50.888800795247512 ], [ -4.56158626069697, 50.890847801884831 ], [ -4.56208285448236, 50.891678011932264 ], [ -4.562014652999949, 50.891767045000051 ], [ -4.564889151999978, 50.900867900000037 ], [ -4.568323030999977, 50.903794098000049 ], [ -4.56471204099995, 50.906886782000072 ], [ -4.561305195259282, 50.916302358687517 ], [ -4.560551317229964, 50.917393988999606 ], [ -4.545959499999981, 50.928352499000027 ], [ -4.54843808399994, 50.939457155000071 ], [ -4.543496666432657, 50.944532699242131 ], [ -4.542973041771916, 50.944866060820232 ], [ -4.543012767187959, 50.945029733138121 ], [ -4.542193646999976, 50.945871087000057 ], [ -4.542604755999946, 50.954188682000051 ], [ -4.533295068999962, 50.965702811000028 ], [ -4.534323097999959, 50.979216020000081 ], [ -4.529846349999957, 50.985124962000043 ], [ -4.53021267096908, 50.985942007383926 ], [ -4.530025959130512, 50.986207246867195 ], [ -4.531568295331383, 50.988965603412716 ], [ -4.534011001999943, 50.994413837000081 ], [ -4.530681289999961, 50.997308626000063 ], [ -4.531542815740313, 51.002421764069133 ], [ -4.527214407718418, 51.011477947249773 ], [ -4.525955402933171, 51.019024440542367 ], [ -4.523883464066991, 51.021110152548673 ], [ -4.523174420532024, 51.021239029679784 ], [ -4.513676146999956, 51.021895365000034 ], [ -4.502528463999965, 51.019061192000038 ], [ -4.496368057999973, 51.021085936000077 ], [ -4.472818479999944, 51.02134871100003 ], [ -4.469823923999968, 51.021382125000059 ], [ -4.450093156999969, 51.014882059000058 ], [ -4.449608444358436, 51.014846106102794 ], [ -4.44937884815505, 51.014769673681656 ], [ -4.448256124687602, 51.014745799640721 ], [ -4.42765849999995, 51.013217999000062 ], [ -4.40397606099998, 51.004228896000029 ], [ -4.402261528940887, 51.003081911611652 ], [ -4.395804643868757, 50.996969461671654 ], [ -4.390583809040693, 50.99526977281473 ], [ -4.389194138999926, 50.994340114000067 ], [ -4.379882274999965, 50.991785793956936 ], [ -4.376413106679024, 50.99065637559147 ], [ -4.375611600115799, 50.990614313096138 ], [ -4.374002022999946, 50.990172793000056 ], [ -4.345269, 50.988857499000062 ], [ -4.344446917407898, 50.988978812676038 ], [ -4.343618750904056, 50.988935351085956 ], [ -4.339987171241612, 50.989636931710017 ], [ -4.319242501999952, 50.992698196000049 ], [ -4.309109168056312, 50.995602217001284 ], [ -4.306356906745464, 50.996133923142281 ], [ -4.305816683476443, 50.996545780533225 ], [ -4.304821908999941, 50.99683086400006 ], [ -4.278500181999959, 51.016908813000043 ], [ -4.270859382999959, 51.025373086000059 ], [ -4.268544499999962, 51.027370499000028 ], [ -4.263081, 51.033931499000062 ], [ -4.256761499999925, 51.038429499000074 ], [ -4.253350146613269, 51.039488209927057 ], [ -4.252457955788074, 51.039685142938708 ], [ -4.238823, 51.041156999000066 ], [ -4.235409, 51.044490999000061 ], [ -4.233370499999978, 51.047492999000042 ], [ -4.231003, 51.053394499000035 ], [ -4.224624586738639, 51.062975218160673 ], [ -4.221795824755997, 51.063654517829676 ], [ -4.216025704568415, 51.064150957711874 ], [ -4.212090297417983, 51.058307282213235 ], [ -4.212998832999972, 51.05685217000007 ], [ -4.20997162499998, 51.053304783000044 ], [ -4.208948133463799, 51.053641491404342 ], [ -4.208762407258916, 51.053365707061971 ], [ -4.206698488884737, 51.054381579826831 ], [ -4.197674019999965, 51.057350451000048 ], [ -4.191398088999961, 51.054843293000033 ], [ -4.190858851999963, 51.04655813800008 ], [ -4.194902, 51.040778999000054 ], [ -4.203419, 51.031604999000081 ], [ -4.203066, 51.028224999000031 ], [ -4.202419749999933, 51.025373086000059 ], [ -4.202125499999966, 51.024074499000051 ], [ -4.205556499999943, 51.013782499000058 ], [ -4.206125499999928, 51.010658499000044 ], [ -4.204698165999957, 51.005069161000051 ], [ -4.192352, 51.000488499000028 ], [ -4.201559241999973, 51.004879275000064 ], [ -4.204004739999959, 51.00766163600008 ], [ -4.201803783999935, 51.016516782000053 ], [ -4.198144499999955, 51.021201999000027 ], [ -4.197460799999931, 51.03275337000008 ], [ -4.189522799112215, 51.03802558549819 ], [ -4.189407706300187, 51.036844968620699 ], [ -4.188673868221682, 51.038589423504909 ], [ -4.188201781999965, 51.038902971000027 ], [ -4.180995051999957, 51.047930579000081 ], [ -4.180367567291785, 51.058334879146031 ], [ -4.178076744046166, 51.063780546135433 ], [ -4.174324686725316, 51.068881110631438 ], [ -4.172467, 51.069648499000039 ], [ -4.166601460491161, 51.073418050428721 ], [ -4.164532331698124, 51.074019999650389 ], [ -4.153223131999937, 51.073719286000028 ], [ -4.155063413999926, 51.077701198000057 ], [ -4.152581647999966, 51.079961772000047 ], [ -4.14292294462363, 51.079080222733047 ], [ -4.132465958236821, 51.07789742912297 ], [ -4.131424282073029, 51.07803074050463 ], [ -4.130632591999927, 51.077958483000032 ], [ -4.123283499999957, 51.078761999000051 ], [ -4.122640054390025, 51.079154926283231 ], [ -4.121081352322108, 51.079354405481752 ], [ -4.120850578785857, 51.080247689644438 ], [ -4.118619869999975, 51.081609897000078 ], [ -4.117063550672209, 51.08871176885156 ], [ -4.106803096739374, 51.085559044690356 ], [ -4.103621848999978, 51.083664812000052 ], [ -4.097385702700558, 51.082665367089334 ], [ -4.077428341144582, 51.07653307933839 ], [ -4.078342892040713, 51.077562134450012 ], [ -4.077825802999939, 51.077439003000052 ], [ -4.065794496999956, 51.078348466000079 ], [ -4.057695499999966, 51.076171999000053 ], [ -4.066917, 51.081222499000035 ], [ -4.070022, 51.081248999000081 ], [ -4.075944, 51.07990649900006 ], [ -4.077825802999939, 51.080991761000064 ], [ -4.081553499999927, 51.083141499000078 ], [ -4.085454499999969, 51.084186499000054 ], [ -4.089428, 51.085952999000028 ], [ -4.09249049999994, 51.086528999000052 ], [ -4.104163085642671, 51.091692359952468 ], [ -4.106035948100271, 51.092898726095598 ], [ -4.106888941452167, 51.092898140563506 ], [ -4.108095013999957, 51.093431646000056 ], [ -4.117405426999937, 51.094392996000067 ], [ -4.12801563499994, 51.093044343000031 ], [ -4.130632591999927, 51.087471082000036 ], [ -4.144350736999968, 51.084311532000072 ], [ -4.154683184999953, 51.085446510000054 ], [ -4.156399365176777, 51.08524880142275 ], [ -4.156659841877854, 51.08530652527628 ], [ -4.156865499486315, 51.085195101495195 ], [ -4.166181509999944, 51.084121872000026 ], [ -4.168544396999948, 51.080351871000062 ], [ -4.179869666999934, 51.077697368000031 ], [ -4.18187, 51.077228499000057 ], [ -4.18307293950603, 51.07632742875915 ], [ -4.185080528343349, 51.075886130440892 ], [ -4.188410939268989, 51.072328962744649 ], [ -4.190110599999969, 51.071055820000026 ], [ -4.190206097485396, 51.070411578085633 ], [ -4.190721750707837, 51.069860815724383 ], [ -4.201946819931772, 51.070235643317247 ], [ -4.212148485051277, 51.074551027175865 ], [ -4.220009917438259, 51.084039047631542 ], [ -4.221597131690381, 51.087263246766121 ], [ -4.221461772542511, 51.116507172668207 ], [ -4.238912878193025, 51.120667158686473 ], [ -4.242759, 51.12359249900004 ], [ -4.240544933999956, 51.126307685000029 ], [ -4.238728791999961, 51.12853476600003 ], [ -4.238958388878063, 51.129819860232516 ], [ -4.237201452484783, 51.132075429238 ], [ -4.243180324066657, 51.134300981341454 ], [ -4.258917177143931, 51.143616067423146 ], [ -4.258734596555986, 51.144187281118477 ], [ -4.254168424999932, 51.146212388000038 ], [ -4.226285173999941, 51.144833551000033 ], [ -4.225705847539134, 51.145070413350389 ], [ -4.223614931183761, 51.144915938619818 ], [ -4.221974760800362, 51.1465958986063 ], [ -4.220101789999944, 51.147361678000038 ], [ -4.217608896971732, 51.151067675814801 ], [ -4.213030337879388, 51.155757308153454 ], [ -4.209645748352216, 51.172367811525532 ], [ -4.214156426847794, 51.179561501961089 ], [ -4.215388059999952, 51.182146261000071 ], [ -4.226585994999937, 51.187681376000057 ], [ -4.210351389999971, 51.191380514000059 ], [ -4.210240587833809, 51.191494608714066 ], [ -4.208500146963843, 51.191883444365772 ], [ -4.202164469858029, 51.199646518973168 ], [ -4.192586, 51.199199499000031 ], [ -4.179869666999934, 51.198194477000072 ], [ -4.177690923999933, 51.198022280000032 ], [ -4.176323133081387, 51.198616689430622 ], [ -4.17475712334209, 51.19849503072129 ], [ -4.167294141166527, 51.202331218103758 ], [ -4.146164, 51.204112999000074 ], [ -4.145460567798025, 51.204606279287056 ], [ -4.133443787957852, 51.208462263643931 ], [ -4.130632591999927, 51.208880065000074 ], [ -4.120904940036439, 51.211975021560129 ], [ -4.119700737864489, 51.21172193212572 ], [ -4.111593, 51.209419499000035 ], [ -4.11009221009096, 51.20970248977931 ], [ -4.109544873396771, 51.20958745499729 ], [ -4.108148394719424, 51.210069017981198 ], [ -4.096322102999977, 51.212298998000051 ], [ -4.085741757999926, 51.216876636000052 ], [ -4.076844499999936, 51.215690499000061 ], [ -4.07077662699993, 51.216179595000028 ], [ -4.053436205999958, 51.209622908000028 ], [ -4.046594321040039, 51.208846660337521 ], [ -4.042736411355918, 51.207589745970324 ], [ -4.038504754354629, 51.210393108817719 ], [ -4.035117300999957, 51.211333186000047 ], [ -4.026644390284726, 51.216097783799739 ], [ -4.010990500510616, 51.216958642028033 ], [ -4.00726930167344, 51.218115040130016 ], [ -3.995493591048806, 51.219065076742154 ], [ -3.988479852762794, 51.218222975510002 ], [ -3.964056167589167, 51.220206843982417 ], [ -3.958712499999933, 51.219897007000043 ], [ -3.950562535725344, 51.221302894420461 ], [ -3.950273751931832, 51.221326351530195 ], [ -3.950219703754717, 51.221362033717092 ], [ -3.949579269999958, 51.221472510000069 ], [ -3.939115269999945, 51.228097324000032 ], [ -3.935047065739276, 51.22923166779902 ], [ -3.922129749987448, 51.230785012518481 ], [ -3.904508484596319, 51.229354701796915 ], [ -3.89314613199997, 51.22413040400005 ], [ -3.887733219401428, 51.225999927420922 ], [ -3.8802994133498, 51.228467269904648 ], [ -3.872031, 51.227432499000031 ], [ -3.871462802999929, 51.230989368000053 ], [ -3.861836775999961, 51.23102418700006 ], [ -3.85431532228842, 51.233474055073472 ], [ -3.840528932227498, 51.235103426785791 ], [ -3.835644438491853, 51.23346843074853 ], [ -3.829784155314144, 51.231068372707512 ], [ -3.816734953100743, 51.232142598951128 ], [ -3.809057297999971, 51.232083617000058 ], [ -3.807776703660678, 51.232880052972305 ], [ -3.805903554105271, 51.233034252928576 ], [ -3.802287840856679, 51.236293723991857 ], [ -3.789204806350235, 51.244430414110973 ], [ -3.785706205850082, 51.245493254316834 ], [ -3.768995981999979, 51.237648830000069 ], [ -3.767019844093246, 51.237535017285261 ], [ -3.766271829980496, 51.23719465700816 ], [ -3.752078215067095, 51.236674476450872 ], [ -3.728901358999963, 51.235339640000063 ], [ -3.720778499999938, 51.233093499000063 ], [ -3.717440482219742, 51.232595823408154 ], [ -3.715988874586628, 51.232151508085849 ], [ -3.714456801727108, 51.232150977079286 ], [ -3.686042638999936, 51.227914620000035 ], [ -3.667504466182333, 51.226348043376014 ], [ -3.641668319736766, 51.223243951647305 ], [ -3.631556246384886, 51.222841649937884 ], [ -3.620024014999956, 51.217100556000048 ], [ -3.618798412511219, 51.217351722760732 ], [ -3.618594527315111, 51.217245102179959 ], [ -3.617842573259888, 51.217547606051347 ], [ -3.59232185999997, 51.222777650000069 ], [ -3.590370271197587, 51.224008165824301 ], [ -3.58938074132783, 51.224143862749372 ], [ -3.579356211875796, 51.230952750804455 ], [ -3.578146747999938, 51.23171534200003 ], [ -3.555144686999938, 51.233020134000071 ], [ -3.536979877999954, 51.231279561000065 ], [ -3.505132032999938, 51.223433973000056 ], [ -3.496706668999934, 51.22352972200008 ], [ -3.487774892287441, 51.220366141183696 ], [ -3.48279774052058, 51.217854627015278 ], [ -3.467814, 51.207402499000068 ], [ -3.467289574374899, 51.207445315500316 ], [ -3.466901540373215, 51.207062244127371 ], [ -3.450190243026833, 51.208661229625179 ], [ -3.442104596050819, 51.205170734930626 ], [ -3.439219178603535, 51.202883167264375 ], [ -3.433232430999965, 51.196308551000072 ], [ -3.424271499999975, 51.190814999000054 ], [ -3.42287496492934, 51.190237627857691 ], [ -3.417089793788931, 51.187220259079197 ], [ -3.41518949999994, 51.185535499000082 ], [ -3.411844499999972, 51.183929499000044 ], [ -3.41016520163945, 51.183608603062709 ], [ -3.410029530238262, 51.183537840998781 ], [ -3.409630083947786, 51.183506347801057 ], [ -3.408744655999953, 51.183337152000036 ], [ -3.405256, 51.182670499000039 ], [ -3.397740803578057, 51.182568971571968 ], [ -3.396583318465048, 51.182477712976265 ], [ -3.395813184669862, 51.182542930178094 ], [ -3.393116499999962, 51.182506499000056 ], [ -3.383807, 51.183028999000044 ], [ -3.379392442148827, 51.183933487099367 ], [ -3.371683492199777, 51.184586303724053 ], [ -3.364574, 51.184200499000042 ], [ -3.352664499999946, 51.181545499000038 ], [ -3.35023549999994, 51.181514499000059 ], [ -3.348074934172332, 51.18172705519774 ], [ -3.346277833254817, 51.181424617652283 ], [ -3.325086541337964, 51.182539346232254 ], [ -3.31764089056801, 51.180672393271557 ], [ -3.313779234823357, 51.178879857319487 ], [ -3.303766242716824, 51.181039079272367 ], [ -3.297498926912782, 51.182019618230044 ], [ -3.288253567644315, 51.181299453171079 ], [ -3.284145, 51.180614499000058 ], [ -3.282367499999964, 51.180156499000077 ], [ -3.28016649999995, 51.180488499000035 ], [ -3.277682499999969, 51.179546499000026 ], [ -3.274718, 51.180064999000081 ], [ -3.268963, 51.182075499000064 ], [ -3.264076322908426, 51.184711108259762 ], [ -3.25715136544278, 51.187491059265483 ], [ -3.253305432874478, 51.187513815227952 ], [ -3.250280499999974, 51.187335999000027 ], [ -3.247074850999979, 51.187986555000066 ], [ -3.244397, 51.188529999000082 ], [ -3.241896567466058, 51.189403165916687 ], [ -3.234350311389471, 51.191015927315775 ], [ -3.233130499999959, 51.190986499000076 ], [ -3.228966499999956, 51.191814499000031 ], [ -3.216452097999934, 51.194446913000036 ], [ -3.201174955999932, 51.201465256000063 ], [ -3.197767207321273, 51.201777401877862 ], [ -3.18207454640276, 51.200216650578284 ], [ -3.180919845048459, 51.20040625825424 ], [ -3.179787347999934, 51.200170245000038 ], [ -3.164034140999945, 51.203025742000079 ], [ -3.154088374999958, 51.208515442000078 ], [ -3.149429749141887, 51.208959365722592 ], [ -3.130438088793818, 51.210732180569977 ], [ -3.114939404999973, 51.207265239000037 ], [ -3.099768852999944, 51.208076590000076 ], [ -3.090435104222485, 51.205479752448191 ], [ -3.078009605558407, 51.201259613241007 ], [ -3.056452632182982, 51.202856421587001 ], [ -3.053331851583437, 51.206207275745442 ], [ -3.030974745987294, 51.217235803189965 ], [ -3.026119351226555, 51.21023082729107 ], [ -3.028851852874229, 51.201956691000795 ], [ -3.03235381099995, 51.195214538000073 ], [ -3.04492135299995, 51.194212243000038 ], [ -3.056045610999945, 51.186578310000073 ], [ -3.059418225999934, 51.178698513000029 ], [ -3.055166499999928, 51.172757499000056 ], [ -3.043181706999974, 51.164093868000066 ], [ -3.036162693999927, 51.162643153000033 ], [ -3.030007498999964, 51.165628687000037 ], [ -3.027713112999947, 51.174412335000056 ], [ -3.01789946599996, 51.175380758000074 ], [ -3.011171372999968, 51.172876484000028 ], [ -3.00788976299998, 51.171654982000064 ], [ -3.004215857999952, 51.167078581000055 ], [ -3.004871553999976, 51.163142399000037 ], [ -3.000637499999925, 51.161185999000054 ], [ -3.002073, 51.167388999000082 ], [ -3.009052514999951, 51.173928255000078 ], [ -3.011171372999968, 51.174758361000045 ], [ -3.022808100999953, 51.177116518000048 ], [ -3.029022217999966, 51.175465791000079 ], [ -3.031877571999928, 51.166815476000068 ], [ -3.038300201999959, 51.16452742000007 ], [ -3.053735787999926, 51.175421871000026 ], [ -3.055795991999958, 51.17916788000008 ], [ -3.050876163999931, 51.186841493000031 ], [ -3.033714059999966, 51.18931516400005 ], [ -3.032869024369035, 51.18979251738439 ], [ -3.032963037314005, 51.189507842013597 ], [ -3.029434005355461, 51.191732930180457 ], [ -3.026295244999972, 51.193505989000073 ], [ -3.026063603853735, 51.193858000337691 ], [ -3.0230479236223, 51.195759415365046 ], [ -3.01649535336792, 51.208398304195221 ], [ -3.011171372999968, 51.216488842000047 ], [ -3.00384295799995, 51.222390435000079 ], [ -3.003620337130545, 51.225135147148457 ], [ -2.999808907754584, 51.232555270409705 ], [ -2.99985450935838, 51.235576896326002 ], [ -2.999351, 51.236968999000055 ], [ -2.999928009088639, 51.240447091040721 ], [ -2.999969959245732, 51.243226767001886 ], [ -3.016392468124945, 51.25987916796641 ], [ -3.018351286172467, 51.265449464212949 ], [ -3.019749641132705, 51.27111673385042 ], [ -3.013698577926448, 51.288944244781362 ], [ -3.010977029765854, 51.305384874312892 ], [ -3.01100230251393, 51.321261644209756 ], [ -3.005617541771529, 51.324497454294054 ], [ -2.992948, 51.320319999000048 ], [ -2.99185, 51.32122799900003 ], [ -2.988007, 51.329093999000065 ], [ -2.98792182163223, 51.329359179229442 ], [ -2.983159780299218, 51.336996436336563 ], [ -2.982151627694975, 51.347241639890001 ], [ -2.982925263761383, 51.347651597293755 ], [ -2.983349499999974, 51.350726999000074 ], [ -2.993141894999951, 51.354366086000027 ], [ -2.993145446257027, 51.355504612047568 ], [ -2.992382350141083, 51.357587268579131 ], [ -2.968351, 51.363311999000075 ], [ -2.968293534651332, 51.363381017034094 ], [ -2.967647433681577, 51.363496542331688 ], [ -2.965019826926596, 51.367312862508655 ], [ -2.964240411999981, 51.368248969000035 ], [ -2.964205973322655, 51.36849489856634 ], [ -2.963093757870126, 51.370110273570447 ], [ -2.961887717543675, 51.381817460007767 ], [ -2.968243480052251, 51.385516047827593 ], [ -2.96608870523938, 51.391189506106805 ], [ -2.959792845112712, 51.392853744536154 ], [ -2.957563162009933, 51.392864942463405 ], [ -2.94073725707243, 51.39780172743513 ], [ -2.937769590999949, 51.397444773000075 ], [ -2.937003499999946, 51.394398499000033 ], [ -2.934806499999979, 51.395152999000061 ], [ -2.931878, 51.394351999000037 ], [ -2.919045499999925, 51.395866499000078 ], [ -2.913409499999943, 51.395264999000062 ], [ -2.904586481360343, 51.402011732761494 ], [ -2.895316243049649, 51.408033251633526 ], [ -2.89304057391049, 51.410840589049826 ], [ -2.887505, 51.415073499000073 ], [ -2.882614229999945, 51.425456505000056 ], [ -2.877065499999958, 51.428528499000038 ], [ -2.877872587999946, 51.432026478000068 ], [ -2.863465, 51.439902499000027 ], [ -2.852088421046207, 51.453012997816714 ], [ -2.851267568237469, 51.453828160325052 ], [ -2.845847, 51.456859999000073 ], [ -2.829801499999974, 51.465587499000037 ], [ -2.823884499999963, 51.467040999000062 ], [ -2.819484, 51.470523999000079 ], [ -2.817382499999951, 51.473304499000051 ], [ -2.816136410798022, 51.474405308901538 ], [ -2.81538940634828, 51.475000232342516 ], [ -2.810242499999958, 51.477763999000047 ], [ -2.809304499999939, 51.479282499000078 ], [ -2.802965, 51.48270799900007 ], [ -2.800303, 51.484973999000033 ], [ -2.797451499999966, 51.486011499000028 ], [ -2.795044, 51.485732999000049 ], [ -2.783147499999927, 51.487675999000032 ], [ -2.771030939999946, 51.494700616000046 ], [ -2.769579019022436, 51.494731760222777 ], [ -2.757829919076934, 51.493512603206113 ], [ -2.756841, 51.492540499000029 ], [ -2.751224, 51.492957999000055 ], [ -2.743577330999926, 51.49356909200003 ], [ -2.734617323999942, 51.494285133000062 ], [ -2.731541057054421, 51.496457645369382 ], [ -2.723468897438479, 51.500922180682736 ], [ -2.720197749999954, 51.501350737000053 ], [ -2.701308453999957, 51.493176247000065 ], [ -2.68990249999996, 51.485549499000058 ], [ -2.684721365999962, 51.482420496000032 ], [ -2.679612, 51.480212999000059 ], [ -2.680095614999971, 51.481426757000065 ], [ -2.684721365999962, 51.484008088000053 ], [ -2.696363211999937, 51.49299565900003 ], [ -2.70793656099994, 51.498096636000071 ], [ -2.714340339999978, 51.506227273000036 ], [ -2.694597369170284, 51.524626916757455 ], [ -2.689679979946789, 51.528040051707308 ], [ -2.682909902008717, 51.535591294138165 ], [ -2.673813499999937, 51.544430999000042 ], [ -2.671064, 51.547721999000032 ], [ -2.668551499999978, 51.552722999000082 ], [ -2.667268499999977, 51.556892499000071 ], [ -2.667184, 51.562873999000033 ], [ -2.666086, 51.566543499000034 ], [ -2.666690499999959, 51.568588499000043 ], [ -2.66535, 51.56934749900006 ], [ -2.66388, 51.573158499000044 ], [ -2.65953849999994, 51.575202999000055 ], [ -2.657324, 51.575183999000046 ], [ -2.653013951074154, 51.579223509755785 ], [ -2.635823130432698, 51.591571449862784 ], [ -2.62730085884715, 51.604843139199602 ], [ -2.596933841623127, 51.618060946555659 ], [ -2.587215743265943, 51.626545050705353 ], [ -2.584762902999955, 51.628298891000043 ], [ -2.584365249459049, 51.629033591718922 ], [ -2.584125637687691, 51.629242777832189 ], [ -2.582104062373734, 51.633211338441143 ], [ -2.575547422999932, 51.64532532000004 ], [ -2.57476507399997, 51.646770487000026 ], [ -2.572882304999951, 51.650248175000058 ], [ -2.558126260999927, 51.666318742000044 ], [ -2.534685499999966, 51.677270499000031 ], [ -2.510790641999961, 51.685278787000072 ], [ -2.505669398385999, 51.688902886703957 ], [ -2.500000000299451, 51.69145476802322 ], [ -2.49492286695536, 51.696507778076317 ], [ -2.489302453999926, 51.700485120000053 ], [ -2.486671440711853, 51.708383599626117 ], [ -2.484751700929735, 51.712480068500611 ], [ -2.484620670394913, 51.714540150655154 ], [ -2.48105067399996, 51.72525752100006 ], [ -2.471893208999973, 51.726385600000071 ], [ -2.450492605007452, 51.739266395908793 ], [ -2.430824041495896, 51.736640929935163 ], [ -2.415407818542584, 51.74532069777279 ], [ -2.410179379149175, 51.74806181142808 ], [ -2.397160649244256, 51.751613855095513 ], [ -2.385651814035258, 51.757394629481553 ], [ -2.383, 51.75839699900007 ], [ -2.382746235226384, 51.758854073052504 ], [ -2.380190968338127, 51.760137558401709 ], [ -2.378633022395547, 51.766828178977505 ], [ -2.383327394360533, 51.774229335720548 ], [ -2.383636890999981, 51.774911787000065 ], [ -2.411612350999974, 51.785136220000027 ], [ -2.416593687074958, 51.78576170453529 ], [ -2.417201041894259, 51.785963058648292 ], [ -2.421802132281456, 51.786415706168668 ], [ -2.441684404999933, 51.788912236000044 ], [ -2.445018991153505, 51.792026484245319 ], [ -2.445724871190535, 51.795933707272397 ], [ -2.445175517999928, 51.79820525000008 ], [ -2.438697763834891, 51.805154947335772 ], [ -2.432970550108738, 51.811105643865226 ], [ -2.427594799907093, 51.813116629405201 ], [ -2.423525087987368, 51.813474298011045 ], [ -2.419368170206129, 51.810481540157468 ], [ -2.417705655091595, 51.807959556788546 ], [ -2.415160406034286, 51.80745217562972 ], [ -2.411522454999954, 51.804833046000056 ], [ -2.389283423999927, 51.799035537000066 ], [ -2.376161928999977, 51.793317337000076 ], [ -2.36757659899996, 51.792095728000049 ], [ -2.35704267999995, 51.79368934200005 ], [ -2.354169499999955, 51.794123999000078 ], [ -2.346639023999955, 51.798875164000037 ], [ -2.345811492999928, 51.802799902000061 ], [ -2.348144435999927, 51.806182870000043 ], [ -2.35704267999995, 51.810634228000026 ], [ -2.35905078899998, 51.811638726000069 ], [ -2.361492201999965, 51.822950819000027 ], [ -2.359051737999948, 51.826571716000046 ], [ -2.35704267999995, 51.827184697000064 ], [ -2.349551959999928, 51.829470104000052 ], [ -2.355661054999928, 51.835937447000049 ], [ -2.351400189999936, 51.845700316000034 ], [ -2.333008812999935, 51.850003119000064 ], [ -2.322488229999976, 51.847511553000061 ], [ -2.307929322999939, 51.846265239000047 ], [ -2.304662783999959, 51.843737285000032 ], [ -2.302133025999979, 51.835372999000072 ], [ -2.298445499999957, 51.832360999000059 ], [ -2.298227, 51.832601999000076 ], [ -2.301387988999977, 51.83599891800003 ], [ -2.304111172999967, 51.844971476000069 ], [ -2.307027603999927, 51.847031127000037 ], [ -2.322094428999947, 51.84805076400005 ], [ -2.333039252999924, 51.850639767000075 ], [ -2.351845499999968, 51.846518999000068 ], [ -2.356613076999963, 51.836153391000039 ], [ -2.351378316999956, 51.83007434700005 ], [ -2.35704267999995, 51.828174599000079 ], [ -2.360311900999932, 51.827078112000038 ], [ -2.36303294399994, 51.82245714000004 ], [ -2.361451036999938, 51.808132298000032 ], [ -2.35704267999995, 51.806282595000027 ], [ -2.348255663999964, 51.802595423000071 ], [ -2.351118480999958, 51.79791878900005 ], [ -2.35704267999995, 51.796069614000032 ], [ -2.361613592999959, 51.794642802000055 ], [ -2.370242644999962, 51.794915120000041 ], [ -2.401519683999936, 51.804590673000064 ], [ -2.414475897999978, 51.816829895000069 ], [ -2.415785887118527, 51.817110404742742 ], [ -2.416617512288042, 51.817904114283749 ], [ -2.419184818554971, 51.817838222530774 ], [ -2.42465611199998, 51.819009798000081 ], [ -2.427827225893838, 51.817616408960326 ], [ -2.429232477996209, 51.81758034215926 ], [ -2.433413947232201, 51.81516160079461 ], [ -2.441334624999968, 51.811681251000039 ], [ -2.442858093508004, 51.809698701042898 ], [ -2.443772911990038, 51.809169530749216 ], [ -2.452986240622181, 51.796816944946272 ], [ -2.448965971664904, 51.78689921551652 ], [ -2.448422, 51.784919499000068 ], [ -2.448109229955631, 51.78478569212939 ], [ -2.448076248019959, 51.784704327942677 ], [ -2.447455514479929, 51.784506024611048 ], [ -2.442306, 51.78230299900008 ], [ -2.437127525438709, 51.781206582090483 ], [ -2.436654448843456, 51.781055450149154 ], [ -2.436478570940196, 51.781069181650011 ], [ -2.436251, 51.781020999000077 ], [ -2.435615663307173, 51.781136552346844 ], [ -2.426397676823359, 51.781856237918092 ], [ -2.423648499999956, 51.781646499000033 ], [ -2.42119012193619, 51.781352307066307 ], [ -2.405103420420015, 51.777037818572516 ], [ -2.404992955702002, 51.776760744575512 ], [ -2.406783826809557, 51.770855417427498 ], [ -2.410979499999939, 51.768420999000057 ], [ -2.421514, 51.765212999000028 ], [ -2.424268, 51.764823999000043 ], [ -2.427451, 51.763526999000078 ], [ -2.430186, 51.761604499000043 ], [ -2.437462, 51.759170499000049 ], [ -2.453984, 51.750121999000044 ], [ -2.459822499999973, 51.747722499000076 ], [ -2.465092499999969, 51.74652499900003 ], [ -2.471311499999956, 51.744186499000079 ], [ -2.477267499999925, 51.739661999000077 ], [ -2.477333, 51.739513499000054 ], [ -2.478819499999929, 51.734992999000042 ], [ -2.486323, 51.732505999000068 ], [ -2.489948, 51.731174499000076 ], [ -2.493399499999953, 51.729026999000041 ], [ -2.495501346459812, 51.727046418374329 ], [ -2.495551108996096, 51.727024078198895 ], [ -2.495577468872454, 51.726974687837135 ], [ -2.4971, 51.725539999000034 ], [ -2.500825, 51.718444999000042 ], [ -2.501290612989941, 51.716269999737996 ], [ -2.50152351966896, 51.715833603717897 ], [ -2.506082499999934, 51.710128999000062 ], [ -2.508352499999944, 51.709804499000029 ], [ -2.509739045500905, 51.709147771279376 ], [ -2.513413794120757, 51.708550637538785 ], [ -2.515594499999963, 51.708514999000045 ], [ -2.519489, 51.707481499000039 ], [ -2.527095499999973, 51.702472499000066 ], [ -2.530172, 51.702090999000063 ], [ -2.534375499999953, 51.700729499000033 ], [ -2.538473, 51.700439499000026 ], [ -2.54445549999997, 51.698924999000042 ], [ -2.547519499999964, 51.697185499000057 ], [ -2.553586499999938, 51.692218999000033 ], [ -2.558906, 51.692321999000058 ], [ -2.56493709074716, 51.689297555587608 ], [ -2.567550691781989, 51.688727480616187 ], [ -2.570820499999968, 51.68838499900005 ], [ -2.572672075765729, 51.687610411565011 ], [ -2.573650479285845, 51.687397003569174 ], [ -2.573738160299576, 51.68716442620493 ], [ -2.575547422999932, 51.686407540000062 ], [ -2.608466, 51.672633999000027 ], [ -2.62433299199995, 51.661111625000046 ], [ -2.624356088462309, 51.660952429604023 ], [ -2.624626159968955, 51.660770058991091 ], [ -2.624478660496359, 51.660107585783422 ], [ -2.625568992999945, 51.652592326000047 ], [ -2.645482110456307, 51.632915366757722 ], [ -2.646097302048531, 51.632349252915958 ], [ -2.646150131882066, 51.632255267685011 ], [ -2.64814512099997, 51.630283938000048 ], [ -2.649177246892866, 51.626869975240261 ], [ -2.650742530643015, 51.624085307091377 ], [ -2.650310157344348, 51.623122647401509 ], [ -2.650441357999966, 51.622688675000063 ], [ -2.648009576999925, 51.615178133000029 ], [ -2.652317664999941, 51.61088225900005 ], [ -2.657563823999965, 51.613573599000063 ], [ -2.656214860999967, 51.622743257000081 ], [ -2.666053102999967, 51.633176518000027 ], [ -2.666091, 51.639396499000043 ], [ -2.669642499999952, 51.634551999000053 ], [ -2.66545549999995, 51.628745999000046 ], [ -2.658567881999943, 51.622633772000029 ], [ -2.665412559999936, 51.613078792000067 ], [ -2.667171, 51.61096199900004 ], [ -2.669242711198814, 51.609148763805877 ], [ -2.677445650496111, 51.60709083097737 ], [ -2.678419778910106, 51.606588586287799 ], [ -2.684721365999962, 51.604069954000067 ], [ -2.692837499999939, 51.600654499000029 ], [ -2.712441423999962, 51.582892986000047 ], [ -2.724984, 51.58200049900006 ], [ -2.743577330999926, 51.58031064000005 ], [ -2.748233, 51.579887499000051 ], [ -2.754902499999957, 51.57901399900004 ], [ -2.758478, 51.578006499000026 ], [ -2.764780499999972, 51.575019999000062 ], [ -2.77282, 51.573199999000053 ], [ -2.790724499999953, 51.566772499000081 ], [ -2.82162349999993, 51.554076999000074 ], [ -2.823471, 51.553962499000079 ], [ -2.833945, 51.549541499000043 ], [ -2.836108499999966, 51.549308999000061 ], [ -2.842842, 51.546848499000077 ], [ -2.844673499999942, 51.545753499000057 ], [ -2.849329, 51.544627999000056 ], [ -2.856371190381485, 51.543521086438126 ], [ -2.863981634387705, 51.54252190633833 ], [ -2.86945, 51.542487999000059 ], [ -2.880242, 51.538959499000043 ], [ -2.88439, 51.538943999000026 ], [ -2.890652, 51.535976499000071 ], [ -2.893891, 51.536243499000079 ], [ -2.899318499999936, 51.535602499000049 ], [ -2.902760499999943, 51.53459949900008 ], [ -2.904067014999953, 51.533830949000048 ], [ -2.90576531499994, 51.532552233000047 ], [ -2.911232111999936, 51.533830949000048 ], [ -2.92405636999996, 51.536246384000037 ], [ -2.945219001899298, 51.535213532613952 ], [ -2.948994942122779, 51.535191962857546 ], [ -2.959622798999931, 51.53647852000006 ], [ -2.980745984999942, 51.544869520000077 ], [ -2.979544481999937, 51.548061639000082 ], [ -2.967216144999952, 51.553082847000042 ], [ -2.965376784999933, 51.556271926000079 ], [ -2.969184813999959, 51.561445825000078 ], [ -2.983204953999973, 51.56852222100008 ], [ -2.982917354999927, 51.571022683000081 ], [ -2.973514924999961, 51.576298575000067 ], [ -2.974976492999929, 51.579297877000045 ], [ -2.980765499999961, 51.581699499000081 ], [ -2.983960499999966, 51.584731999000041 ], [ -2.989589, 51.587306999000077 ], [ -2.993128, 51.590667499000062 ], [ -2.988659741999925, 51.598154385000043 ], [ -2.992427499999962, 51.607604999000046 ], [ -2.991635499999973, 51.604453999000043 ], [ -2.990506796999966, 51.597304360000066 ], [ -2.994982, 51.591285499000037 ], [ -2.993903499999931, 51.588821499000062 ], [ -2.991531, 51.586925499000074 ], [ -2.985272, 51.583743999000035 ], [ -2.977107401999945, 51.576707895000027 ], [ -2.984952638999971, 51.573117567000054 ], [ -2.986082758999942, 51.567991628000073 ], [ -2.970094507999931, 51.557027765000043 ], [ -2.973457009999947, 51.554514242000039 ], [ -2.990582, 51.549892499000066 ], [ -2.990720081999939, 51.545539740000038 ], [ -2.999393851999969, 51.533830949000048 ], [ -3.011171372999968, 51.528434770000047 ], [ -3.029831229999957, 51.519883961000062 ], [ -3.042615871999942, 51.51857040200008 ], [ -3.047258087999978, 51.513799714000072 ], [ -3.052356048358106, 51.511642810973193 ], [ -3.053115605999892, 51.511410236293727 ], [ -3.069868600490754, 51.504359416265537 ], [ -3.076539080999964, 51.504652144000033 ], [ -3.082688, 51.501907499000026 ], [ -3.096213764999959, 51.49568832500006 ], [ -3.104400869145747, 51.493429135415518 ], [ -3.109686651078231, 51.492146459150504 ], [ -3.113943, 51.49281299900008 ], [ -3.12267, 51.490440499000044 ], [ -3.13143249034588, 51.475552819146216 ], [ -3.132905052074932, 51.474296506846549 ], [ -3.140219, 51.472930999000027 ], [ -3.137069335714116, 51.467098216912497 ], [ -3.136992608059052, 51.466347555669579 ], [ -3.156819478999978, 51.451962600000059 ], [ -3.158239021880972, 51.452610801828399 ], [ -3.16209873122206, 51.455274436820403 ], [ -3.162449079999931, 51.462425894000035 ], [ -3.164976212999932, 51.462616362000063 ], [ -3.170822395999949, 51.458285071000034 ], [ -3.176825945999951, 51.459961294000038 ], [ -3.175834, 51.463077499000065 ], [ -3.179548873999977, 51.459370885000055 ], [ -3.178929171989994, 51.457531925375122 ], [ -3.179652809729077, 51.457485914243762 ], [ -3.17811524871945, 51.448922753182785 ], [ -3.175846779680616, 51.448084876747203 ], [ -3.186994499999969, 51.448055499000077 ], [ -3.168711240290214, 51.445449310553407 ], [ -3.167277022220369, 51.444919571110802 ], [ -3.166223570772866, 51.443198983554922 ], [ -3.169890788015872, 51.429300383869922 ], [ -3.170820499999934, 51.427158499000029 ], [ -3.171120499999972, 51.419913999000073 ], [ -3.171520395999949, 51.406012666000038 ], [ -3.191113852999933, 51.400220478000051 ], [ -3.206629398999951, 51.40056772500003 ], [ -3.224292114999969, 51.403417620000027 ], [ -3.238942499999951, 51.39725499900004 ], [ -3.261135499999966, 51.393638499000076 ], [ -3.263018551263045, 51.391587830874499 ], [ -3.281127110191906, 51.38943316512767 ], [ -3.280287312999974, 51.392164495000031 ], [ -3.28341121099993, 51.39326346200005 ], [ -3.288211776999958, 51.391111759000069 ], [ -3.289310785972878, 51.388629707620098 ], [ -3.303231523223293, 51.390922127276632 ], [ -3.307597203999933, 51.392341504000058 ], [ -3.308865814100062, 51.391849963132181 ], [ -3.310375333254569, 51.392098545611645 ], [ -3.321924364500386, 51.387232161892641 ], [ -3.342070626999941, 51.381412437000051 ], [ -3.345993849999957, 51.381949692000035 ], [ -3.359948743999951, 51.38386065800006 ], [ -3.396184499999947, 51.382720999000071 ], [ -3.403633887365368, 51.381909136884694 ], [ -3.40669367346835, 51.383887399206834 ], [ -3.408744655999953, 51.385896398000057 ], [ -3.410325499999942, 51.386825499000054 ], [ -3.414951, 51.387778999000034 ], [ -3.422845, 51.388419999000064 ], [ -3.425027662355359, 51.387952338829749 ], [ -3.429623578430967, 51.387808341404352 ], [ -3.435548499999925, 51.388629999000045 ], [ -3.449676005999947, 51.388166521000073 ], [ -3.470863449999968, 51.393015546000072 ], [ -3.473086799392079, 51.392863279641311 ], [ -3.48619409580624, 51.393809045557369 ], [ -3.521110289999967, 51.399966057000029 ], [ -3.540043887999957, 51.397797630000071 ], [ -3.557518623999954, 51.401241800000037 ], [ -3.567584848999957, 51.412610702000052 ], [ -3.576809021290117, 51.418773996358311 ], [ -3.579286421645701, 51.422511464559996 ], [ -3.581244499999968, 51.425842499000055 ], [ -3.591094689242118, 51.434871803258069 ], [ -3.596758127385101, 51.44016444643222 ], [ -3.597011885680319, 51.440295878438917 ], [ -3.598059268999975, 51.441255976000036 ], [ -3.599168067019638, 51.441412654700308 ], [ -3.606333815591423, 51.445124094806999 ], [ -3.607878694999954, 51.446899502000065 ], [ -3.618084884715013, 51.4512104637055 ], [ -3.62017250026031, 51.452291726881924 ], [ -3.621594813089645, 51.452693011770386 ], [ -3.634335846717231, 51.45807465855431 ], [ -3.63563205452026, 51.459004134177427 ], [ -3.641650266999932, 51.464305506000073 ], [ -3.637855499999944, 51.469840999000041 ], [ -3.641025499999955, 51.471267499000078 ], [ -3.64261477025835, 51.472354662313769 ], [ -3.64932060246349, 51.477197170313445 ], [ -3.649786866478375, 51.477260838498417 ], [ -3.650394499999948, 51.47767649900004 ], [ -3.652874499999939, 51.478049999000064 ], [ -3.658833499999957, 51.479984499000068 ], [ -3.666647, 51.480674499000031 ], [ -3.674381540999946, 51.478953580000052 ], [ -3.676066036734249, 51.477555467994769 ], [ -3.684346914577873, 51.476310848866774 ], [ -3.685183170768672, 51.476422401415853 ], [ -3.687433499999941, 51.477069999000037 ], [ -3.696834863368215, 51.477976681102994 ], [ -3.698608755689179, 51.478213309796899 ], [ -3.699227072854452, 51.476318812688653 ], [ -3.701700028999937, 51.474046613000041 ], [ -3.716279499999928, 51.479423499000063 ], [ -3.72026410899997, 51.480258481000078 ], [ -3.725504152999974, 51.489556248000042 ], [ -3.736254, 51.499221999000042 ], [ -3.743222273999947, 51.500842544000079 ], [ -3.74493099330832, 51.502714252114686 ], [ -3.747256513418626, 51.505700194134967 ], [ -3.761535, 51.536399999000082 ], [ -3.763202878382711, 51.53849650110714 ], [ -3.764410138017126, 51.541540980032494 ], [ -3.767462180497139, 51.543850390185661 ], [ -3.781447886999956, 51.561430247000033 ], [ -3.785157998859314, 51.564793058457532 ], [ -3.789093375158814, 51.569634914020185 ], [ -3.799534637768001, 51.576012602176029 ], [ -3.801537413999938, 51.579824918000043 ], [ -3.806671781728921, 51.581271145751799 ], [ -3.805522442106621, 51.584103345593007 ], [ -3.809828627674806, 51.587292469553127 ], [ -3.809819162999929, 51.587793826000052 ], [ -3.817547499999932, 51.593314999000029 ], [ -3.819329144495176, 51.594328470520949 ], [ -3.822605014009866, 51.596754551281776 ], [ -3.840191199327482, 51.606841349068034 ], [ -3.845317679547566, 51.610770025872739 ], [ -3.848078428692681, 51.615591938130571 ], [ -3.837812, 51.621574499000076 ], [ -3.832166328999961, 51.625689469000065 ], [ -3.83131, 51.633018499000059 ], [ -3.83641408699998, 51.624300521000066 ], [ -3.850057516999925, 51.618914947000064 ], [ -3.88623, 51.617385999000078 ], [ -3.888338726333905, 51.617515397750644 ], [ -3.893422007119398, 51.618333101191865 ], [ -3.894133276293433, 51.617852427162916 ], [ -3.903772148999963, 51.613078792000067 ], [ -3.915762054999959, 51.610498242000062 ], [ -3.919921010040147, 51.609603087771966 ], [ -3.921577874379645, 51.609979475075697 ], [ -3.92580619599994, 51.611852616000078 ], [ -3.926172015999953, 51.613078792000067 ], [ -3.926906395999936, 51.615540228000043 ], [ -3.933616499999971, 51.620048499000063 ], [ -3.934188572999972, 51.618765565000047 ], [ -3.92973905599996, 51.615149030000055 ], [ -3.929406547999974, 51.613373028000069 ], [ -3.939871008999944, 51.613716835000048 ], [ -3.946607124999957, 51.613078792000067 ], [ -3.961422, 51.611675499000057 ], [ -3.961834247034277, 51.611568428663354 ], [ -3.966464042581038, 51.611199617568502 ], [ -3.983134150320438, 51.605140924514274 ], [ -3.986172325880458, 51.602541295764929 ], [ -3.992355499999974, 51.598834999000076 ], [ -3.994955847929178, 51.595025635136601 ], [ -3.997632146206172, 51.592735648331939 ], [ -3.997813192569808, 51.590561179813967 ], [ -3.99947549999996, 51.587131499000066 ], [ -4.000565499999936, 51.580234499000028 ], [ -3.99954, 51.578761999000051 ], [ -3.997882499999946, 51.575660499000037 ], [ -3.996019, 51.574405499000079 ], [ -3.994796780681336, 51.574016978951761 ], [ -3.993824601024187, 51.5731440785367 ], [ -3.986498412647945, 51.571379087126552 ], [ -3.985147, 51.570949499000051 ], [ -3.983245610999973, 51.570507963000068 ], [ -3.977942313999961, 51.568818528000065 ], [ -3.981057616999976, 51.565521301000047 ], [ -3.99202861699996, 51.563607151000042 ], [ -4.006081499999937, 51.567062499000031 ], [ -4.011504485999978, 51.567561729000033 ], [ -4.014678461811006, 51.564661572942533 ], [ -4.019170216425435, 51.564051908072024 ], [ -4.023579576999964, 51.563565283000059 ], [ -4.031431, 51.570045499000059 ], [ -4.056927, 51.564769499000079 ], [ -4.057813972410723, 51.56322819517483 ], [ -4.058478116571564, 51.563065409641467 ], [ -4.060829001410537, 51.558691361759621 ], [ -4.062971583566971, 51.558063259160136 ], [ -4.071923602463334, 51.560802593624551 ], [ -4.074420862999943, 51.561889314000041 ], [ -4.077825802999939, 51.561853709000047 ], [ -4.077926392709704, 51.561852657152656 ], [ -4.086560488818858, 51.562892520615357 ], [ -4.090257195999925, 51.564563789000033 ], [ -4.103727132243971, 51.566584482120469 ], [ -4.110571265151293, 51.573496460793194 ], [ -4.12168137049736, 51.568476045858922 ], [ -4.132306013999937, 51.569109265000066 ], [ -4.136060046106492, 51.568305282131085 ], [ -4.145072937066061, 51.568366050652742 ], [ -4.148359003005948, 51.565566948955798 ], [ -4.156659194999975, 51.560616648000064 ], [ -4.158401172857496, 51.557012934767819 ], [ -4.160440802200867, 51.555275559419727 ], [ -4.157641847224405, 51.553864875749468 ], [ -4.148730711875162, 51.547394119888637 ], [ -4.150484941453874, 51.543652781744434 ], [ -4.151989903999947, 51.542002330000059 ], [ -4.179869666999934, 51.547400413000048 ], [ -4.181859201999941, 51.547785602000033 ], [ -4.19555877099998, 51.547778249000032 ], [ -4.200508220648913, 51.546309525795962 ], [ -4.205495357324594, 51.546007275915315 ], [ -4.205622077142293, 51.544792015723758 ], [ -4.206585853999968, 51.544506020000028 ], [ -4.211294576999933, 51.538092729000027 ], [ -4.218718022999951, 51.541014105000045 ], [ -4.238669071999936, 51.542924542000037 ], [ -4.274669143875157, 51.556758352008906 ], [ -4.2804204229638, 51.560235738688618 ], [ -4.306876939647599, 51.564166815352273 ], [ -4.291014304999976, 51.570684874000051 ], [ -4.291079374539826, 51.572146276908867 ], [ -4.28875303292574, 51.573304772097913 ], [ -4.291908621784955, 51.590065837268867 ], [ -4.302266987881388, 51.604102574552705 ], [ -4.305127935971528, 51.608802046879731 ], [ -4.299152184297178, 51.613906047713492 ], [ -4.297475351999935, 51.614650881000046 ], [ -4.296113639800282, 51.614739287502303 ], [ -4.284036636481005, 51.613349437926331 ], [ -4.275722503990096, 51.616767525401258 ], [ -4.269615475527503, 51.62447212318262 ], [ -4.26205829099996, 51.626317252000035 ], [ -4.260847893009551, 51.62771471873311 ], [ -4.257197618275086, 51.628628730631704 ], [ -4.250205278750229, 51.636490225343834 ], [ -4.249095857801026, 51.641283047811619 ], [ -4.247124019051808, 51.643559637063134 ], [ -4.235689043713933, 51.640435457630474 ], [ -4.234417806313857, 51.636115731110785 ], [ -4.236101219999966, 51.630999730000042 ], [ -4.214930789999926, 51.629468432000067 ], [ -4.214578545287846, 51.630196932662685 ], [ -4.201838373941371, 51.626438141307403 ], [ -4.187377167461222, 51.627065312036677 ], [ -4.185882683999978, 51.626352655000062 ], [ -4.179869666999934, 51.625719840000045 ], [ -4.171526549999953, 51.624841789000072 ], [ -4.161443, 51.632140999000057 ], [ -4.156734614977378, 51.634182380118453 ], [ -4.152051417897818, 51.635334541084696 ], [ -4.140416779999953, 51.634910824000031 ], [ -4.138019813999961, 51.639464251000049 ], [ -4.130632591999927, 51.640653277000069 ], [ -4.113266733999978, 51.643641204000062 ], [ -4.116196909999928, 51.646011971000064 ], [ -4.116069230353186, 51.64615855773301 ], [ -4.108493860367362, 51.650830101004182 ], [ -4.091511, 51.656093499000065 ], [ -4.077825802999939, 51.657495212000072 ], [ -4.077825802999939, 51.659642251000037 ], [ -4.080018635232568, 51.661868012569286 ], [ -4.079750899899987, 51.662423385668042 ], [ -4.077825802999939, 51.663448911000046 ], [ -4.071181, 51.66698849900007 ], [ -4.06941, 51.672881999000026 ], [ -4.075425182999936, 51.678263955000034 ], [ -4.075788657999965, 51.683228610000072 ], [ -4.073888595999961, 51.684281891000069 ], [ -4.070934171999966, 51.681951197000046 ], [ -4.068763167999975, 51.682584768000027 ], [ -4.059312183999964, 51.697720697000079 ], [ -4.051674501999969, 51.700455298000065 ], [ -4.05255, 51.70328149900007 ], [ -4.065757499999961, 51.695987499000069 ], [ -4.068464971999958, 51.690509854000027 ], [ -4.077825802999939, 51.68886378500008 ], [ -4.079577918999973, 51.68826718400004 ], [ -4.082158, 51.684859999000082 ], [ -4.081879863999973, 51.676787770000033 ], [ -4.081467461770218, 51.664816128602951 ], [ -4.089365431990448, 51.662918075429985 ], [ -4.091599292999945, 51.663147308000077 ], [ -4.106025, 51.660678999000027 ], [ -4.130632591999927, 51.658614503000081 ], [ -4.13249551499996, 51.660297363000041 ], [ -4.135571499999969, 51.66009499900008 ], [ -4.146161192999955, 51.655657148000046 ], [ -4.152650025682277, 51.656364291809048 ], [ -4.152773199854749, 51.656430958016756 ], [ -4.177570137009353, 51.675931592125231 ], [ -4.181530952790979, 51.679687499678778 ], [ -4.183410776783421, 51.679972634035202 ], [ -4.18505879199995, 51.681040026000062 ], [ -4.198065122999935, 51.683700830000078 ], [ -4.215258030999962, 51.685030743000027 ], [ -4.216019900901378, 51.684918832007035 ], [ -4.216689824975106, 51.685020447036095 ], [ -4.217030051929041, 51.684770451024455 ], [ -4.224494499999935, 51.683673999000064 ], [ -4.228554655999972, 51.679469116000064 ], [ -4.254874078999933, 51.678513572000043 ], [ -4.25972668299994, 51.676787770000033 ], [ -4.262213, 51.675903499000071 ], [ -4.265102421999927, 51.675574374000064 ], [ -4.265100397698803, 51.675504395005966 ], [ -4.265677451752708, 51.675451039933989 ], [ -4.273885960809643, 51.670551668165118 ], [ -4.286217436523879, 51.668017941330959 ], [ -4.286546613553792, 51.668019712094974 ], [ -4.297938596697188, 51.669349975494391 ], [ -4.306542634734456, 51.671461462976481 ], [ -4.322974781285391, 51.678895786247558 ], [ -4.356469394008756, 51.70189771523544 ], [ -4.367550611670936, 51.711065173219311 ], [ -4.374629259132689, 51.721061229492364 ], [ -4.367641329883043, 51.728686332908239 ], [ -4.361300974024693, 51.729789164816509 ], [ -4.357959903999927, 51.729476335000072 ], [ -4.345750091999946, 51.730533904000026 ], [ -4.322940069999959, 51.724342279000041 ], [ -4.314496, 51.727138499000034 ], [ -4.32339434499994, 51.727771403000077 ], [ -4.322999874999937, 51.73419711400004 ], [ -4.325722499999927, 51.73572899900006 ], [ -4.363162649999936, 51.737848466000059 ], [ -4.37401155699996, 51.746345250000047 ], [ -4.375435492761183, 51.754271461201554 ], [ -4.37065999736708, 51.768622581122557 ], [ -4.364080928999954, 51.776091016000066 ], [ -4.364164684570278, 51.778125715876968 ], [ -4.362771749216563, 51.780074358145441 ], [ -4.364287032871072, 51.78109796084653 ], [ -4.364455385105575, 51.78518779355251 ], [ -4.349179253924172, 51.794173134896624 ], [ -4.343918934999976, 51.796447611000076 ], [ -4.33415387499997, 51.797056604000034 ], [ -4.327584609999974, 51.799423649000062 ], [ -4.323580298999957, 51.802976502000035 ], [ -4.319033499999932, 51.817416999000045 ], [ -4.327686678999953, 51.800913193000042 ], [ -4.332592214999977, 51.799093049000078 ], [ -4.340955239625282, 51.799010457567981 ], [ -4.3409044746615, 51.799040317257095 ], [ -4.340997078197026, 51.799010044379251 ], [ -4.343695129999958, 51.798983399000065 ], [ -4.367290177999962, 51.791966194000054 ], [ -4.369653788536842, 51.789641923749208 ], [ -4.370393514348791, 51.789400101133936 ], [ -4.37071062808208, 51.788602674398867 ], [ -4.371805157999972, 51.787526362000051 ], [ -4.373194910999928, 51.786159652000038 ], [ -4.376151656645207, 51.776549436629182 ], [ -4.382030963757586, 51.77381050545074 ], [ -4.386827960166591, 51.76695423300049 ], [ -4.389086727999938, 51.764958260000071 ], [ -4.397705115605221, 51.760770260503392 ], [ -4.40594514744496, 51.757464714534557 ], [ -4.414249532999975, 51.758854099000075 ], [ -4.423395201999938, 51.762954456000045 ], [ -4.428817178048425, 51.763339344134785 ], [ -4.438585778876863, 51.765883893667365 ], [ -4.447117234999951, 51.76959855900003 ], [ -4.439959176999935, 51.774724094000078 ], [ -4.438597400965509, 51.779019785159832 ], [ -4.438191652422461, 51.779452204455595 ], [ -4.442969918626318, 51.783465862559808 ], [ -4.443028709367289, 51.783416269835868 ], [ -4.444720373999928, 51.784985877000054 ], [ -4.450454263999973, 51.787526362000051 ], [ -4.455067, 51.789569999000037 ], [ -4.461027499999943, 51.790229999000076 ], [ -4.463998499999946, 51.789710999000079 ], [ -4.466582499999959, 51.788490499000034 ], [ -4.457888830999934, 51.787526362000051 ], [ -4.448882612999967, 51.780888365000067 ], [ -4.457838714833675, 51.770923341519165 ], [ -4.458637833568844, 51.770249247704839 ], [ -4.45857328012575, 51.770106026071026 ], [ -4.459320521999928, 51.769274606000067 ], [ -4.455484531999957, 51.763170496000043 ], [ -4.437323493875861, 51.754236384951938 ], [ -4.425982713531084, 51.748276233561512 ], [ -4.428851843137693, 51.741365671189044 ], [ -4.451764464458165, 51.734540342962703 ], [ -4.483826789302483, 51.733862691800937 ], [ -4.520810082962541, 51.737796836358172 ], [ -4.544768929442228, 51.74098205547773 ], [ -4.551445682254168, 51.741055736912536 ], [ -4.557663197999943, 51.741717133000066 ], [ -4.55943700558893, 51.741143925315775 ], [ -4.559946179672068, 51.741149544316215 ], [ -4.561930302852097, 51.740338213828601 ], [ -4.579361942999981, 51.734705162000068 ], [ -4.588439424552818, 51.735683153653767 ], [ -4.589629650087943, 51.735985755838158 ], [ -4.593302921535723, 51.736207138134418 ], [ -4.610208787999966, 51.738028546000066 ], [ -4.613243121535294, 51.737408902645043 ], [ -4.613307953298886, 51.737412809953526 ], [ -4.613504198634951, 51.737355587909505 ], [ -4.628424077999966, 51.734308789000067 ], [ -4.632853499999953, 51.735145499000055 ], [ -4.660939767999935, 51.731625013000041 ], [ -4.669736201999967, 51.728470318000063 ], [ -4.686414, 51.722488499000065 ], [ -4.69679283399995, 51.71207617500005 ], [ -4.695645499999955, 51.706916999000043 ], [ -4.695574494539644, 51.706849213811267 ], [ -4.695437669512444, 51.705800175937611 ], [ -4.690792717395624, 51.70228430197227 ], [ -4.68758225299996, 51.699219440000036 ], [ -4.685995599238094, 51.698653249936747 ], [ -4.683534568944117, 51.696790437980695 ], [ -4.696796078999967, 51.685657681000066 ], [ -4.69982123099993, 51.676787770000033 ], [ -4.700886631202454, 51.673663540585231 ], [ -4.700924634763624, 51.673581123670203 ], [ -4.709994883321189, 51.662328640679725 ], [ -4.714609755999959, 51.658012339000038 ], [ -4.715530813830125, 51.655460806408925 ], [ -4.715924858844744, 51.654971957090595 ], [ -4.732925413200694, 51.652393796363889 ], [ -4.753991477999932, 51.653692577000072 ], [ -4.759438238923219, 51.651631385785386 ], [ -4.760512232353221, 51.651624679535587 ], [ -4.760247490154372, 51.65079652039006 ], [ -4.760949905999951, 51.647897091000061 ], [ -4.758750864571172, 51.646114818079106 ], [ -4.758176577364317, 51.644318348892917 ], [ -4.77586724899993, 51.64216241500003 ], [ -4.775886216325005, 51.642058780479537 ], [ -4.77656042562279, 51.64201545674797 ], [ -4.778869936784864, 51.637684505501994 ], [ -4.782426231999978, 51.635294040000076 ], [ -4.789612597999962, 51.638336526000046 ], [ -4.791731421999941, 51.638437422000038 ], [ -4.805066393999937, 51.639072408000061 ], [ -4.804709608999929, 51.642377442000054 ], [ -4.807624551999936, 51.643943807000028 ], [ -4.814812099999926, 51.644576241000038 ], [ -4.815672121594308, 51.644412439678156 ], [ -4.826413035632811, 51.646504640377032 ], [ -4.827089517322801, 51.64637553013538 ], [ -4.831446328999959, 51.647716956000068 ], [ -4.845084499999928, 51.644901499000071 ], [ -4.848128952999957, 51.64666234300006 ], [ -4.859084706999965, 51.646957576000034 ], [ -4.859958426166106, 51.646583599986769 ], [ -4.861075759038727, 51.646729707410316 ], [ -4.862821644864288, 51.645358063046139 ], [ -4.866468506999979, 51.643797105000033 ], [ -4.866468506999979, 51.642492928441051 ], [ -4.873226421294244, 51.637183615014244 ], [ -4.874914762999936, 51.636849271000074 ], [ -4.881957135999926, 51.632450541000026 ], [ -4.889509058991603, 51.629972719251384 ], [ -4.890134453342, 51.629854917570526 ], [ -4.89032152487277, 51.629706145342645 ], [ -4.896040662999951, 51.62782966900005 ], [ -4.899884645368731, 51.622100890091907 ], [ -4.904094457692622, 51.618752955984576 ], [ -4.906036806853732, 51.611638939534593 ], [ -4.919448796999973, 51.60834555100007 ], [ -4.923754205645102, 51.601996414759917 ], [ -4.931092619927881, 51.598071336823011 ], [ -4.931717397046337, 51.598018738043457 ], [ -4.945989727999972, 51.598436450000065 ], [ -4.953138065974977, 51.600719453430962 ], [ -4.956957935859805, 51.603342056491158 ], [ -4.965427019771188, 51.604644243190059 ], [ -4.984930285999951, 51.610873107000032 ], [ -4.987168994476596, 51.610780245958537 ], [ -4.988508343984506, 51.61130142172351 ], [ -4.993431534648762, 51.610520477431791 ], [ -5.008579036999947, 51.60989216300004 ], [ -5.01579577888675, 51.611926329393356 ], [ -5.019299149635572, 51.613380312551499 ], [ -5.026365302232552, 51.615141870911565 ], [ -5.033141488999945, 51.617298963000053 ], [ -5.038589216291784, 51.61818923476455 ], [ -5.040992021364332, 51.61878824268365 ], [ -5.042803240192308, 51.618877893776386 ], [ -5.058413258999963, 51.621428895000065 ], [ -5.061366208999971, 51.623979819000056 ], [ -5.061109077999959, 51.627922233000049 ], [ -5.052136570999949, 51.633937897000067 ], [ -5.050886233999961, 51.639296076000051 ], [ -5.051391669937768, 51.64011692789316 ], [ -5.051001548582292, 51.642114043128629 ], [ -5.056322047201586, 51.648124094000742 ], [ -5.064490063999926, 51.661389340000028 ], [ -5.065577148309105, 51.661587433150231 ], [ -5.066387057516238, 51.663125753051361 ], [ -5.094200651256124, 51.666803330225363 ], [ -5.106936872999938, 51.66912417900005 ], [ -5.117722165999965, 51.674322854000081 ], [ -5.119009477583504, 51.675951679917254 ], [ -5.120751329291583, 51.681494376806825 ], [ -5.110315989999947, 51.685748535000073 ], [ -5.110482336990319, 51.687305934463595 ], [ -5.104972236985954, 51.691542383724517 ], [ -5.103185071999974, 51.691726512000059 ], [ -5.079471180999974, 51.688496486000076 ], [ -5.082176191999963, 51.683156583000027 ], [ -5.078178857735017, 51.680798356053671 ], [ -5.078074931912113, 51.679687499678778 ], [ -5.069555401460093, 51.677148222512642 ], [ -5.064192845135228, 51.678122778041143 ], [ -5.049547092813693, 51.677143703216508 ], [ -5.04903960199573, 51.677015662442898 ], [ -5.048987312840942, 51.677156365181936 ], [ -5.043789509999954, 51.681363024000063 ], [ -5.046565822799435, 51.683672253280854 ], [ -5.046262026071304, 51.684489727419248 ], [ -5.048164497979564, 51.685001969275788 ], [ -5.052039580999974, 51.688225113000044 ], [ -5.050274873999967, 51.692091915000049 ], [ -5.03046233699996, 51.694302480000033 ], [ -5.006306732999974, 51.689024313000061 ], [ -4.983912528999952, 51.688589472000046 ], [ -4.983082819999936, 51.682278459000031 ], [ -4.982084834435669, 51.681101519996012 ], [ -4.982098340665573, 51.680967449888101 ], [ -4.981679728341972, 51.680623772441834 ], [ -4.976983853999968, 51.675085859000035 ], [ -4.975039564304502, 51.675172249659177 ], [ -4.973826647181625, 51.674176454180099 ], [ -4.969642679365633, 51.675412049545102 ], [ -4.946323838999945, 51.676448176000065 ], [ -4.93787, 51.67279049900003 ], [ -4.936168991999978, 51.676787770000033 ], [ -4.935091030999956, 51.679320736000079 ], [ -4.929615, 51.680865999000048 ], [ -4.929593499999953, 51.68124399900006 ], [ -4.950980801999947, 51.681032580000078 ], [ -4.972269320999942, 51.686592804000043 ], [ -4.96829, 51.689399499000046 ], [ -4.967161278833851, 51.690214279118891 ], [ -4.96012496949146, 51.694340229318357 ], [ -4.952522599171588, 51.696541402395383 ], [ -4.947626, 51.695895999000072 ], [ -4.943783762999942, 51.696083009000063 ], [ -4.942632187800752, 51.699405049694079 ], [ -4.929205562335953, 51.703292564409217 ], [ -4.921950909999964, 51.700929840000072 ], [ -4.91950984999994, 51.694118127000081 ], [ -4.913769, 51.692298999000059 ], [ -4.907584504999932, 51.695159641000032 ], [ -4.917399212999953, 51.698992801000031 ], [ -4.915648589148074, 51.700146993523084 ], [ -4.915429711511479, 51.700085043690308 ], [ -4.914064091063461, 51.70119165873777 ], [ -4.904731023999943, 51.707344983000041 ], [ -4.891535449999935, 51.708111154000051 ], [ -4.890271856153785, 51.709510696739258 ], [ -4.888717174857334, 51.709647059264682 ], [ -4.887511432910459, 51.71256811136589 ], [ -4.884171653999942, 51.716267214000027 ], [ -4.866468506999979, 51.715572704000067 ], [ -4.863761, 51.714381999000068 ], [ -4.857737, 51.707942999000068 ], [ -4.855382, 51.706615499000065 ], [ -4.854634499999975, 51.705039999000064 ], [ -4.852422499999932, 51.704704499000059 ], [ -4.850384, 51.70307899900007 ], [ -4.848177499999963, 51.702434499000049 ], [ -4.846131844999945, 51.707476665000058 ], [ -4.859928030999981, 51.719488554000066 ], [ -4.845202066999946, 51.722555646000046 ], [ -4.834260993999976, 51.722414357000048 ], [ -4.83142, 51.725356999000041 ], [ -4.86382945899993, 51.723390854000058 ], [ -4.875644751999971, 51.71965781800003 ], [ -4.880563805999941, 51.719585294000069 ], [ -4.882720147999976, 51.729495771000074 ], [ -4.876263278999943, 51.733611776000032 ], [ -4.895380209999928, 51.742957386000057 ], [ -4.886529810999946, 51.767084560000058 ], [ -4.871785823999971, 51.773417623000057 ], [ -4.86146585299997, 51.783945522000067 ], [ -4.84999672899994, 51.787526362000051 ], [ -4.847883249999938, 51.788988462000077 ], [ -4.85400088199998, 51.788696723000044 ], [ -4.857280750999962, 51.787526362000051 ], [ -4.866022648999945, 51.783840133000069 ], [ -4.876409856999942, 51.775769758000081 ], [ -4.892995804999941, 51.769978431000027 ], [ -4.90821049799996, 51.775253342000042 ], [ -4.912385395999934, 51.773941682000043 ], [ -4.924675139999977, 51.773670866000032 ], [ -4.938770138999928, 51.768559303000075 ], [ -4.942132277999974, 51.770466986000031 ], [ -4.942626659999974, 51.774206007000032 ], [ -4.93660620299994, 51.783816147000039 ], [ -4.944863931999976, 51.787526362000051 ], [ -4.945974784999976, 51.787526362000051 ], [ -4.93729011299996, 51.782926802000077 ], [ -4.946523, 51.776633999000069 ], [ -4.946787357999938, 51.769376348000037 ], [ -4.941249592999952, 51.765907137000056 ], [ -4.916343519999941, 51.771373956000048 ], [ -4.903306521488641, 51.765915930228942 ], [ -4.902263035690886, 51.762016121221826 ], [ -4.90582799699996, 51.760454595000056 ], [ -4.900916812999981, 51.754092100000037 ], [ -4.900007338999956, 51.747944721000067 ], [ -4.908343154999955, 51.745153292000055 ], [ -4.904542499999934, 51.741363499000045 ], [ -4.90111282441591, 51.739232004799852 ], [ -4.899738311673332, 51.736581325568181 ], [ -4.893077078807183, 51.73423790412194 ], [ -4.88795552199997, 51.731054930000028 ], [ -4.894046135078723, 51.712737012897612 ], [ -4.894367862898195, 51.71217240604394 ], [ -4.907039620999967, 51.711431152000046 ], [ -4.92055180899996, 51.70530754400005 ], [ -4.930584815999964, 51.709096178000038 ], [ -4.942516499999954, 51.70885849900003 ], [ -4.945438441999954, 51.704820178000034 ], [ -4.953952, 51.706668999000044 ], [ -4.968308000999968, 51.705237666000073 ], [ -4.984063377999973, 51.699696053000082 ], [ -4.997069, 51.700900999000055 ], [ -5.009784374999981, 51.703197411000076 ], [ -5.02149, 51.70815649900004 ], [ -5.029713558729136, 51.709285413242668 ], [ -5.033287524898924, 51.71041274115538 ], [ -5.034445506463156, 51.709935005878684 ], [ -5.036303, 51.710189999000079 ], [ -5.042231846999925, 51.707910674000061 ], [ -5.04939602099995, 51.708168469000043 ], [ -5.051077745864165, 51.707427103062777 ], [ -5.053959803491114, 51.707329166272778 ], [ -5.059796221999932, 51.709717847000036 ], [ -5.064638692999949, 51.707599217000052 ], [ -5.078179499999976, 51.706908999000063 ], [ -5.086233510999932, 51.70838752800006 ], [ -5.087050748741767, 51.709401591438343 ], [ -5.087503552846158, 51.711584210643025 ], [ -5.091317095702356, 51.714695456670349 ], [ -5.095766390999927, 51.720216332000064 ], [ -5.104825206999976, 51.72439384300003 ], [ -5.107607838999968, 51.717345783000042 ], [ -5.116261006999935, 51.712761457000056 ], [ -5.126424476999944, 51.716160301000059 ], [ -5.129138104910187, 51.715492279496466 ], [ -5.13064944711391, 51.716161966701691 ], [ -5.133348127721007, 51.714455886202586 ], [ -5.13830601899997, 51.713235388000044 ], [ -5.15197324199994, 51.713126066000029 ], [ -5.168675912999959, 51.717724049000026 ], [ -5.171278145999963, 51.714566425000044 ], [ -5.169611824999947, 51.710373289000074 ], [ -5.167627211105169, 51.709398651832323 ], [ -5.167364358677958, 51.707316517443644 ], [ -5.158233404347811, 51.704228639440373 ], [ -5.155359398814265, 51.699985965313282 ], [ -5.154979857999933, 51.695972898000036 ], [ -5.158637148999958, 51.689074205000054 ], [ -5.168171782999934, 51.686892144000069 ], [ -5.168730522115236, 51.686506931910635 ], [ -5.180259682039331, 51.685927358786358 ], [ -5.186041496630014, 51.689866387270499 ], [ -5.18791384026862, 51.693338519609277 ], [ -5.189048799219809, 51.706188574740239 ], [ -5.188194751786057, 51.708645940258123 ], [ -5.194719394663243, 51.709789053185638 ], [ -5.200473289999934, 51.711844993000057 ], [ -5.202713241108509, 51.715491602217725 ], [ -5.202348828035724, 51.717120051349582 ], [ -5.204406282550091, 51.71824785011222 ], [ -5.204650802999936, 51.718645926000079 ], [ -5.209622041892575, 51.721106881450012 ], [ -5.211559534244714, 51.722168922657772 ], [ -5.214271199639704, 51.722218434227642 ], [ -5.237247949991425, 51.726244309831991 ], [ -5.238116179803124, 51.726609819656417 ], [ -5.244201060999956, 51.729982409000058 ], [ -5.251218981999955, 51.733871817000079 ], [ -5.25175027399996, 51.73646490200008 ], [ -5.249793478305971, 51.737157034054121 ], [ -5.240208739788193, 51.7372587534391 ], [ -5.219680270319992, 51.736191340602971 ], [ -5.210429072043667, 51.734281777981721 ], [ -5.205516457917838, 51.739001154779714 ], [ -5.205321930461121, 51.74131087286996 ], [ -5.202079699378371, 51.752960740150698 ], [ -5.199480069249175, 51.754192612553751 ], [ -5.190735352623232, 51.755900905505086 ], [ -5.185725569578949, 51.754894972225657 ], [ -5.175034877990051, 51.764729645195615 ], [ -5.166912499999967, 51.767707999000038 ], [ -5.160457194999935, 51.771645920000026 ], [ -5.140946923999934, 51.770835552000051 ], [ -5.135989902999938, 51.772704784000041 ], [ -5.132212596439724, 51.77107008371118 ], [ -5.129760504143519, 51.769745230758076 ], [ -5.129197041790207, 51.769765045854683 ], [ -5.128607292999959, 51.769509821000042 ], [ -5.117806434999977, 51.768940134000047 ], [ -5.107775064999942, 51.775084839000044 ], [ -5.103113137999969, 51.780705301000069 ], [ -5.104610553999976, 51.787526362000051 ], [ -5.106471749999969, 51.796003087000031 ], [ -5.10335, 51.804980999000065 ], [ -5.104809362051009, 51.809730525356201 ], [ -5.104468226327185, 51.811920404003558 ], [ -5.106274841752545, 51.81449996174247 ], [ -5.10695844199995, 51.816724754000063 ], [ -5.110453373999974, 51.820711130000063 ], [ -5.10875025799993, 51.823769198000036 ], [ -5.112957219999942, 51.824407562000033 ], [ -5.114292913110516, 51.825948484616937 ], [ -5.115690350828629, 51.827943802065136 ], [ -5.114783693271331, 51.831368029651337 ], [ -5.113690896999969, 51.834879687000068 ], [ -5.113784411458774, 51.835142076777963 ], [ -5.113684654023189, 51.835518836625283 ], [ -5.114213465579265, 51.836345948530187 ], [ -5.116639268999961, 51.84315244700008 ], [ -5.124701828999946, 51.853615230000059 ], [ -5.128470499999935, 51.858504999000047 ], [ -5.138732567999966, 51.86348483300003 ], [ -5.157073976999925, 51.861907027000029 ], [ -5.167009874999962, 51.864301939000029 ], [ -5.176954340207877, 51.862514710380083 ], [ -5.177019714887479, 51.862519025932386 ], [ -5.179398895774257, 51.864796139114766 ], [ -5.179004021999958, 51.865689950000046 ], [ -5.181051642999932, 51.86745942500005 ], [ -5.192395940999972, 51.868037006000066 ], [ -5.196812014999978, 51.870610959000032 ], [ -5.198534690999963, 51.867822227000033 ], [ -5.210638143999972, 51.867504497000027 ], [ -5.21837, 51.872905499000069 ], [ -5.232198615999948, 51.872862356000041 ], [ -5.238564838999935, 51.871301661000075 ], [ -5.244201060999956, 51.871895086000052 ], [ -5.246126856999979, 51.872097847000077 ], [ -5.248330966621034, 51.87037071700837 ], [ -5.252698594295167, 51.870525481876371 ], [ -5.254231894999975, 51.872167213000068 ], [ -5.257780880182634, 51.870705570327857 ], [ -5.265378237215543, 51.870974779162964 ], [ -5.266377456551472, 51.870630862525559 ], [ -5.26739803199996, 51.870803564000028 ], [ -5.284885549842101, 51.865083290462891 ], [ -5.296504997929578, 51.864317105343112 ], [ -5.298013020999974, 51.86547229100006 ], [ -5.30559048330444, 51.862414621769275 ], [ -5.314496609651677, 51.860165694939184 ], [ -5.315958682999963, 51.860022234000041 ], [ -5.316752603239387, 51.860454179415605 ], [ -5.319405332508731, 51.863605552699454 ], [ -5.319108590999974, 51.865051620000031 ], [ -5.311841220804374, 51.869583032573125 ], [ -5.30964124234913, 51.870726346843639 ], [ -5.307598233571127, 51.876567959743852 ], [ -5.314937848433661, 51.88473781374649 ], [ -5.313113583630214, 51.885689405886808 ], [ -5.304013371319684, 51.886837244443257 ], [ -5.303408620552642, 51.8876027516555 ], [ -5.296032091999962, 51.894324970000071 ], [ -5.296757879089397, 51.89602141076989 ], [ -5.296330452288203, 51.896562457291623 ], [ -5.297442664457342, 51.897622014905274 ], [ -5.298326807999956, 51.899688595000043 ], [ -5.300829983059457, 51.900848970439782 ], [ -5.306737381796127, 51.906476700006138 ], [ -5.290074627999957, 51.913577663000069 ], [ -5.277420715202089, 51.912403463832902 ], [ -5.276074409406078, 51.912168502474515 ], [ -5.275728195422242, 51.912246409224764 ], [ -5.275684288999969, 51.91224233500003 ], [ -5.263615150999954, 51.914699257000052 ], [ -5.256673380999928, 51.916112336000026 ], [ -5.255570554572669, 51.916902975641271 ], [ -5.244639967962934, 51.922139704667693 ], [ -5.244201060999956, 51.922242102000041 ], [ -5.241812768999978, 51.922799280000049 ], [ -5.232198615999948, 51.929648218000068 ], [ -5.22384314710061, 51.931165227377626 ], [ -5.211315155169871, 51.932819843261484 ], [ -5.211438249722277, 51.933417446358668 ], [ -5.20761, 51.934112499000037 ], [ -5.209215954999934, 51.938485517000061 ], [ -5.199629898999945, 51.941851756000062 ], [ -5.199625656059668, 51.942002228921126 ], [ -5.199612855648411, 51.942005634652674 ], [ -5.193831144720292, 51.949509658663885 ], [ -5.193210041999976, 51.949960328000031 ], [ -5.183332348057647, 51.950709246965751 ], [ -5.173233657135919, 51.950592309512153 ], [ -5.156023757999947, 51.948287037000057 ], [ -5.155084354999929, 51.952420153000048 ], [ -5.146128415982063, 51.955497283981693 ], [ -5.144865870662898, 51.955753445765083 ], [ -5.144723031877757, 51.955980153612657 ], [ -5.144335202999969, 51.956113406000043 ], [ -5.144124038740888, 51.956930850894473 ], [ -5.140797340614026, 51.962210849398566 ], [ -5.139493368999979, 51.962770563000049 ], [ -5.128964128999939, 51.961099607000051 ], [ -5.10829894799997, 51.961479015000066 ], [ -5.103681670999947, 51.964262061000056 ], [ -5.102754625999978, 51.968849742000032 ], [ -5.102692781902336, 51.968849458593596 ], [ -5.088427066655356, 51.968586206588668 ], [ -5.088264393214904, 51.968783339135712 ], [ -5.086008, 51.968772999000066 ], [ -5.083469740999931, 51.973124551000069 ], [ -5.083881841071313, 51.974094247076238 ], [ -5.083763480199934, 51.974237680324961 ], [ -5.084475364452926, 51.975490843034919 ], [ -5.086664058999929, 51.98064097200006 ], [ -5.081346689999975, 51.985622668000076 ], [ -5.088086397999973, 51.988099842000054 ], [ -5.093885710999928, 51.993847498000036 ], [ -5.08932161171944, 51.99621710830619 ], [ -5.081891775184886, 51.99934816378709 ], [ -5.081819585062264, 52.000112045421147 ], [ -5.073313043999974, 52.004528511000046 ], [ -5.079653035999968, 52.007688304000055 ], [ -5.079598769999961, 52.01147209100003 ], [ -5.087606796999978, 52.01388723000008 ], [ -5.088237136397545, 52.01592927096587 ], [ -5.082178888902655, 52.022718505233811 ], [ -5.072358519999966, 52.026317781000046 ], [ -5.073848012999974, 52.030359887000031 ], [ -5.063107460999959, 52.031506222000075 ], [ -5.057473232113722, 52.028510286417671 ], [ -5.056822776549382, 52.027941703547015 ], [ -5.056309033639444, 52.027891237439633 ], [ -5.053042933999961, 52.026154527000074 ], [ -5.050730855634241, 52.027343280621629 ], [ -5.031528837937688, 52.025457023763842 ], [ -5.023665201999961, 52.024324798000066 ], [ -5.020544585999971, 52.02095965500007 ], [ -5.016348212999958, 52.023562381000033 ], [ -5.013817933286449, 52.02371724225317 ], [ -5.011095166108703, 52.023449778784368 ], [ -4.995840612061594, 52.023744181023702 ], [ -4.993785, 52.022491499000068 ], [ -4.988982518999933, 52.023676959000056 ], [ -4.987546517999931, 52.017135376000056 ], [ -4.983367138999938, 52.01497192100004 ], [ -4.990147806831965, 52.007036011351197 ], [ -4.992046117733707, 52.005414247469787 ], [ -4.991661480172138, 52.005264449144782 ], [ -4.992058340999961, 52.004799974000036 ], [ -4.987997, 51.999465999000051 ], [ -4.977729199999942, 52.000419566000062 ], [ -4.970555540999953, 51.995996408000053 ], [ -4.969341856999961, 52.000838355000042 ], [ -4.960899336999944, 52.000383456000066 ], [ -4.955576, 52.002464499000041 ], [ -4.952751539503727, 52.003301205061135 ], [ -4.947255611656772, 52.003701567773362 ], [ -4.943239923025064, 52.00611888552401 ], [ -4.927174413999978, 52.010878063000064 ], [ -4.920297437999977, 52.010740597000051 ], [ -4.919525152999938, 52.015287805000071 ], [ -4.916302234270059, 52.017414309744318 ], [ -4.914663910910235, 52.018056869129566 ], [ -4.914816277772278, 52.018394754430375 ], [ -4.910714844999973, 52.02110090900004 ], [ -4.917606149999926, 52.026140148000081 ], [ -4.910135963890577, 52.034140287251525 ], [ -4.898564172674043, 52.032158791788817 ], [ -4.894349376999969, 52.030383179000069 ], [ -4.893296335999935, 52.024402877000057 ], [ -4.892915634426667, 52.024277427000641 ], [ -4.892886519097146, 52.024101257567111 ], [ -4.885528803011596, 52.020941853783768 ], [ -4.883358187576103, 52.021128026562018 ], [ -4.878756, 52.019611499000064 ], [ -4.866468506999979, 52.021145368000077 ], [ -4.858324122808857, 52.023038149400428 ], [ -4.855547746535148, 52.023084532934071 ], [ -4.823886499999958, 52.019691499000032 ], [ -4.83468179687785, 52.024410826730929 ], [ -4.838847677308879, 52.029795312442573 ], [ -4.838416023999969, 52.033373811000047 ], [ -4.84380524970377, 52.036203076219444 ], [ -4.8462879044939, 52.039411958343095 ], [ -4.8440567294474, 52.043422863329404 ], [ -4.836474776589228, 52.050406574903946 ], [ -4.81162007735505, 52.056827940779321 ], [ -4.809217827811582, 52.057061160565709 ], [ -4.800696611458932, 52.056495547231918 ], [ -4.794847075189105, 52.058456316960033 ], [ -4.792911283999956, 52.058644246000028 ], [ -4.791775688290641, 52.059485848563234 ], [ -4.786291957107835, 52.061324000102843 ], [ -4.780609928046299, 52.066413086663324 ], [ -4.777856026999928, 52.067228409000052 ], [ -4.77664434299993, 52.068131343000061 ], [ -4.765080807277746, 52.076747094006542 ], [ -4.762765765227527, 52.078028321649811 ], [ -4.761292040310387, 52.079570025815343 ], [ -4.760339880999936, 52.080279460000042 ], [ -4.759462301696993, 52.081484165699443 ], [ -4.746199638842127, 52.095358602055612 ], [ -4.745307952999951, 52.095803430000046 ], [ -4.744066054999962, 52.100709054000049 ], [ -4.746997755999928, 52.105016167000031 ], [ -4.74252719947888, 52.106971008650902 ], [ -4.736945151896919, 52.108654022565531 ], [ -4.731513142023709, 52.116796654933218 ], [ -4.728656070135576, 52.116667865299327 ], [ -4.710834026069051, 52.107864737068155 ], [ -4.700233961807026, 52.105924090308982 ], [ -4.694058082956182, 52.104420678031246 ], [ -4.689859024400526, 52.101300149921705 ], [ -4.689879856999937, 52.100400180000065 ], [ -4.681815818999951, 52.094441576000065 ], [ -4.681701, 52.085983499000065 ], [ -4.674865499999953, 52.094566499000052 ], [ -4.675327, 52.095863499000075 ], [ -4.674872, 52.100360999000031 ], [ -4.675612499999943, 52.101886499000045 ], [ -4.685697851032754, 52.104364181747684 ], [ -4.686301009739071, 52.108502888983864 ], [ -4.685591516999978, 52.110304780000035 ], [ -4.686868087793248, 52.11239402082316 ], [ -4.687298655708105, 52.115348458065341 ], [ -4.689624962233276, 52.116905932465436 ], [ -4.691293155999972, 52.119636105000041 ], [ -4.689614169166597, 52.123734996145892 ], [ -4.686066508062538, 52.129953145920865 ], [ -4.684004827064131, 52.12976635635718 ], [ -4.683661144999974, 52.129426759000069 ], [ -4.675591814999962, 52.12894497800005 ], [ -4.67543631387075, 52.128990043803455 ], [ -4.674895644018363, 52.128941058783028 ], [ -4.657515700110711, 52.134049212302884 ], [ -4.651238478596276, 52.134116028700632 ], [ -4.644143700770655, 52.13368415789779 ], [ -4.639168920481793, 52.138372076948038 ], [ -4.619120816999953, 52.138299262000032 ], [ -4.607769123305179, 52.13995756100595 ], [ -4.602090502630854, 52.139443473460041 ], [ -4.593357, 52.137683999000046 ], [ -4.58743476831379, 52.138116684628613 ], [ -4.584974050511505, 52.137893914972267 ], [ -4.57052029505515, 52.143833952180017 ], [ -4.566848765235848, 52.144090294652592 ], [ -4.555701733048295, 52.139134407427321 ], [ -4.551438922497868, 52.138315330795557 ], [ -4.546447312999931, 52.134953893000045 ], [ -4.533443849205, 52.134857672087357 ], [ -4.533278107298429, 52.134825825651546 ], [ -4.532939341219021, 52.134853938911363 ], [ -4.528217499999926, 52.134818999000061 ], [ -4.518848655999932, 52.135265317000062 ], [ -4.506096412300658, 52.140422181019538 ], [ -4.496831774666134, 52.144073963443077 ], [ -4.495241963447016, 52.146226893164716 ], [ -4.48858132099997, 52.153005719000078 ], [ -4.472818479999944, 52.16019338600006 ], [ -4.470723609999936, 52.161148534000063 ], [ -4.469271436729163, 52.16607236110093 ], [ -4.468817115017487, 52.166754960772948 ], [ -4.458853055424595, 52.16799794868421 ], [ -4.457128230999956, 52.167699816000038 ], [ -4.451480773921199, 52.168917619697993 ], [ -4.449725032283993, 52.169136643441277 ], [ -4.449064211076264, 52.169438721342125 ], [ -4.446792928999969, 52.169928495000079 ], [ -4.440641909475789, 52.173288766041061 ], [ -4.427559733194698, 52.179268955997543 ], [ -4.424864827528378, 52.181907706587538 ], [ -4.423161, 52.18283849900007 ], [ -4.408169430999976, 52.192733477000047 ], [ -4.400935074187212, 52.197507073020148 ], [ -4.384354471981055, 52.208166956740115 ], [ -4.378502520482997, 52.214415661149808 ], [ -4.378120447999947, 52.214786161000063 ], [ -4.36566449999998, 52.219154499000069 ], [ -4.364429324291526, 52.218782124731987 ], [ -4.355100154448223, 52.210672855568134 ], [ -4.345047831192119, 52.210415243868852 ], [ -4.343560502704793, 52.211133904086509 ], [ -4.342413499999964, 52.211147499000049 ], [ -4.336945282999977, 52.213743731000079 ], [ -4.328135871880026, 52.213932220000721 ], [ -4.32578253723409, 52.213371753404033 ], [ -4.308507919604267, 52.220329046348638 ], [ -4.303527929338633, 52.223357229765313 ], [ -4.274103945372754, 52.237867932333359 ], [ -4.268231511074873, 52.240574955669899 ], [ -4.267811548169733, 52.241070428108507 ], [ -4.253487, 52.248569499000041 ], [ -4.24622549999998, 52.24859249900004 ], [ -4.238831, 52.249717499000042 ], [ -4.233592, 52.251678499000036 ], [ -4.229386499999976, 52.254504999000062 ], [ -4.226391, 52.255420499000081 ], [ -4.217411499999969, 52.259498499000074 ], [ -4.213105499999926, 52.262138499000059 ], [ -4.210618499999953, 52.262607499000069 ], [ -4.20750449999997, 52.263820499000076 ], [ -4.203601499999934, 52.266647499000044 ], [ -4.19940349999996, 52.273296499000026 ], [ -4.195546499999978, 52.275821499000074 ], [ -4.193221, 52.276492999000027 ], [ -4.190310499999953, 52.279151999000078 ], [ -4.182977499999936, 52.291293999000061 ], [ -4.180111600100116, 52.292326651683467 ], [ -4.173322916019231, 52.293611645960652 ], [ -4.171937466562675, 52.295515315828084 ], [ -4.168226, 52.296966499000064 ], [ -4.16183614299996, 52.306021684000029 ], [ -4.157751424164628, 52.309277442919679 ], [ -4.153967260880052, 52.310448527577762 ], [ -4.144788810861613, 52.319609401026121 ], [ -4.140007098999945, 52.323420704000057 ], [ -4.129808784310117, 52.338554880254364 ], [ -4.126373052274175, 52.341760754755285 ], [ -4.123029970846185, 52.348614557846048 ], [ -4.120406, 52.352508499000066 ], [ -4.11874827203955, 52.357392663060281 ], [ -4.113605947277605, 52.367935176638341 ], [ -4.111755, 52.369338999000036 ], [ -4.111284008766303, 52.372695488251473 ], [ -4.109442028000969, 52.376471816688131 ], [ -4.108735, 52.377528999000049 ], [ -4.104205, 52.381969499000036 ], [ -4.100676499999963, 52.385642999000027 ], [ -4.096238, 52.392760999000075 ], [ -4.092736, 52.39627099900008 ], [ -4.090867, 52.396953499000062 ], [ -4.089329, 52.399123999000039 ], [ -4.089976499999977, 52.40391549900005 ], [ -4.090682488805687, 52.409643760211132 ], [ -4.089397041283295, 52.414443312379326 ], [ -4.08726, 52.415607499000032 ], [ -4.085233, 52.417373499000064 ], [ -4.083157, 52.428394499000035 ], [ -4.080088930999977, 52.432294110000043 ], [ -4.080997295999964, 52.442956784000046 ], [ -4.077825802999939, 52.449189318000037 ], [ -4.072910499999978, 52.458846999000059 ], [ -4.061175714999933, 52.476650644000074 ], [ -4.056436477719191, 52.479320868549166 ], [ -4.052212715244195, 52.480650544287414 ], [ -4.052274050923651, 52.481666101242709 ], [ -4.052083975999949, 52.481773195000073 ], [ -4.052409569765134, 52.483909935553569 ], [ -4.053254962046481, 52.497907400306588 ], [ -4.057380360338905, 52.516531229133655 ], [ -4.058428220999929, 52.523407916000053 ], [ -4.057311879932236, 52.526381791113003 ], [ -4.041048645578201, 52.524949669791624 ], [ -4.040899646326474, 52.525000597801458 ], [ -4.040780499999926, 52.524944499000071 ], [ -4.034872876968051, 52.527060550221428 ], [ -4.034827537446552, 52.527076047289832 ], [ -4.030662863959665, 52.527084609463316 ], [ -4.020869374222002, 52.52531492674251 ], [ -4.015703568846253, 52.527115364354501 ], [ -4.014125360999969, 52.52711860900007 ], [ -4.006581929468154, 52.53029452838117 ], [ -3.987120539713953, 52.537077404534344 ], [ -3.97411337799997, 52.540233043000057 ], [ -3.966197631999933, 52.545149373000072 ], [ -3.965102487684078, 52.548311331274867 ], [ -3.963653984240071, 52.549552713346927 ], [ -3.951239228999953, 52.556687217000047 ], [ -3.942800359999978, 52.557890256000064 ], [ -3.934335399999952, 52.553272176000064 ], [ -3.931013499999949, 52.553611999000054 ], [ -3.941072267999971, 52.559784540000066 ], [ -3.960690045046129, 52.559880140193123 ], [ -3.960987448311755, 52.560319304392692 ], [ -3.973441958779006, 52.556051850412814 ], [ -3.977962919589392, 52.555298887350531 ], [ -3.985562684999934, 52.554697523000073 ], [ -3.993167073540166, 52.552766645466932 ], [ -3.994606256673137, 52.552526950458628 ], [ -3.996635501477098, 52.551885955383398 ], [ -4.014221819999932, 52.547420504000058 ], [ -4.032678800999975, 52.545073094000031 ], [ -4.052273836723549, 52.542580771700159 ], [ -4.066662800224758, 52.542942526277784 ], [ -4.071200474999955, 52.544354829000042 ], [ -4.077825802999939, 52.553891171000032 ], [ -4.081427499999961, 52.559074499000076 ], [ -4.08391583058363, 52.562230569281489 ], [ -4.085236668836785, 52.564594149900302 ], [ -4.087358307187554, 52.566596829205082 ], [ -4.105744217999927, 52.58991657100006 ], [ -4.116257, 52.600677499000028 ], [ -4.119879, 52.603484999000045 ], [ -4.126514499999928, 52.607341999000027 ], [ -4.125297, 52.608447999000077 ], [ -4.127117246999944, 52.615741190000051 ], [ -4.118306280866245, 52.636008100589997 ], [ -4.11828625220835, 52.636044025611511 ], [ -4.118286481388801, 52.636053643182372 ], [ -4.116426565999973, 52.640331805000073 ], [ -4.095566739999981, 52.666474338000057 ], [ -4.084157063140682, 52.673054432821743 ], [ -4.081410050832744, 52.673967241994717 ], [ -4.072306715475472, 52.679887900275091 ], [ -4.059045803999936, 52.687533780000081 ], [ -4.058915132340221, 52.688597563762741 ], [ -4.057143449809928, 52.689749836685962 ], [ -4.058039940754769, 52.695722403225638 ], [ -4.056574542144503, 52.707652053853977 ], [ -4.055058419739762, 52.707430851096241 ], [ -4.048055543999965, 52.705181554000035 ], [ -4.03925878299998, 52.70686793200008 ], [ -4.035734053999931, 52.708396676000064 ], [ -4.034835047503394, 52.710013537265453 ], [ -4.018642580650822, 52.718770227909559 ], [ -4.017260465999925, 52.719250621000072 ], [ -4.011731203999943, 52.71723959600007 ], [ -4.002243557501473, 52.722696757096784 ], [ -3.998794555923723, 52.72325253447741 ], [ -3.992435423986795, 52.731514682869225 ], [ -3.988836589999949, 52.735411989000056 ], [ -3.97411337799997, 52.738983829000063 ], [ -3.971908612999925, 52.739518678000081 ], [ -3.959011, 52.747016999000039 ], [ -3.949422, 52.751010999000073 ], [ -3.945109499999944, 52.749538499000039 ], [ -3.938924, 52.748878499000057 ], [ -3.949515639999959, 52.752459417000068 ], [ -3.963515739999934, 52.750330754000061 ], [ -3.97411337799997, 52.745008190000078 ], [ -3.977393853999956, 52.743360470000027 ], [ -3.989561, 52.740199999000026 ], [ -3.997054660999936, 52.739595353000027 ], [ -4.002630322999948, 52.736754069000028 ], [ -4.023423091999973, 52.734587126000065 ], [ -4.029655014954116, 52.727751885325048 ], [ -4.036290113165359, 52.721872712284402 ], [ -4.044964117462306, 52.720433407811818 ], [ -4.055168509818429, 52.720387816045161 ], [ -4.061811580625138, 52.722545170658236 ], [ -4.077825802999939, 52.742249265000055 ], [ -4.084806524470319, 52.750835554044102 ], [ -4.085186957911276, 52.751407265333455 ], [ -4.088194381526704, 52.75377764918921 ], [ -4.11229769299996, 52.774067435000063 ], [ -4.124042439761157, 52.783948323222468 ], [ -4.126036643775819, 52.785966635052489 ], [ -4.136213872636622, 52.794188183663415 ], [ -4.144218499999965, 52.80092249900008 ], [ -4.148770732085624, 52.806259147634677 ], [ -4.150281311723881, 52.808344290358498 ], [ -4.151757114999953, 52.814545739000039 ], [ -4.146754754999961, 52.818920091000052 ], [ -4.132614031981968, 52.825377047578826 ], [ -4.126126527416886, 52.822842001857225 ], [ -4.126641294542379, 52.83208512570382 ], [ -4.119095499999958, 52.84808749900003 ], [ -4.119470086227449, 52.848809933930937 ], [ -4.118883251860211, 52.849598527050546 ], [ -4.128492355037793, 52.865337609843152 ], [ -4.141153499618859, 52.878381681993034 ], [ -4.143413880798204, 52.881032983574336 ], [ -4.146540046085931, 52.887821554921004 ], [ -4.142493247964751, 52.895338058904656 ], [ -4.131729373318482, 52.897175519638211 ], [ -4.116425035999953, 52.895800579000081 ], [ -4.09268162099994, 52.901204052000082 ], [ -4.082776173999946, 52.901662999000052 ], [ -4.08372596380629, 52.90232469209117 ], [ -4.077709675160975, 52.902667641498851 ], [ -4.06622874735848, 52.9094486232554 ], [ -4.055349349991957, 52.923209548282273 ], [ -4.061642766100306, 52.925430536490353 ], [ -4.076890349609698, 52.922394752615958 ], [ -4.092078364191909, 52.914826959119388 ], [ -4.103833443999974, 52.909373358000039 ], [ -4.111192087999939, 52.912200832000053 ], [ -4.110948042486325, 52.914242201607763 ], [ -4.107782364064462, 52.919253110443037 ], [ -4.115680261225758, 52.921070243021909 ], [ -4.120709, 52.922645499000055 ], [ -4.122553486748292, 52.922651621174069 ], [ -4.124364972265084, 52.923068404183709 ], [ -4.1247979153322, 52.922659070824963 ], [ -4.128444054999932, 52.922671173000026 ], [ -4.136193007999964, 52.913563886000077 ], [ -4.149721218999957, 52.909908776000066 ], [ -4.15301990699993, 52.906522103000043 ], [ -4.156078888537081, 52.906373855963494 ], [ -4.173174605238437, 52.907374091128247 ], [ -4.179869666999934, 52.909507699000073 ], [ -4.194192629999975, 52.914071761000059 ], [ -4.194601417054732, 52.914052341515237 ], [ -4.195016503608372, 52.914185166312905 ], [ -4.197195076624823, 52.913929129363432 ], [ -4.200408, 52.913776499000051 ], [ -4.217262672999937, 52.918635086000052 ], [ -4.218384744581729, 52.91868294174504 ], [ -4.218750000012108, 52.918805838019352 ], [ -4.219063789066679, 52.918711902624388 ], [ -4.226670271999978, 52.919036315000028 ], [ -4.232854495999959, 52.915441987000065 ], [ -4.246572476766791, 52.913705204026634 ], [ -4.253007650782081, 52.913254857225922 ], [ -4.257145646263576, 52.912366574014726 ], [ -4.271833499999957, 52.910506999000063 ], [ -4.280853499999978, 52.911384499000064 ], [ -4.290339, 52.910541499000033 ], [ -4.299729499999955, 52.910735999000053 ], [ -4.313018, 52.909148999000081 ], [ -4.316233, 52.908416499000055 ], [ -4.319006457024092, 52.907168440887048 ], [ -4.321705937378738, 52.906417250555876 ], [ -4.321917156255737, 52.905858623659299 ], [ -4.324489485999948, 52.904701073000069 ], [ -4.326821673437579, 52.892887267824939 ], [ -4.326890586575826, 52.892705007919488 ], [ -4.350840032251535, 52.894507951784085 ], [ -4.357311367924865, 52.895296334858244 ], [ -4.364604411070521, 52.895544151230105 ], [ -4.375089211999978, 52.896333460000051 ], [ -4.379726059102667, 52.896057982271131 ], [ -4.381504177775241, 52.89611840244271 ], [ -4.382579751299358, 52.895888442791403 ], [ -4.389344065999978, 52.895486571000049 ], [ -4.397867, 52.892982499000027 ], [ -4.398365389804691, 52.892513443458576 ], [ -4.407850980837679, 52.890485406176651 ], [ -4.412715706163506, 52.888656146547191 ], [ -4.416497, 52.887462499000037 ], [ -4.416224164909334, 52.887336877417795 ], [ -4.417995453127162, 52.886670828296417 ], [ -4.41126869653088, 52.881294907129373 ], [ -4.41579235706733, 52.880305843397267 ], [ -4.441917657873262, 52.875895857507942 ], [ -4.450681917890004, 52.872677508123054 ], [ -4.452360499999941, 52.872310499000037 ], [ -4.457056, 52.871165999000027 ], [ -4.459258278872363, 52.869528157688507 ], [ -4.464767574863117, 52.867505073100745 ], [ -4.475451384870486, 52.857484949001915 ], [ -4.477758687999938, 52.855768696000041 ], [ -4.477834017109795, 52.8552503275791 ], [ -4.478536367159165, 52.854591608016449 ], [ -4.477967621875512, 52.854330942077723 ], [ -4.478070867999975, 52.853620466000052 ], [ -4.472818479999944, 52.850893479000035 ], [ -4.472109115450311, 52.850525168797724 ], [ -4.491955852469541, 52.839713223220784 ], [ -4.493846259999941, 52.838854114000071 ], [ -4.501728239999977, 52.830815772000051 ], [ -4.502715132999981, 52.827122726000027 ], [ -4.501714221029481, 52.826618921999668 ], [ -4.502082467331604, 52.8137364389857 ], [ -4.499937171189868, 52.813248238645848 ], [ -4.500028, 52.812545999000065 ], [ -4.495437490999961, 52.809979901000077 ], [ -4.488299630774756, 52.810599909086513 ], [ -4.488010785936081, 52.810534177299807 ], [ -4.486374766573139, 52.808752450438305 ], [ -4.484690845229353, 52.806188553924173 ], [ -4.486716978999937, 52.795592266000028 ], [ -4.488789703904092, 52.794013244860736 ], [ -4.496395461710059, 52.793522326259428 ], [ -4.499630966999973, 52.794874453000034 ], [ -4.514508250999938, 52.792822330000035 ], [ -4.515537680511478, 52.790658402095374 ], [ -4.523908174712953, 52.780033065661172 ], [ -4.527605718999951, 52.778173451000043 ], [ -4.530980184999976, 52.778492378000067 ], [ -4.541846667999948, 52.786771816000055 ], [ -4.541691195999931, 52.793575481000062 ], [ -4.536952235999934, 52.79981852700007 ], [ -4.539191315058162, 52.801414729076349 ], [ -4.539038658007257, 52.801717757968675 ], [ -4.540686935621776, 52.802480932004819 ], [ -4.542776696999965, 52.803970688000049 ], [ -4.552808499999969, 52.809535999000047 ], [ -4.571872, 52.817813999000066 ], [ -4.580923, 52.821002999000029 ], [ -4.593807499999969, 52.824020499000028 ], [ -4.60625639999995, 52.824958924000043 ], [ -4.612223085999972, 52.823792120000064 ], [ -4.624469909999959, 52.809957506000046 ], [ -4.645518717999948, 52.799826580000058 ], [ -4.649500797999963, 52.799971414000026 ], [ -4.652376343999947, 52.804021013000067 ], [ -4.662139584999977, 52.80572655900005 ], [ -4.677770738999925, 52.800859708000075 ], [ -4.688598461999959, 52.794177902000058 ], [ -4.689776497409042, 52.794601080796539 ], [ -4.69218406052461, 52.797682858096238 ], [ -4.692645994999964, 52.799279710000064 ], [ -4.69697604199996, 52.800960083000064 ], [ -4.710112033999962, 52.803292949000081 ], [ -4.713158243391228, 52.803150288550995 ], [ -4.713961004796204, 52.803321957842229 ], [ -4.714907187758495, 52.803068381775454 ], [ -4.719415263999963, 52.802857259000064 ], [ -4.72016224157333, 52.801660032724428 ], [ -4.721781253901327, 52.801226139075368 ], [ -4.722856873761221, 52.797341182234753 ], [ -4.731829366486613, 52.782960423786612 ], [ -4.73193337992877, 52.782832388450942 ], [ -4.738436062999938, 52.784551369000042 ], [ -4.743994929999928, 52.783957345000033 ], [ -4.753391553999961, 52.789376726000057 ], [ -4.75649087599993, 52.78874778900007 ], [ -4.760904244999949, 52.790700002000051 ], [ -4.767069087999971, 52.79730518100007 ], [ -4.756382870217618, 52.80330213758824 ], [ -4.752562761461888, 52.804986119114346 ], [ -4.752503785816367, 52.805479025728644 ], [ -4.751947247999965, 52.805791347000081 ], [ -4.750919992999968, 52.81584487300006 ], [ -4.741021380999939, 52.822137135000048 ], [ -4.734137738999948, 52.831585934000032 ], [ -4.726889310396297, 52.835541288059687 ], [ -4.722423553304111, 52.837712764932348 ], [ -4.723521292726308, 52.839753954757782 ], [ -4.723291296999946, 52.841732942000078 ], [ -4.726442987999974, 52.845643214000063 ], [ -4.725752902867605, 52.849479684796457 ], [ -4.722779671268971, 52.854577069562637 ], [ -4.718376387309636, 52.855660374814043 ], [ -4.714380740878141, 52.855296253819347 ], [ -4.704426872978368, 52.859092263892549 ], [ -4.702828499999953, 52.859485499000073 ], [ -4.69441175299994, 52.861674460000074 ], [ -4.693760416421584, 52.863160026991537 ], [ -4.692531347543138, 52.863628745070798 ], [ -4.69235019014243, 52.866376467892316 ], [ -4.68930676093138, 52.873317914338017 ], [ -4.682002489795621, 52.875238685183305 ], [ -4.675637287999962, 52.87552867900007 ], [ -4.669897630651462, 52.878421844748217 ], [ -4.668499350863897, 52.878789544002473 ], [ -4.668433291386189, 52.879223766350634 ], [ -4.665082390999942, 52.884045364000031 ], [ -4.666142757999978, 52.889165600000069 ], [ -4.655129465414854, 52.899928812533766 ], [ -4.650420308550054, 52.904177069915988 ], [ -4.640905320875116, 52.905076193795125 ], [ -4.639715725999963, 52.904935628000032 ], [ -4.637341415765479, 52.905412966925745 ], [ -4.632767677086235, 52.905845164822779 ], [ -4.632180198375533, 52.906521191646547 ], [ -4.624735551999947, 52.912353537000058 ], [ -4.618659219394178, 52.921376034133417 ], [ -4.611824953125187, 52.92417207711938 ], [ -4.611279, 52.92435849900005 ], [ -4.610181134418497, 52.924844598145654 ], [ -4.607430458348517, 52.925969957947189 ], [ -4.597943544258783, 52.925579428248113 ], [ -4.585382659435321, 52.933823532391592 ], [ -4.57926703399994, 52.937751381000055 ], [ -4.574393496074009, 52.938648109972121 ], [ -4.558698321797908, 52.938011461292191 ], [ -4.554233023999927, 52.937294608000059 ], [ -4.55042199799903, 52.93767574596157 ], [ -4.533778548540681, 52.937000632073648 ], [ -4.530958537816499, 52.937783119148847 ], [ -4.52842385799994, 52.93763952300003 ], [ -4.522610867315368, 52.940099402636392 ], [ -4.515414475996806, 52.942096233054997 ], [ -4.492211103859006, 52.955576658636176 ], [ -4.484482454557115, 52.963773566297505 ], [ -4.482372706999968, 52.965610776000062 ], [ -4.478416715221197, 52.966495947258458 ], [ -4.471849441897746, 52.967242956497444 ], [ -4.47119897383631, 52.96811093893735 ], [ -4.470964825999943, 52.968163329000049 ], [ -4.46132554963773, 52.981121129321188 ], [ -4.444191932711135, 52.99063980608247 ], [ -4.442497258799939, 52.992628597542577 ], [ -4.437647606999974, 52.998024619000034 ], [ -4.431943399962503, 52.999043429524299 ], [ -4.422126972904739, 52.999039220754952 ], [ -4.412037015999942, 52.997805276000065 ], [ -4.410235422633871, 52.99903412228155 ], [ -4.408114433633727, 52.99903321291265 ], [ -4.4006132346493, 53.005386650096703 ], [ -4.395523499999967, 53.008132999000054 ], [ -4.390001499999926, 53.013408499000036 ], [ -4.384130499999969, 53.015437999000028 ], [ -4.381019499999979, 53.017966999000066 ], [ -4.37515761194383, 53.021018239235261 ], [ -4.372311473295383, 53.022302746375033 ], [ -4.37150539112067, 53.024131528492795 ], [ -4.369515, 53.026267999000027 ], [ -4.365422499999966, 53.027194999000073 ], [ -4.363136418315358, 53.029440063587721 ], [ -4.359072488586469, 53.031064084842015 ], [ -4.358646499999963, 53.031104999000036 ], [ -4.353505, 53.033515999000031 ], [ -4.351097, 53.036575499000037 ], [ -4.349985499999946, 53.039340999000046 ], [ -4.349920855651717, 53.039912529525758 ], [ -4.343841680251904, 53.046710776365906 ], [ -4.342571499999963, 53.046851999000069 ], [ -4.340701499999966, 53.052016999000045 ], [ -4.338950499999953, 53.053882499000053 ], [ -4.339430061065267, 53.059196316665314 ], [ -4.338613510204993, 53.061636924404581 ], [ -4.338562694779954, 53.062797290029309 ], [ -4.337831499999936, 53.065040499000077 ], [ -4.33788149999998, 53.066993499000034 ], [ -4.338176033191701, 53.071626672349034 ], [ -4.338025069520631, 53.075073914094148 ], [ -4.336519, 53.078284999000061 ], [ -4.336488499999973, 53.08426649900008 ], [ -4.338061, 53.088477999000077 ], [ -4.343415697505865, 53.097661050905195 ], [ -4.345467944362888, 53.102019455247436 ], [ -4.346442404657507, 53.104318977467315 ], [ -4.346859577838449, 53.108497087045755 ], [ -4.345857741999964, 53.114632525000047 ], [ -4.338275677999945, 53.121855118000042 ], [ -4.336599593887585, 53.122190208392624 ], [ -4.327022087017151, 53.119196177696885 ], [ -4.329419965528173, 53.116824720141352 ], [ -4.333928346315929, 53.114387274153671 ], [ -4.32926794569083, 53.110706946715261 ], [ -4.324861607999935, 53.106949502000077 ], [ -4.32483414099994, 53.104046317000041 ], [ -4.324042930999951, 53.101948726000046 ], [ -4.319896, 53.098891999000045 ], [ -4.314542533999941, 53.101629251000077 ], [ -4.312706446731637, 53.10456247400986 ], [ -4.312052845662038, 53.104439855015301 ], [ -4.312098455953848, 53.105533763648396 ], [ -4.311212256999966, 53.106949502000077 ], [ -4.311744806999968, 53.126125194000053 ], [ -4.309939327999928, 53.127128792000065 ], [ -4.294876911154672, 53.135500443003544 ], [ -4.290595820017825, 53.13712377071618 ], [ -4.278374499999927, 53.140758499000071 ], [ -4.268412769424047, 53.150229874726818 ], [ -4.265708327277025, 53.151980399775937 ], [ -4.262412519462999, 53.155934769213033 ], [ -4.260111, 53.158122999000057 ], [ -4.243479517475492, 53.170162365675715 ], [ -4.221838116335618, 53.177750945150365 ], [ -4.214274069523569, 53.182130826799096 ], [ -4.214145987999927, 53.182182478000072 ], [ -4.214128233437565, 53.182215271648879 ], [ -4.212100267113215, 53.183389544192266 ], [ -4.208982348156553, 53.190447449689998 ], [ -4.209780046779136, 53.1995971505523 ], [ -4.209689543999957, 53.201396573000068 ], [ -4.208506136171796, 53.202837774712364 ], [ -4.193203449679004, 53.213166236532913 ], [ -4.186393999053485, 53.215349945420769 ], [ -4.175351384999942, 53.218340010000077 ], [ -4.168193645999963, 53.218625337000049 ], [ -4.163088499999958, 53.218887499000061 ], [ -4.160593, 53.219676999000058 ], [ -4.157523244999936, 53.221811104000039 ], [ -4.156252499999937, 53.222694499000056 ], [ -4.15184, 53.225467499000047 ], [ -4.147908053512012, 53.228067928786295 ], [ -4.141848949953504, 53.230427944033821 ], [ -4.141365, 53.230575499000054 ], [ -4.136569, 53.230968499000028 ], [ -4.134246499999961, 53.232146999000065 ], [ -4.127731946999972, 53.235691950000046 ], [ -4.123333334043579, 53.236815283537545 ], [ -4.122426795062685, 53.236580603708575 ], [ -4.118873096999948, 53.235263385000053 ], [ -4.119099, 53.234172999000066 ], [ -4.115511, 53.231574999000031 ], [ -4.11362349999996, 53.231532999000081 ], [ -4.111309499999948, 53.232196999000053 ], [ -4.11095072930048, 53.233609742877327 ], [ -4.107461333073502, 53.232706427160053 ], [ -4.093855695466656, 53.23491912458617 ], [ -4.086582819625596, 53.231965605560141 ], [ -4.083966136327717, 53.229509711404319 ], [ -4.081697210366735, 53.229981556854355 ], [ -4.080429802999959, 53.229466862000038 ], [ -4.077825802999939, 53.230150244000072 ], [ -4.066140879801046, 53.233216648665618 ], [ -4.065745949915254, 53.233298778216295 ], [ -4.051864743262854, 53.233290672626651 ], [ -4.046721952321337, 53.234468104354981 ], [ -4.034920241999941, 53.236827891000075 ], [ -4.033905379975734, 53.237402433029757 ], [ -4.030249118801351, 53.238239526732912 ], [ -4.027715908159465, 53.240906293908935 ], [ -4.025630042999978, 53.242087088000062 ], [ -4.01255213099995, 53.244334504000051 ], [ -4.012095883126436, 53.244563194662362 ], [ -4.010279655681302, 53.244887352169883 ], [ -4.008518823571762, 53.246356167662725 ], [ -4.007376, 53.246928999000033 ], [ -4.00112493499995, 53.248999132000051 ], [ -4.000408546472177, 53.252928785184807 ], [ -3.99489555071374, 53.254704388247674 ], [ -3.97411337799997, 53.260968130000037 ], [ -3.959735499999965, 53.265300999000033 ], [ -3.931311941999979, 53.269395756000051 ], [ -3.915762054999959, 53.274582226000064 ], [ -3.911530499999969, 53.275993499000037 ], [ -3.895626499999935, 53.284373999000081 ], [ -3.890472, 53.285606499000039 ], [ -3.883667, 53.288699999000073 ], [ -3.880434, 53.289497499000049 ], [ -3.878375499999947, 53.289115999000046 ], [ -3.87354267768131, 53.288867851335226 ], [ -3.870862841846133, 53.287655711042419 ], [ -3.867328733865601, 53.288548788157328 ], [ -3.864926182999966, 53.28842542600006 ], [ -3.862285514777795, 53.289823221077206 ], [ -3.858720302599579, 53.290724158293528 ], [ -3.854686024275769, 53.293845888644213 ], [ -3.852115760999936, 53.295206416000042 ], [ -3.846113996999975, 53.29607818900007 ], [ -3.83933202397177, 53.29294584888742 ], [ -3.826891541711007, 53.281327605384774 ], [ -3.815412044729669, 53.27636325326165 ], [ -3.810886264089277, 53.264617442740985 ], [ -3.798230171484761, 53.266926646347997 ], [ -3.798716545531818, 53.272448062828119 ], [ -3.822654247395235, 53.285863876616702 ], [ -3.824391700244005, 53.287367575054667 ], [ -3.822698, 53.289516499000058 ], [ -3.830752475564416, 53.292872580799319 ], [ -3.838327765114002, 53.299428701773138 ], [ -3.838801037045638, 53.300301044273908 ], [ -3.839934, 53.304034999000066 ], [ -3.840853, 53.306476499000041 ], [ -3.843208499999946, 53.308715999000071 ], [ -3.843825, 53.318332499000064 ], [ -3.844228013651359, 53.318606248422881 ], [ -3.844260930796963, 53.319320440086187 ], [ -3.847516256223499, 53.320839806772973 ], [ -3.850196553999979, 53.32266041500003 ], [ -3.857071512100405, 53.325299556739822 ], [ -3.865936755876078, 53.329437255525079 ], [ -3.871565396427214, 53.330863432844936 ], [ -3.876472245999935, 53.332747062000067 ], [ -3.878136981999944, 53.339325206000069 ], [ -3.867676272999972, 53.342762942000036 ], [ -3.849196677551706, 53.339992793154011 ], [ -3.833359115385664, 53.337443015864977 ], [ -3.829592366763572, 53.32822381084241 ], [ -3.829256653471305, 53.325722933166958 ], [ -3.828497864057474, 53.325544989965941 ], [ -3.828447, 53.325420499000074 ], [ -3.82332, 53.323768499000039 ], [ -3.818446498428688, 53.323187850894158 ], [ -3.81463897221056, 53.322294950451862 ], [ -3.811087165839078, 53.322685983373681 ], [ -3.805526499999928, 53.322868499000037 ], [ -3.78799, 53.325225999000054 ], [ -3.783138555951496, 53.327481258549263 ], [ -3.780731111301153, 53.32812547088718 ], [ -3.778012189979031, 53.328156548766131 ], [ -3.768544237706639, 53.321843265646855 ], [ -3.765844369999968, 53.319461312000044 ], [ -3.764334626145019, 53.319036273295588 ], [ -3.764166355192799, 53.318924069290802 ], [ -3.763458044417014, 53.318789488941547 ], [ -3.756794499999955, 53.316913499000066 ], [ -3.749800499999935, 53.31565499900006 ], [ -3.74677371250798, 53.315619435213435 ], [ -3.740219950589676, 53.314374208403308 ], [ -3.739779352934534, 53.306168675344395 ], [ -3.738646250362752, 53.305489420537775 ], [ -3.737428499999965, 53.303893999000081 ], [ -3.732092, 53.300452999000072 ], [ -3.726409499999932, 53.297652999000036 ], [ -3.7248648175071, 53.297227940295464 ], [ -3.723348974774808, 53.296319246336395 ], [ -3.717221110225898, 53.295375919551752 ], [ -3.715346499999953, 53.294936999000072 ], [ -3.707545, 53.29386499900005 ], [ -3.707321022026976, 53.293851894617148 ], [ -3.705471515497607, 53.293567180581192 ], [ -3.703623376910085, 53.293635554783449 ], [ -3.696657499999958, 53.293227999000067 ], [ -3.686374499999943, 53.293632499000068 ], [ -3.680672220548912, 53.29448447166741 ], [ -3.679779018766835, 53.294382830806896 ], [ -3.677024, 53.293605999000079 ], [ -3.671899499999938, 53.292930499000079 ], [ -3.664075805646995, 53.292595901888525 ], [ -3.661250114800509, 53.292274355676966 ], [ -3.659593785659521, 53.292404218666491 ], [ -3.654596499999968, 53.292190499000071 ], [ -3.639580724582844, 53.293973324635054 ], [ -3.635473966649727, 53.294295311279654 ], [ -3.631399735451109, 53.293595100273137 ], [ -3.622606, 53.290710499000056 ], [ -3.619552, 53.290214499000058 ], [ -3.613201, 53.290126999000051 ], [ -3.611960188980127, 53.290254154770246 ], [ -3.610068440805435, 53.289929032598991 ], [ -3.604717225036445, 53.291139274873807 ], [ -3.601135499999941, 53.291610499000058 ], [ -3.589359499999944, 53.29432299900003 ], [ -3.57756749999993, 53.296775999000033 ], [ -3.563959499999953, 53.300319499000068 ], [ -3.563508912090082, 53.300459034075175 ], [ -3.561015248054844, 53.301023006406865 ], [ -3.551782960738311, 53.304110323169276 ], [ -3.516017730957949, 53.315578503852294 ], [ -3.510176062874677, 53.312916755403933 ], [ -3.490636348888074, 53.324841976176401 ], [ -3.47295427362053, 53.329765558434076 ], [ -3.47209995312399, 53.329880752911663 ], [ -3.4687, 53.32944849900008 ], [ -3.46218749999997, 53.330287999000063 ], [ -3.449267089999978, 53.332726513000068 ], [ -3.446949, 53.333163999000078 ], [ -3.441086347315946, 53.334996680901085 ], [ -3.39875271617194, 53.34546390724821 ], [ -3.372575732465712, 53.35032327015476 ], [ -3.36258243491957, 53.350418992032417 ], [ -3.35476124243695, 53.350493908167607 ], [ -3.32100272169771, 53.356233358083443 ], [ -3.313411950800514, 53.353706240650638 ], [ -3.310683477539567, 53.346877536751073 ], [ -3.307726646999924, 53.337341695000077 ], [ -3.302588967752159, 53.334616009376475 ], [ -3.301929951006116, 53.333817363081209 ], [ -3.282675146740132, 53.323707461630306 ], [ -3.277770913461088, 53.322511319247042 ], [ -3.274647176999963, 53.321162494000077 ], [ -3.273001383494441, 53.321348030998557 ], [ -3.261689042425039, 53.318588951273533 ], [ -3.257068216999926, 53.314491566000072 ], [ -3.24024652092436, 53.308199728126439 ], [ -3.234283208403099, 53.305109738923534 ], [ -3.216582664184024, 53.299379316247276 ], [ -3.206541118363266, 53.295707973639317 ], [ -3.186130047263305, 53.282660960934834 ], [ -3.165618658074322, 53.272646069261043 ], [ -3.147854328114363, 53.261574744878942 ], [ -3.136570877622723, 53.258604976484769 ], [ -3.134201499999961, 53.257869499000037 ], [ -3.13397799678363, 53.25792253846889 ], [ -3.13196543086967, 53.257392837501364 ], [ -3.132035499999972, 53.256824499000061 ], [ -3.130429478949916, 53.256009753456894 ], [ -3.13035073434228, 53.255937153968603 ], [ -3.12998749999997, 53.254317999000079 ], [ -3.128709499999957, 53.252986999000029 ], [ -3.125084, 53.250537999000073 ], [ -3.123946344684501, 53.250032553946404 ], [ -3.122462749855572, 53.248664736788498 ], [ -3.096987962724029, 53.239014148784179 ], [ -3.084805727401942, 53.236555457168549 ], [ -3.084677677893761, 53.237107430168024 ], [ -3.081799634999925, 53.236551556000052 ], [ -3.083347, 53.239017499000056 ], [ -3.084055953942179, 53.239787446977722 ], [ -3.083363879619677, 53.242770717628865 ], [ -3.082067007999967, 53.242830137000055 ], [ -3.078984, 53.241657499000041 ], [ -3.074853314999928, 53.23971064400007 ], [ -3.07232821599996, 53.243361139000058 ], [ -3.074259, 53.244621499000061 ], [ -3.098021983999956, 53.250244657000053 ], [ -3.09707522892135, 53.252576986623204 ], [ -3.090952515345748, 53.25507366631706 ], [ -3.091439780093333, 53.255486604781908 ], [ -3.084193, 53.256122499000071 ], [ -3.088052, 53.257758999000032 ], [ -3.090689082999972, 53.258161953000069 ], [ -3.093105242999968, 53.259835523000049 ], [ -3.096605022999938, 53.25995550500005 ], [ -3.096839877106451, 53.260062982986298 ], [ -3.100695035663994, 53.263330084216953 ], [ -3.101346499999977, 53.266940999000042 ], [ -3.09931821999993, 53.268351396000071 ], [ -3.09944188999998, 53.27064634900006 ], [ -3.09655429399993, 53.272232347000056 ], [ -3.094577231999949, 53.272038359000078 ], [ -3.092101, 53.26902749900006 ], [ -3.087305, 53.272468999000068 ], [ -3.090968264999958, 53.277051244000063 ], [ -3.082207328999971, 53.280053014000032 ], [ -3.105999165999947, 53.289836161000039 ], [ -3.106994966999935, 53.295163900000034 ], [ -3.110706, 53.296317999000053 ], [ -3.12277748799994, 53.319355327000039 ], [ -3.119811568999978, 53.323126494000064 ], [ -3.131487248690311, 53.329996758993339 ], [ -3.145888447893299, 53.340182065749957 ], [ -3.146171601618225, 53.340332850827593 ], [ -3.148077, 53.341842499000052 ], [ -3.15442749999994, 53.345386499000028 ], [ -3.156501104935776, 53.345833519978676 ], [ -3.164683366697985, 53.350190739631714 ], [ -3.181507, 53.363906999000051 ], [ -3.182339108334771, 53.364006369567917 ], [ -3.188239812716859, 53.369585275939983 ], [ -3.199265766798887, 53.384331335596897 ], [ -3.199411312452828, 53.385626226222129 ], [ -3.186823981879157, 53.394071091598583 ], [ -3.17552461799994, 53.400304472000073 ], [ -3.147651661520442, 53.409642202600267 ], [ -3.133050803716142, 53.413367231404955 ], [ -3.124737, 53.414924499000051 ], [ -3.118867, 53.416442999000026 ], [ -3.111528924214553, 53.41885797873973 ], [ -3.104881344338632, 53.420553935706856 ], [ -3.104100499999959, 53.420474999000078 ], [ -3.100172, 53.421710999000027 ], [ -3.099855534782871, 53.421836140191893 ], [ -3.099541544506167, 53.42191624663775 ], [ -3.099133565087707, 53.422121631750706 ], [ -3.096361, 53.42321799900003 ], [ -3.092343486604961, 53.425539894959691 ], [ -3.081858543143097, 53.43081822812993 ], [ -3.073014278999949, 53.435065984000062 ], [ -3.066159246264846, 53.437190081177718 ], [ -3.052461154506192, 53.440283298342045 ], [ -3.039040317999934, 53.440798503000053 ], [ -3.030082499999935, 53.427150499000049 ], [ -3.028761602594966, 53.424987162583484 ], [ -3.025805115513435, 53.419271945743901 ], [ -3.015758558853386, 53.409051373295739 ], [ -3.015204007319566, 53.407693134125005 ], [ -3.014501242509938, 53.40591584747294 ], [ -3.015275499999973, 53.404765999000062 ], [ -3.012799, 53.401565499000071 ], [ -3.011171372999968, 53.397374423000031 ], [ -3.006526, 53.385410499000045 ], [ -3.005463164999981, 53.380682317000037 ], [ -2.996646756270344, 53.369694829185065 ], [ -2.996531009298167, 53.368287563220804 ], [ -2.993400038351378, 53.366543226693253 ], [ -2.987501263999945, 53.361948369000061 ], [ -2.984658265949952, 53.361672982550289 ], [ -2.980551755087986, 53.359385150111386 ], [ -2.973232185999962, 53.35307165200004 ], [ -2.963584669999932, 53.341872048000027 ], [ -2.958204499999965, 53.332599499000082 ], [ -2.957719, 53.331443999000044 ], [ -2.952581, 53.326907999000071 ], [ -2.949566499999946, 53.323329999000066 ], [ -2.947963463381784, 53.322890487676702 ], [ -2.939482808484286, 53.315286755879299 ], [ -2.936934220028352, 53.313802997722028 ], [ -2.932648, 53.310561999000072 ], [ -2.928556499999956, 53.308276999000043 ], [ -2.925851757557319, 53.307350918707186 ], [ -2.923251629258914, 53.305837154661162 ], [ -2.920953102257938, 53.305673661729685 ], [ -2.920000499999958, 53.30534749900005 ], [ -2.919362413774809, 53.305560516953456 ], [ -2.913526739311104, 53.305145428714411 ], [ -2.911340499999937, 53.30420299900004 ], [ -2.907680499999969, 53.301517499000056 ], [ -2.905839499999956, 53.301170499000079 ], [ -2.903621, 53.298832499000071 ], [ -2.895515620773937, 53.296360647237385 ], [ -2.890160203130563, 53.293347835934185 ], [ -2.87147223975154, 53.289144277886408 ], [ -2.859511818158336, 53.292070884434906 ], [ -2.856000499999936, 53.29227049900004 ], [ -2.855977897639338, 53.292294589755336 ], [ -2.844654679369683, 53.292087316476511 ], [ -2.823603510792907, 53.298774123027442 ], [ -2.812434456696194, 53.304447351463715 ], [ -2.799957800999948, 53.299087856000028 ], [ -2.789268, 53.296874999000067 ], [ -2.773716928503422, 53.303763144961408 ], [ -2.772742748178871, 53.303674459609113 ], [ -2.752436876560296, 53.313024043624921 ], [ -2.753120593999165, 53.31400952539623 ], [ -2.752411499999937, 53.31475449900006 ], [ -2.753621499999952, 53.317119499000057 ], [ -2.75753883959662, 53.320377800139433 ], [ -2.763220319357095, 53.328566847865417 ], [ -2.763015272506961, 53.33040836850617 ], [ -2.762016601035468, 53.332675606677334 ], [ -2.761375, 53.333675499000037 ], [ -2.760558021447593, 53.334354844763503 ], [ -2.744034587445882, 53.345239765077899 ], [ -2.743577330999926, 53.345322779000071 ], [ -2.721958499999971, 53.344524499000045 ], [ -2.719587536294333, 53.345763607788918 ], [ -2.715948104920642, 53.345793843411343 ], [ -2.698767088531796, 53.356442545148802 ], [ -2.684721365999962, 53.35527576100003 ], [ -2.675232499999936, 53.354487499000072 ], [ -2.671755240999971, 53.355358251000041 ], [ -2.666459275999955, 53.358263817000079 ], [ -2.663967133999961, 53.366952342000047 ], [ -2.658234171999936, 53.373045432000026 ], [ -2.654168593999941, 53.374026819000051 ], [ -2.643169500999932, 53.372662567000077 ], [ -2.637214847999928, 53.376895232000038 ], [ -2.628237499999955, 53.375564499000063 ], [ -2.638638, 53.37812849900007 ], [ -2.642278499999975, 53.377372499000046 ], [ -2.645664499999953, 53.373965999000063 ], [ -2.654277499999978, 53.375846999000032 ], [ -2.656519, 53.375457999000048 ], [ -2.660152499999981, 53.373935499000027 ], [ -2.664646499999947, 53.370048499000063 ], [ -2.670282499999928, 53.362193999000056 ], [ -2.671755240999971, 53.358971220000058 ], [ -2.677634807999937, 53.356986078000034 ], [ -2.684721365999962, 53.359169507000047 ], [ -2.693379499999935, 53.361836999000047 ], [ -2.699934, 53.362262499000053 ], [ -2.702117, 53.361881499000049 ], [ -2.705101499999955, 53.361148999000079 ], [ -2.706090643767474, 53.360699770503039 ], [ -2.72554194930126, 53.355189561749114 ], [ -2.72570077305756, 53.355059923884539 ], [ -2.728022499999952, 53.354610499000046 ], [ -2.729026499999975, 53.353111499000079 ], [ -2.731712, 53.352107999000054 ], [ -2.731431969292936, 53.35038190808438 ], [ -2.734406136866053, 53.347954281751591 ], [ -2.736673, 53.347865999000078 ], [ -2.741165499999966, 53.349738999000067 ], [ -2.743577330999926, 53.350096898000061 ], [ -2.747463, 53.350673499000038 ], [ -2.75876, 53.349563499000055 ], [ -2.764338, 53.348190499000054 ], [ -2.768959499999937, 53.345584999000039 ], [ -2.777212499999962, 53.335601999000062 ], [ -2.777770897869941, 53.334197951779053 ], [ -2.777792572768647, 53.3341747518636 ], [ -2.783434396140574, 53.324687481173044 ], [ -2.785174499999926, 53.323634999000035 ], [ -2.787653, 53.322818999000049 ], [ -2.794609, 53.322257999000044 ], [ -2.797628499999973, 53.324512499000036 ], [ -2.803504499999974, 53.327457499000047 ], [ -2.817781, 53.332652999000061 ], [ -2.822377499999959, 53.333293999000034 ], [ -2.824398, 53.332919999000069 ], [ -2.826677, 53.331672499000035 ], [ -2.828812, 53.331004999000072 ], [ -2.835846245745965, 53.327317658867891 ], [ -2.836946418091197, 53.327015006008168 ], [ -2.839796499999977, 53.326816499000074 ], [ -2.846582280603405, 53.327114012216143 ], [ -2.855355620665023, 53.327623128704943 ], [ -2.855359495162984, 53.327624109645996 ], [ -2.87814149999997, 53.334224499000072 ], [ -2.900841499999956, 53.34373849900004 ], [ -2.904880499999933, 53.345714499000053 ], [ -2.910013499999934, 53.34945699900004 ], [ -2.914425, 53.352172999000061 ], [ -2.915902499999959, 53.353748499000062 ], [ -2.918905, 53.354957499000079 ], [ -2.922430499999962, 53.357284499000059 ], [ -2.926287304357821, 53.358929478222421 ], [ -2.92650175125425, 53.359066724350384 ], [ -2.927464823943034, 53.359431706251605 ], [ -2.945720499999936, 53.367217999000047 ], [ -2.969285, 53.375831499000071 ], [ -2.984458915999937, 53.386193581000043 ], [ -2.995046499999944, 53.400954999000078 ], [ -3.001757, 53.411102499000037 ], [ -3.008742, 53.43841149900004 ], [ -3.009482163281086, 53.439309338859644 ], [ -3.009570002653163, 53.439687370975491 ], [ -3.013196211363775, 53.443814110075678 ], [ -3.022403877999977, 53.454981105000059 ], [ -3.023096839096663, 53.45508133456336 ], [ -3.024377107217333, 53.456538319787853 ], [ -3.030165016021794, 53.45679790246016 ], [ -3.036378, 53.461463999000046 ], [ -3.040510059999974, 53.465217979000045 ], [ -3.038198938999926, 53.469625456000074 ], [ -3.03942244378076, 53.471579008686518 ], [ -3.039126754095946, 53.472234844862726 ], [ -3.041490145701276, 53.47488047894219 ], [ -3.043375, 53.47788999900007 ], [ -3.056501184388221, 53.493411100469004 ], [ -3.063004764729301, 53.507850867676495 ], [ -3.063766499999929, 53.510562999000058 ], [ -3.064369223903821, 53.514551980710856 ], [ -3.06388354319057, 53.522181749688343 ], [ -3.100786924776344, 53.543535112955226 ], [ -3.103553056827707, 53.551367640504452 ], [ -3.09940922275689, 53.567864179988021 ], [ -3.090244770479444, 53.579993248290123 ], [ -3.0602027178806, 53.609085440540923 ], [ -3.043568849222709, 53.631254911585074 ], [ -3.030945301284191, 53.639665246354127 ], [ -3.023276210228516, 53.647967457432571 ], [ -2.990062952043218, 53.67159593100763 ], [ -2.98602604826317, 53.679443359423715 ], [ -2.972198724491136, 53.693876862227683 ], [ -2.964943565469995, 53.695937880325097 ], [ -2.963071989999946, 53.693252956000038 ], [ -2.956203, 53.697528999000042 ], [ -2.95156181599998, 53.700797093000062 ], [ -2.952594256607736, 53.702971093341041 ], [ -2.949435315553347, 53.705845588887904 ], [ -2.947018474999936, 53.706339473000071 ], [ -2.940816716999961, 53.70760677100003 ], [ -2.947739904999935, 53.713773125000046 ], [ -2.944185110819431, 53.718156582459287 ], [ -2.942224621968364, 53.718882203251439 ], [ -2.932623698909272, 53.724702154504861 ], [ -2.918031905999953, 53.72606520100004 ], [ -2.913476124999931, 53.724405542000056 ], [ -2.907472499999926, 53.728446999000028 ], [ -2.900585343999978, 53.726486312000077 ], [ -2.892458906999934, 53.730268894000062 ], [ -2.885786622999944, 53.729931543000077 ], [ -2.862453010999957, 53.733768284000064 ], [ -2.848566337999955, 53.729843963000064 ], [ -2.833743, 53.72212999900006 ], [ -2.852125497999964, 53.733204571000044 ], [ -2.85328065899995, 53.735684029000026 ], [ -2.850066661999961, 53.736565237000036 ], [ -2.826966231999961, 53.742898331000049 ], [ -2.818582925999976, 53.742325093000034 ], [ -2.816195336999954, 53.745191807000026 ], [ -2.789541657999962, 53.751424937000081 ], [ -2.774392499999976, 53.753440999000077 ], [ -2.757161, 53.756469499000048 ], [ -2.764270499999952, 53.756446999000048 ], [ -2.785476499999959, 53.753829999000061 ], [ -2.794062499999939, 53.752132499000027 ], [ -2.816315, 53.747272499000076 ], [ -2.820664, 53.746394999000074 ], [ -2.823135499999978, 53.74536899900005 ], [ -2.830802, 53.744216999000059 ], [ -2.857263499999931, 53.738128499000027 ], [ -2.862941499999977, 53.737491499000043 ], [ -2.872008296999979, 53.736565237000036 ], [ -2.875671499999953, 53.73619099900003 ], [ -2.878525499999967, 53.73542799900008 ], [ -2.889971499999945, 53.734515999000052 ], [ -2.903417499999932, 53.732558999000048 ], [ -2.91871, 53.731525499000043 ], [ -2.925852499999962, 53.731437499000037 ], [ -2.929147499999942, 53.731544499000051 ], [ -2.937220499999967, 53.73247899900008 ], [ -2.941822499999944, 53.73229199900004 ], [ -2.949356499999965, 53.732753999000067 ], [ -2.951578499999925, 53.733077999000045 ], [ -2.951895499999978, 53.73436749900003 ], [ -2.957929, 53.733474499000067 ], [ -2.963361499999962, 53.73436749900003 ], [ -2.974754, 53.733978499000045 ], [ -2.980061499999977, 53.734473999000045 ], [ -2.988756021999961, 53.736565237000036 ], [ -2.99164049999996, 53.737258999000062 ], [ -2.994664, 53.737483999000062 ], [ -2.998894482133932, 53.736976713084772 ], [ -3.014497121060146, 53.73929198166622 ], [ -3.021584775424706, 53.741477549934253 ], [ -3.029294483562929, 53.744655394981343 ], [ -3.033915339812608, 53.747597140737298 ], [ -3.045882106073918, 53.757673978571404 ], [ -3.056862830248686, 53.776572229359871 ], [ -3.057633683816027, 53.77789889814828 ], [ -3.058015870512141, 53.779965048170808 ], [ -3.056381344722865, 53.799617052085807 ], [ -3.056574217774514, 53.813907972507145 ], [ -3.056442499999946, 53.814288999000041 ], [ -3.056613499999969, 53.819205999000076 ], [ -3.056648148922598, 53.819385897727287 ], [ -3.056677574919496, 53.821566215694986 ], [ -3.056076499999961, 53.822501999000053 ], [ -3.056462, 53.82878099900006 ], [ -3.055793238453769, 53.840009437808888 ], [ -3.05556649794883, 53.842155958466385 ], [ -3.055048706719567, 53.845230377014026 ], [ -3.047335028288558, 53.867892980177146 ], [ -3.047370919039924, 53.875739944712748 ], [ -3.047397948826069, 53.881649594558851 ], [ -3.046850499999948, 53.887576999000032 ], [ -3.04719149999994, 53.891668499000048 ], [ -3.047474074999968, 53.89307791400006 ], [ -3.047595675747071, 53.893684298295092 ], [ -3.050905228444086, 53.914560633466429 ], [ -3.050935, 53.916209999000046 ], [ -3.050171, 53.919195999000067 ], [ -3.048382445417972, 53.920828514600466 ], [ -3.045012067875455, 53.922800955316681 ], [ -3.042373, 53.924026499000036 ], [ -3.038639, 53.924510999000063 ], [ -3.037599262461156, 53.9248159581945 ], [ -3.021119714202882, 53.926504611898679 ], [ -3.019858680896349, 53.926921678323495 ], [ -3.018410500999948, 53.927178798000057 ], [ -3.014133071999936, 53.92858129800004 ], [ -3.011076430999935, 53.928706997000063 ], [ -3.00859962889202, 53.928601273596215 ], [ -3.005567093594804, 53.926729056213055 ], [ -3.004190985999969, 53.924475302000076 ], [ -3.005161078999947, 53.92230425200006 ], [ -3.011171372999968, 53.920270899000059 ], [ -3.006369416999974, 53.917120013000044 ], [ -3.00636887099995, 53.913535474000071 ], [ -3.006367014999967, 53.901323169000079 ], [ -3.005481363242902, 53.899796591738315 ], [ -3.005715012837072, 53.897491574376716 ], [ -3.00232997110366, 53.894364610664162 ], [ -3.001932499999953, 53.893679499000029 ], [ -2.993287707999968, 53.885722271000077 ], [ -2.992778623247288, 53.885541464450625 ], [ -2.991886616174099, 53.884717464639436 ], [ -2.983864858562382, 53.882375651632991 ], [ -2.981175499999949, 53.881420499000058 ], [ -2.978610633127019, 53.880841771645727 ], [ -2.976990888747888, 53.880368915366873 ], [ -2.97467136000321, 53.879002959272995 ], [ -2.978288173460044, 53.871222138191627 ], [ -2.978257851005218, 53.871223244354127 ], [ -2.978979, 53.870845999000039 ], [ -2.979096499999969, 53.867946499000027 ], [ -2.977669, 53.865955499000052 ], [ -2.976814, 53.862067999000033 ], [ -2.959704194999972, 53.860321098000043 ], [ -2.950482112999964, 53.852474202000053 ], [ -2.94254, 53.850833999000031 ], [ -2.952613, 53.857778499000062 ], [ -2.957985965999967, 53.86225119900007 ], [ -2.971366518999957, 53.864784597000039 ], [ -2.965381651906856, 53.871692967820906 ], [ -2.96449804294997, 53.871725201856691 ], [ -2.964881084320797, 53.872270776225271 ], [ -2.964833247999934, 53.87232599400005 ], [ -2.965271344999962, 53.875700236000057 ], [ -2.969678036025231, 53.879103181538582 ], [ -2.971359729867231, 53.881498455589565 ], [ -2.987035461059256, 53.892506974030759 ], [ -2.991512204999935, 53.89596401600005 ], [ -2.992728930727437, 53.898744351345741 ], [ -2.994136204021884, 53.903854380513351 ], [ -2.99207, 53.907211499000027 ], [ -2.995277856999962, 53.909463087000063 ], [ -2.994780119999973, 53.913535474000071 ], [ -2.997374069999978, 53.918108284000027 ], [ -2.995987801999945, 53.927178798000057 ], [ -2.995788723723859, 53.928481184205651 ], [ -2.986432552619931, 53.92962872988204 ], [ -2.952935934245602, 53.939674854111445 ], [ -2.914217949198644, 53.946135402027437 ], [ -2.913644336415535, 53.945932771207282 ], [ -2.912942707999946, 53.944508443000075 ], [ -2.904454882999971, 53.940542042000061 ], [ -2.887301278999928, 53.942291970000042 ], [ -2.89116848313049, 53.944294806892486 ], [ -2.881351300057211, 53.947647584408429 ], [ -2.878734865999945, 53.947833929000069 ], [ -2.877846900918086, 53.948844411497511 ], [ -2.876609444270002, 53.949267029349869 ], [ -2.87619550658976, 53.950723657764328 ], [ -2.87400385899997, 53.953217699000049 ], [ -2.865883388999976, 53.955739079000068 ], [ -2.864913190939556, 53.958104717719067 ], [ -2.860765457359662, 53.959249853897688 ], [ -2.855297326610014, 53.965245247270389 ], [ -2.856830165713319, 53.965736866118441 ], [ -2.85645550299995, 53.966022293000037 ], [ -2.870513667805622, 53.970125498637955 ], [ -2.871584333760381, 53.97046888729642 ], [ -2.874538919124971, 53.973156327750239 ], [ -2.876938343429401, 53.97812271159404 ], [ -2.872022940665231, 53.982684711535711 ], [ -2.869900564999966, 53.983979611000052 ], [ -2.869840793956726, 53.984709968393503 ], [ -2.869447230904598, 53.985075235434067 ], [ -2.869613570386341, 53.987486470284765 ], [ -2.869268864999981, 53.991698512000028 ], [ -2.85520857521895, 53.999172801933994 ], [ -2.848459044662906, 53.999178448532355 ], [ -2.841254020999941, 53.997806929000035 ], [ -2.832991998999944, 53.99882556600005 ], [ -2.82945449999994, 54.015499999000042 ], [ -2.829974, 54.020110999000053 ], [ -2.82843749999995, 54.027892999000073 ], [ -2.831841499999939, 54.032466999000064 ], [ -2.835388499999965, 54.035022999000034 ], [ -2.842118, 54.041126499000029 ], [ -2.842793, 54.043857499000069 ], [ -2.84188249999994, 54.04543299900007 ], [ -2.824375, 54.051505999000028 ], [ -2.809458499999948, 54.054977999000073 ], [ -2.838223, 54.049100999000075 ], [ -2.84518658099995, 54.04296875600005 ], [ -2.83329671599995, 54.027128163000043 ], [ -2.835927893999951, 54.010304365000081 ], [ -2.844247096999936, 54.005841863000057 ], [ -2.845411805831255, 54.005732573735798 ], [ -2.853536963059923, 54.006052017486979 ], [ -2.864282669873109, 54.00464433031177 ], [ -2.873859956999979, 54.005393394000066 ], [ -2.875848633695625, 53.996715303234929 ], [ -2.879685647492042, 53.991375933502979 ], [ -2.881023227999947, 53.990130024000052 ], [ -2.883835027423584, 53.991941075650978 ], [ -2.893104672542279, 54.000471353670548 ], [ -2.903562720802586, 54.018330547451328 ], [ -2.903141855999934, 54.019709766000062 ], [ -2.904952698897205, 54.020704211018845 ], [ -2.90570294863187, 54.021985411397907 ], [ -2.922729253551779, 54.030530333308718 ], [ -2.92110812073864, 54.031340576684507 ], [ -2.913551156999972, 54.033826714000043 ], [ -2.915149575503285, 54.03437871408871 ], [ -2.911676702800031, 54.038130103183072 ], [ -2.911643, 54.038142999000058 ], [ -2.906115, 54.039607999000054 ], [ -2.906518499999947, 54.042571999000074 ], [ -2.90536149999997, 54.044574499000078 ], [ -2.905458415037128, 54.044847083300851 ], [ -2.902732729831314, 54.047791362181613 ], [ -2.898355978611436, 54.049326877389554 ], [ -2.897333419999939, 54.049531963000049 ], [ -2.895877925766527, 54.052117470913707 ], [ -2.890590732047646, 54.060272910427749 ], [ -2.886211499999945, 54.065154999000072 ], [ -2.881762499999979, 54.066280499000072 ], [ -2.877555, 54.068992499000046 ], [ -2.877324791684712, 54.069528700803382 ], [ -2.868082450796962, 54.073596431379123 ], [ -2.867643741999927, 54.073614723000048 ], [ -2.857537088999948, 54.077143531000047 ], [ -2.84879449999994, 54.077311499000075 ], [ -2.845210899281314, 54.078239115311256 ], [ -2.84220480920419, 54.078455447960835 ], [ -2.841132988750044, 54.079294683891952 ], [ -2.840634881999961, 54.079423619000067 ], [ -2.826316, 54.086970999000073 ], [ -2.826352911304552, 54.087045109423279 ], [ -2.818632602612183, 54.08900654331768 ], [ -2.812670713653709, 54.106095343460979 ], [ -2.810165279999978, 54.107199773000048 ], [ -2.809268537434654, 54.108058634386538 ], [ -2.803532838869103, 54.110674858158575 ], [ -2.794921040673103, 54.121879578080268 ], [ -2.797087711072726, 54.125400921183015 ], [ -2.79671320999995, 54.125842930000033 ], [ -2.795454765999978, 54.127328169000066 ], [ -2.800475343282902, 54.128134960569795 ], [ -2.81450533855002, 54.133448958702672 ], [ -2.822554230393109, 54.148289203284151 ], [ -2.835520863396653, 54.161007046937868 ], [ -2.836845278786313, 54.173919558740806 ], [ -2.839156886902893, 54.174916965206037 ], [ -2.849943518578129, 54.179571152087362 ], [ -2.86203265051012, 54.182123219486705 ], [ -2.864315894999947, 54.183973478000041 ], [ -2.864241788787746, 54.184557887577498 ], [ -2.862144110328377, 54.192418125163684 ], [ -2.854349733999925, 54.193948545000069 ], [ -2.854211966935579, 54.194014251199938 ], [ -2.853047847879566, 54.19409477685241 ], [ -2.832739829579111, 54.203649759728989 ], [ -2.822736859318297, 54.203364252858194 ], [ -2.802161455486385, 54.219718456641601 ], [ -2.790067035760917, 54.226891834432386 ], [ -2.789148499999953, 54.227340499000036 ], [ -2.789077368937457, 54.227478820345958 ], [ -2.78827595726932, 54.227954149364791 ], [ -2.788634271163419, 54.228340467540981 ], [ -2.788607, 54.228393499000049 ], [ -2.78925449999997, 54.231384499000058 ], [ -2.794129913734496, 54.234265626040369 ], [ -2.795384883645693, 54.235618679034566 ], [ -2.79989151999996, 54.245212612000046 ], [ -2.806232, 54.246555499000067 ], [ -2.808379334999927, 54.244481440000072 ], [ -2.802234802999976, 54.243186447000028 ], [ -2.803024743089289, 54.235921638824109 ], [ -2.805304169651379, 54.234962820577948 ], [ -2.804912567061024, 54.226147413172839 ], [ -2.830379280008408, 54.218996096385091 ], [ -2.831633669999974, 54.21869547600005 ], [ -2.83170557197392, 54.218623659863027 ], [ -2.833850741418075, 54.218021274062778 ], [ -2.837191424970413, 54.21314435590439 ], [ -2.844299793956002, 54.206044472924091 ], [ -2.870429873339617, 54.203535318300567 ], [ -2.877261904735248, 54.201701020455701 ], [ -2.878451499999926, 54.201553499000056 ], [ -2.904582153999968, 54.194743865000078 ], [ -2.912287499999934, 54.186450499000046 ], [ -2.913099535186393, 54.185479766017984 ], [ -2.914864540165809, 54.184029578902141 ], [ -2.915035184714802, 54.18316582830905 ], [ -2.919599499999947, 54.177709499000059 ], [ -2.934046513999931, 54.166076408000038 ], [ -2.933084840999925, 54.156009254000082 ], [ -2.935067905992189, 54.156508608302694 ], [ -2.938413143151763, 54.158949732644203 ], [ -2.941260831546617, 54.158068044848342 ], [ -2.941673155999979, 54.158171872000082 ], [ -2.942200500795158, 54.157777108905329 ], [ -2.96084964269653, 54.152003049901055 ], [ -2.981293439740057, 54.149278879317023 ], [ -2.992408276020797, 54.153042078029841 ], [ -3.003644347208422, 54.160620808803458 ], [ -2.997402668197992, 54.165124416658784 ], [ -2.996220708118813, 54.175349354888965 ], [ -3.024349569976266, 54.190158009884556 ], [ -3.029789547085073, 54.197039948197094 ], [ -3.027509804291296, 54.198268191091273 ], [ -3.014569163036072, 54.203348755740478 ], [ -3.015797567302533, 54.204578320416232 ], [ -3.015696159999948, 54.204632955000079 ], [ -3.024537, 54.217792499000041 ], [ -3.027874533190539, 54.221730048320303 ], [ -3.029734969392905, 54.225351333297738 ], [ -3.031060102795023, 54.225488314295411 ], [ -3.032913170999961, 54.227674524000065 ], [ -3.042417918396071, 54.227095353114116 ], [ -3.047479970894745, 54.229399916065574 ], [ -3.048593307999965, 54.233087829000056 ], [ -3.047474074999968, 54.23507615300008 ], [ -3.035010004999947, 54.239312308000081 ], [ -3.030835501999945, 54.243997827000044 ], [ -3.03217, 54.245723499000064 ], [ -3.038349399999959, 54.240351813000075 ], [ -3.047474074999968, 54.239982742000052 ], [ -3.051591499999972, 54.234550499000079 ], [ -3.05189623341704, 54.231410475022734 ], [ -3.052537560459655, 54.231702447210409 ], [ -3.052558749916387, 54.224583794465836 ], [ -3.052842753999926, 54.22165736900007 ], [ -3.052567992281702, 54.221478797955101 ], [ -3.052577257434052, 54.218366146080996 ], [ -3.041768687718606, 54.217898114873179 ], [ -3.040229129691343, 54.217350930438279 ], [ -3.03504431224485, 54.213482618728165 ], [ -3.039169338282604, 54.20478624356705 ], [ -3.040900563999969, 54.202892697000038 ], [ -3.043837054183308, 54.20164443858954 ], [ -3.048117863454093, 54.200250833914396 ], [ -3.049687499999948, 54.200622499000076 ], [ -3.053117, 54.198940499000059 ], [ -3.054831499999977, 54.195335499000066 ], [ -3.054931499999952, 54.193610999000043 ], [ -3.053895988999955, 54.189011833000052 ], [ -3.059504502340654, 54.182486766935149 ], [ -3.062963962116726, 54.179613709804869 ], [ -3.062553905479109, 54.178939025184668 ], [ -3.062605499999961, 54.178878999000062 ], [ -3.062387438888854, 54.178665130220118 ], [ -3.059088919428891, 54.173237927865806 ], [ -3.059046499999965, 54.173141499000053 ], [ -3.058759308142541, 54.172351977508491 ], [ -3.059066999618869, 54.171276700170694 ], [ -3.060059499999966, 54.169681499000035 ], [ -3.059936844342388, 54.168236887921857 ], [ -3.061789181663288, 54.161763597316316 ], [ -3.070302, 54.159312999000065 ], [ -3.076752499999941, 54.155120999000076 ], [ -3.078061499999933, 54.15388499900007 ], [ -3.079358, 54.150573499000075 ], [ -3.083747499999959, 54.146980499000051 ], [ -3.085199591561476, 54.141705239927681 ], [ -3.085330717705729, 54.14140046595174 ], [ -3.08772, 54.138244499000052 ], [ -3.087618499999962, 54.136302999000065 ], [ -3.090688499999942, 54.134834499000078 ], [ -3.093070990528985, 54.132621795152431 ], [ -3.099867343702499, 54.128495216781118 ], [ -3.09992259559024, 54.128402758481073 ], [ -3.100612499999954, 54.128051999000036 ], [ -3.101463322999962, 54.125842930000033 ], [ -3.106344614999955, 54.118929207000065 ], [ -3.118869814999925, 54.113660591000041 ], [ -3.11915084104343, 54.113419595385842 ], [ -3.119742154976109, 54.113197803635842 ], [ -3.124095427848522, 54.109179334521777 ], [ -3.132380549999937, 54.102074377000065 ], [ -3.149062, 54.093600999000046 ], [ -3.150528399198972, 54.092728846507839 ], [ -3.15587937803042, 54.089979648442352 ], [ -3.159847033677699, 54.08718651513567 ], [ -3.166090831704331, 54.083472967001178 ], [ -3.182403911840889, 54.088576348318043 ], [ -3.18527876782652, 54.090385024746467 ], [ -3.186254477865671, 54.094820533612662 ], [ -3.186300205999942, 54.096322668000028 ], [ -3.186696794475849, 54.096831273655681 ], [ -3.187165022147497, 54.098959803552532 ], [ -3.189660890083593, 54.100632583783415 ], [ -3.190235834999953, 54.10136992300005 ], [ -3.192242766510952, 54.102363008612308 ], [ -3.20009303106815, 54.107624411737277 ], [ -3.209683775485416, 54.10095334062413 ], [ -3.225888862117813, 54.094541245432332 ], [ -3.238554606546108, 54.103938677846301 ], [ -3.238560279871237, 54.103943947609892 ], [ -3.241855499999929, 54.112373499000057 ], [ -3.244187880999959, 54.124336357000061 ], [ -3.244158580999965, 54.125842930000033 ], [ -3.244095, 54.129111999000031 ], [ -3.241720824210097, 54.140993064724327 ], [ -3.237207532101536, 54.153631448732654 ], [ -3.238278773050213, 54.153865255666489 ], [ -3.237737256999935, 54.155505549000054 ], [ -3.242963570999962, 54.157729480000057 ], [ -3.247569278820946, 54.15639357333626 ], [ -3.254923815261226, 54.161783216697501 ], [ -3.256561079999926, 54.163820071000032 ], [ -3.256476765413002, 54.164891863964591 ], [ -3.253347971451933, 54.169488682963397 ], [ -3.248335711892463, 54.171148435162593 ], [ -3.244786420119524, 54.171928806403905 ], [ -3.241694870922864, 54.171910458632283 ], [ -3.227059602817974, 54.170842170430035 ], [ -3.221739887157505, 54.174992608784777 ], [ -3.21818368299995, 54.176887395000051 ], [ -3.217723422397246, 54.178126251718986 ], [ -3.215157151081371, 54.18012845476477 ], [ -3.212953448742269, 54.195310116169082 ], [ -3.206246972219617, 54.200989246756365 ], [ -3.203162845461687, 54.213006860738986 ], [ -3.201431572083302, 54.219752943761137 ], [ -3.194282620999957, 54.229142115000059 ], [ -3.202347069257001, 54.237849129991687 ], [ -3.203474759852043, 54.240668773445293 ], [ -3.20704453139944, 54.242920880964988 ], [ -3.21158399199993, 54.247822041000063 ], [ -3.213944830509852, 54.253208853378212 ], [ -3.214137911634964, 54.254545211892321 ], [ -3.214515493503777, 54.254510956197407 ], [ -3.215389520999963, 54.256505257000072 ], [ -3.229782, 54.260085999000069 ], [ -3.223526715038981, 54.253526514834718 ], [ -3.223612503485115, 54.252954788655529 ], [ -3.227114856999947, 54.249229429000081 ], [ -3.224612849825532, 54.246288107804553 ], [ -3.225088975169084, 54.24311503105875 ], [ -3.225649253851017, 54.241286950606522 ], [ -3.230416233529088, 54.235796374169098 ], [ -3.234816143999979, 54.232003191000047 ], [ -3.234691092238408, 54.230872619488409 ], [ -3.237526536020596, 54.227606773633909 ], [ -3.245229244633492, 54.225418925443307 ], [ -3.248036232489764, 54.222532498194141 ], [ -3.253941, 54.21916199900005 ], [ -3.255013591999955, 54.215960085000063 ], [ -3.250674516999936, 54.21477451800007 ], [ -3.249185961999956, 54.209984034000058 ], [ -3.240710499456739, 54.203263131857419 ], [ -3.240643262476226, 54.203159570757805 ], [ -3.241292437893576, 54.2023767111843 ], [ -3.251769947840041, 54.193982151343775 ], [ -3.258140551771044, 54.191860652732764 ], [ -3.267271929892386, 54.190595196935995 ], [ -3.274740991080116, 54.192796486811098 ], [ -3.277803499999948, 54.194038499000044 ], [ -3.283196579999981, 54.196378055000082 ], [ -3.284191051792915, 54.195581619030975 ], [ -3.285174131580561, 54.195871353380255 ], [ -3.297996253351982, 54.189206712680289 ], [ -3.312925815999961, 54.188650414000051 ], [ -3.321704446999945, 54.190515919000063 ], [ -3.330026499999974, 54.19639199900007 ], [ -3.352535, 54.220218499000055 ], [ -3.362554077304725, 54.229620587091475 ], [ -3.364668011319282, 54.231877922928049 ], [ -3.368840077601725, 54.235268059662516 ], [ -3.379204, 54.244334999000046 ], [ -3.38399634513017, 54.247583736314581 ], [ -3.384651541634867, 54.248116135751332 ], [ -3.385481008103294, 54.248590191373488 ], [ -3.386666, 54.249393499000064 ], [ -3.38898649999993, 54.251765999000042 ], [ -3.393043, 54.253520999000045 ], [ -3.394204, 54.254493499000034 ], [ -3.401094194198137, 54.261566387741333 ], [ -3.403895094102451, 54.264595640737639 ], [ -3.404771, 54.267944499000066 ], [ -3.408359884999925, 54.270953772000041 ], [ -3.419036868024157, 54.28207693203079 ], [ -3.420703429457601, 54.288076156164152 ], [ -3.421408793999944, 54.292234132000033 ], [ -3.419863443876774, 54.297108325822236 ], [ -3.41599345183613, 54.29961693327499 ], [ -3.416825609261175, 54.306689969809717 ], [ -3.416572840999947, 54.307487227000081 ], [ -3.417127707722307, 54.309257697247297 ], [ -3.417968749757563, 54.316406249748979 ], [ -3.420972284060646, 54.321524981886775 ], [ -3.423887416999946, 54.330826596000065 ], [ -3.422337288999927, 54.338039611000056 ], [ -3.415671139416225, 54.343485999784441 ], [ -3.413795482944484, 54.344351777496961 ], [ -3.408359884999925, 54.339459292000072 ], [ -3.405653265999945, 54.337022883000031 ], [ -3.398243202999936, 54.33701045600003 ], [ -3.392375708999964, 54.34078334700007 ], [ -3.404367870999977, 54.34171281700003 ], [ -3.407020860112375, 54.347478851962435 ], [ -3.40512132638753, 54.348355651092731 ], [ -3.408835198853358, 54.351421953630457 ], [ -3.411745499999938, 54.357745999000031 ], [ -3.422089876999962, 54.359129639000059 ], [ -3.432083451999972, 54.356885865000038 ], [ -3.436679072999937, 54.359276968000074 ], [ -3.437203987999965, 54.36412738100006 ], [ -3.440322746999925, 54.364931373000047 ], [ -3.438197211999977, 54.357389642000044 ], [ -3.421825782999974, 54.353223187000026 ], [ -3.419628235218001, 54.351109526896991 ], [ -3.421436830422929, 54.34841392282528 ], [ -3.42346277500807, 54.346710791296566 ], [ -3.432814726937913, 54.343948708166494 ], [ -3.435111613117817, 54.344771912333108 ], [ -3.443337088401144, 54.350410731032795 ], [ -3.449267089999978, 54.355363502000046 ], [ -3.458368573333986, 54.362963082236895 ], [ -3.467743873280824, 54.372199058140552 ], [ -3.473306655877025, 54.382622480343457 ], [ -3.476685509288904, 54.38597345661961 ], [ -3.477218266999955, 54.387072801000045 ], [ -3.480919033508997, 54.390172052266337 ], [ -3.486498355914023, 54.39570534262765 ], [ -3.491903432730609, 54.399371069041337 ], [ -3.499502499999949, 54.40573499900006 ], [ -3.501441, 54.406978499000047 ], [ -3.526322836262129, 54.425827753202313 ], [ -3.546292900996264, 54.442051648864492 ], [ -3.551377609304796, 54.444808015795715 ], [ -3.567940946723608, 54.457355584799707 ], [ -3.57032370607385, 54.460260271794311 ], [ -3.594128728257886, 54.48298656977471 ], [ -3.597095966667821, 54.484587443207324 ], [ -3.607026868999981, 54.490402635000066 ], [ -3.607965083155944, 54.490451508515839 ], [ -3.608047843132965, 54.490496158870883 ], [ -3.619046299219644, 54.491107922294837 ], [ -3.627015470999936, 54.50172996100008 ], [ -3.635248635999972, 54.507089823000058 ], [ -3.636898305354629, 54.509687877187211 ], [ -3.638088952438112, 54.517304072077117 ], [ -3.626246499999979, 54.520686999000077 ], [ -3.624707655913258, 54.521628777709381 ], [ -3.614767313060554, 54.524361133259674 ], [ -3.614074251883918, 54.524979226649229 ], [ -3.613598, 54.525096999000027 ], [ -3.613126141415902, 54.525824780883987 ], [ -3.607778985131702, 54.530593540213772 ], [ -3.607401, 54.530860999000026 ], [ -3.607314305414313, 54.531007955955502 ], [ -3.60705506803663, 54.531239151865577 ], [ -3.606714471232842, 54.532024741541342 ], [ -3.606276, 54.532767999000043 ], [ -3.605695618544523, 54.53437473468329 ], [ -3.59966599104475, 54.548282126237943 ], [ -3.591794499999935, 54.552276499000072 ], [ -3.590185499999961, 54.555324499000051 ], [ -3.590269499999977, 54.559673499000041 ], [ -3.589214, 54.561156999000048 ], [ -3.584442499999966, 54.564243499000042 ], [ -3.582175523010963, 54.569503004633532 ], [ -3.57992124576856, 54.572054147281335 ], [ -3.580947641300873, 54.573777814571137 ], [ -3.582236586999954, 54.590580086000045 ], [ -3.572545, 54.60079199900008 ], [ -3.570595499999968, 54.603259999000045 ], [ -3.571486039997181, 54.606061819778589 ], [ -3.571440028942547, 54.606839283263938 ], [ -3.57047149999994, 54.607806999000047 ], [ -3.571029688999943, 54.611028068000053 ], [ -3.568436370999962, 54.612910662000047 ], [ -3.569050499999946, 54.61619199900008 ], [ -3.570719147147437, 54.619020253193867 ], [ -3.570667689138082, 54.619889755612796 ], [ -3.56971249999998, 54.622615999000061 ], [ -3.569999499999938, 54.624507999000059 ], [ -3.575525, 54.635341499000049 ], [ -3.574561, 54.639404499000079 ], [ -3.576934314849278, 54.648974485997144 ], [ -3.573526775044208, 54.650090273747146 ], [ -3.56877041499996, 54.649414276000073 ], [ -3.560397208999973, 54.662639888000058 ], [ -3.550760499999967, 54.669646999000065 ], [ -3.548920930192645, 54.672051732808185 ], [ -3.545503616398491, 54.674751043026561 ], [ -3.538213547338589, 54.678857097359341 ], [ -3.538144, 54.678886499000043 ], [ -3.538039035968122, 54.678955389043949 ], [ -3.523788810205019, 54.686981678062182 ], [ -3.521615661960273, 54.690400403140551 ], [ -3.518969, 54.693042999000056 ], [ -3.514308718048376, 54.701895446084919 ], [ -3.509888648541903, 54.708848953516565 ], [ -3.501687228528616, 54.717769688940194 ], [ -3.500887319999947, 54.717840957000078 ], [ -3.493377991999978, 54.725844564000056 ], [ -3.480677408108448, 54.731671997334516 ], [ -3.461717843603253, 54.739741444612093 ], [ -3.441564703711939, 54.754831739459583 ], [ -3.438712499999951, 54.756763499000044 ], [ -3.438367067229985, 54.757226069950413 ], [ -3.438192844223977, 54.757356524884187 ], [ -3.437739889272967, 54.75806592745338 ], [ -3.435738499999957, 54.760745999000051 ], [ -3.435100154872059, 54.762200189286311 ], [ -3.433694958754927, 54.764400959436841 ], [ -3.433432210782934, 54.765999870659961 ], [ -3.433302, 54.766296499000077 ], [ -3.432115022999938, 54.771839330000034 ], [ -3.432011965382762, 54.774642549393882 ], [ -3.430627465684665, 54.783067703311929 ], [ -3.433486879415352, 54.787638228698796 ], [ -3.436521709190374, 54.798054737765497 ], [ -3.434861022445666, 54.80536794551108 ], [ -3.41027, 54.839797999000041 ], [ -3.408359884999925, 54.844342204000043 ], [ -3.398331276999954, 54.868192093000062 ], [ -3.386601451999979, 54.875000301000057 ], [ -3.367498155999954, 54.890826172000061 ], [ -3.348084126999936, 54.898173173000032 ], [ -3.344928114766336, 54.898474657504224 ], [ -3.332194923956251, 54.890959501379882 ], [ -3.321240654543868, 54.889570391189913 ], [ -3.304329340999971, 54.885550438000053 ], [ -3.295129541999927, 54.879863981000028 ], [ -3.287065366999968, 54.878451079000058 ], [ -3.280623499999933, 54.873569499000041 ], [ -3.283361283813963, 54.880761008084775 ], [ -3.28258824345221, 54.880561470635541 ], [ -3.283612238880357, 54.892564591806135 ], [ -3.282666721424391, 54.892655162930588 ], [ -3.27851263965991, 54.892099606062985 ], [ -3.271814829999926, 54.89049312800006 ], [ -3.270025619606977, 54.890964572488009 ], [ -3.26984953912438, 54.890941023909306 ], [ -3.269234455072251, 54.891173038837422 ], [ -3.264181876999942, 54.892504358000053 ], [ -3.26304394597134, 54.893508151443712 ], [ -3.25854134590594, 54.895206570427092 ], [ -3.249825000622991, 54.903365135492948 ], [ -3.248163215584393, 54.910699730031745 ], [ -3.232109499999979, 54.909217999000077 ], [ -3.235057432999952, 54.911386689000039 ], [ -3.247615324799061, 54.91311794699039 ], [ -3.247469543983925, 54.913761377485741 ], [ -3.24926793727068, 54.913345779702453 ], [ -3.250191194999957, 54.913473062000037 ], [ -3.259281478999981, 54.911100085000044 ], [ -3.259427123075713, 54.910998053467239 ], [ -3.25961363276258, 54.910954952209579 ], [ -3.260762139982067, 54.910062802097805 ], [ -3.268961382999976, 54.904318790000048 ], [ -3.279877209999938, 54.903334167000082 ], [ -3.298404607961737, 54.908378531070134 ], [ -3.302913546722266, 54.914792775766102 ], [ -3.295207857756168, 54.927029371508468 ], [ -3.279277324588577, 54.936322331510553 ], [ -3.242793679084457, 54.945233464553041 ], [ -3.23312163325636, 54.95052504579445 ], [ -3.209778101000506, 54.954084081558754 ], [ -3.187365928186978, 54.950259978780366 ], [ -3.179982065919262, 54.942699551843305 ], [ -3.157874377782762, 54.937853070131276 ], [ -3.153563231999954, 54.932431180000037 ], [ -3.140998610999929, 54.92838387300003 ], [ -3.137410148312558, 54.928302265349586 ], [ -3.13614702206695, 54.927936553629536 ], [ -3.119397830910612, 54.927226799771667 ], [ -3.113447547266048, 54.926974654057119 ], [ -3.109253372739587, 54.928086994976098 ], [ -3.106866355999955, 54.928135233000035 ], [ -3.103230113327295, 54.929684429195319 ], [ -3.07041215899369, 54.93838810932408 ], [ -3.064674198466228, 54.944634849817 ], [ -3.064554914905413, 54.944720661781531 ], [ -3.059081449554574, 54.945508515837894 ], [ -3.034153654999955, 54.944220379000058 ], [ -3.027158461999932, 54.945114015000058 ], [ -3.014593821999938, 54.946719097000027 ], [ -3.00619949999998, 54.944080499000052 ], [ -3.00767043299993, 54.946558967000044 ], [ -3.012892886999964, 54.947962370000027 ], [ -3.027158461999932, 54.946879005000028 ], [ -3.037415034999981, 54.94610007700004 ], [ -3.057355127999926, 54.951011705000042 ], [ -3.060905166139233, 54.95032982404318 ], [ -3.070231557140175, 54.954075932558453 ], [ -3.086838245588297, 54.948830962279203 ], [ -3.090404033219329, 54.956332444886755 ], [ -3.065816640425055, 54.971938252648386 ], [ -3.060422658778293, 54.981111526376196 ], [ -3.060582125460595, 54.981284430952307 ], [ -3.05879510699998, 54.982576059000053 ], [ -3.041528634999963, 54.972495562000063 ], [ -3.039196858999958, 54.973082390000059 ], [ -3.03918387899995, 54.975312318000078 ], [ -3.045265702999927, 54.978623031000041 ], [ -3.050260206999951, 54.984706111000037 ], [ -3.057370499999934, 54.986896499000068 ], [ -3.062390499999935, 54.986938499000075 ], [ -3.064484499999935, 54.98641599900003 ], [ -3.073901963681401, 54.982222924744065 ], [ -3.078978683630527, 54.980357423089956 ], [ -3.084683499999926, 54.979785999000057 ], [ -3.088049499999954, 54.978702499000065 ], [ -3.09093, 54.977229999000031 ], [ -3.091432884916085, 54.975946459654303 ], [ -3.096483653306648, 54.977093666322148 ], [ -3.097178499999927, 54.977512499000056 ], [ -3.102438499999948, 54.978404999000077 ], [ -3.105321, 54.978568999000061 ], [ -3.110808, 54.977870999000061 ], [ -3.120663, 54.975749999000072 ], [ -3.12998349999998, 54.970264499000052 ], [ -3.134826499999974, 54.968456499000069 ], [ -3.141735, 54.966476499000066 ], [ -3.14626, 54.96433999900006 ], [ -3.150309499999935, 54.96385949900008 ], [ -3.15222651987977, 54.964313228121839 ], [ -3.164062499984027, 54.968750000412285 ], [ -3.167223446972806, 54.96925572585954 ], [ -3.169076393999944, 54.969884467000043 ], [ -3.205870023999978, 54.97589262200006 ], [ -3.207202403719061, 54.975652029199345 ], [ -3.209225774149843, 54.975975751779856 ], [ -3.223566775396403, 54.972697053258614 ], [ -3.23931877299998, 54.969852656000057 ], [ -3.253067483999928, 54.972335925000039 ], [ -3.265762864999942, 54.970409285000073 ], [ -3.274565467999935, 54.979707544000064 ], [ -3.277335240999946, 54.977075067000044 ], [ -3.266551015999937, 54.967727449000051 ], [ -3.269016115999932, 54.966214824000076 ], [ -3.293761166999957, 54.969536110000035 ], [ -3.30711524822429, 54.973001201581745 ], [ -3.317661166529319, 54.976692318995561 ], [ -3.32280079596104, 54.977071257657045 ], [ -3.32687298299993, 54.97812790100005 ], [ -3.329011718872064, 54.977529181491008 ], [ -3.330077052013849, 54.977607727215002 ], [ -3.332198888451254, 54.976636962573018 ], [ -3.33984178399993, 54.974497404000033 ], [ -3.350340085270687, 54.974099505169036 ], [ -3.353632450276791, 54.974267721578315 ], [ -3.355073565582067, 54.973920100307822 ], [ -3.355864338999936, 54.97389012900004 ], [ -3.369274421999933, 54.971155752000072 ], [ -3.387484118793886, 54.972728341288573 ], [ -3.406266451135252, 54.976042509354613 ], [ -3.425741904172148, 54.985098165970975 ], [ -3.437165027999924, 54.991678041000057 ], [ -3.453554853999947, 54.989865744000042 ], [ -3.456627799999978, 54.987149919000046 ], [ -3.455946, 54.982280499000069 ], [ -3.453366122999967, 54.988829177000071 ], [ -3.449267089999978, 54.989916579000067 ], [ -3.447595595999928, 54.990359989000069 ], [ -3.438144582999939, 54.989439779000065 ], [ -3.449267089999978, 54.978511094000055 ], [ -3.45093378599995, 54.976873185000045 ], [ -3.471917294105106, 54.968458598918922 ], [ -3.480458140330541, 54.967221379563341 ], [ -3.505413055467557, 54.968719959458724 ], [ -3.527997136458225, 54.967436313934968 ], [ -3.556834340332102, 54.979222416781397 ], [ -3.56310485062411, 54.985628802954636 ], [ -3.563792563999925, 54.987197264000031 ], [ -3.573264189999975, 54.997482173000037 ], [ -3.57417434599995, 55.007913236000036 ], [ -3.577924386999939, 55.015119842000047 ], [ -3.589008135999961, 55.024454770000034 ], [ -3.601988, 55.030326999000067 ], [ -3.586693023999942, 55.019135712000036 ], [ -3.578705864999961, 55.009255089000078 ], [ -3.585352728999965, 55.005177581000055 ], [ -3.588746549999939, 54.99977266500008 ], [ -3.577171719999967, 54.980650422000053 ], [ -3.583912181999949, 54.974246441000048 ], [ -3.58350441111202, 54.973218626597287 ], [ -3.584959030234643, 54.972148657135108 ], [ -3.580833797151276, 54.966487161516483 ], [ -3.578450397999973, 54.960479641000063 ], [ -3.587538556999959, 54.942359474000057 ], [ -3.588382908999961, 54.931747020000046 ], [ -3.584599145529042, 54.928304584772228 ], [ -3.584667325236353, 54.926391005740754 ], [ -3.578240396999423, 54.924891833204953 ], [ -3.572418314999936, 54.922395373000029 ], [ -3.571247442115304, 54.920272278212558 ], [ -3.570314050052957, 54.915407538827196 ], [ -3.566156087730707, 54.911040338437545 ], [ -3.564165949999961, 54.907431705000079 ], [ -3.575381660999938, 54.893527880000079 ], [ -3.59386148699997, 54.883968666000044 ], [ -3.593898941810291, 54.883783581576765 ], [ -3.596440672998256, 54.882672071559114 ], [ -3.595269712879754, 54.877009862242268 ], [ -3.595993762999967, 54.873431940000046 ], [ -3.605135299999972, 54.872134802000062 ], [ -3.613210487999936, 54.875147784000035 ], [ -3.64716877199993, 54.879277375000072 ], [ -3.685354261999976, 54.879747329000054 ], [ -3.697440243999949, 54.885854504000065 ], [ -3.715356429999929, 54.880670087000055 ], [ -3.726023115999965, 54.879828442000075 ], [ -3.739251887148365, 54.868169362916937 ], [ -3.752928304386129, 54.860935427725977 ], [ -3.76180435699996, 54.857533783000065 ], [ -3.786377964999929, 54.854110107000054 ], [ -3.793790041999955, 54.863644596000029 ], [ -3.811797017999936, 54.871943012000031 ], [ -3.817253642999958, 54.882442046000051 ], [ -3.817360511999937, 54.88988764700008 ], [ -3.82040294199993, 54.891197953000074 ], [ -3.82614246299994, 54.889535829000067 ], [ -3.822498936999978, 54.883813223000061 ], [ -3.82286593699996, 54.87806753600006 ], [ -3.827791416999958, 54.874419064000051 ], [ -3.824340163999977, 54.86803251200007 ], [ -3.825064451999935, 54.862678192000033 ], [ -3.823753183627049, 54.861781819592288 ], [ -3.824270248172922, 54.860818863299926 ], [ -3.808957426283031, 54.85133009250233 ], [ -3.808965289999946, 54.845631952000076 ], [ -3.813950469845315, 54.844887059984771 ], [ -3.817278926139094, 54.845593584767286 ], [ -3.822264858999972, 54.847559679000028 ], [ -3.838755381999931, 54.863934673000074 ], [ -3.850849, 54.863288999000076 ], [ -3.841388990999974, 54.849162797000076 ], [ -3.849426506548549, 54.848879610310327 ], [ -3.851417660995935, 54.849221944537419 ], [ -3.85300332887707, 54.84875358772674 ], [ -3.855220808999945, 54.848675459000049 ], [ -3.856101407972102, 54.847838511838887 ], [ -3.859443545483032, 54.846851348710913 ], [ -3.8585194931374, 54.845540292582974 ], [ -3.859219671999938, 54.844874822000065 ], [ -3.857112105711117, 54.843543475066802 ], [ -3.854650258801883, 54.840050578271871 ], [ -3.846475202132702, 54.836824156659759 ], [ -3.841568395496097, 54.833724533173459 ], [ -3.835123657830195, 54.82698285607421 ], [ -3.83001888805225, 54.8250329818908 ], [ -3.830072640999958, 54.821487668000032 ], [ -3.837995793999937, 54.817464054000027 ], [ -3.860369838999929, 54.814085669000065 ], [ -3.877949033999926, 54.803457270000081 ], [ -3.899890773002811, 54.797005204838975 ], [ -3.903506517111623, 54.796287417230872 ], [ -3.904334569457624, 54.795698486885335 ], [ -3.91475197099993, 54.792635204000078 ], [ -3.934079620999967, 54.788489121000055 ], [ -3.939951777999966, 54.787229368000055 ], [ -3.970467969999959, 54.771839330000034 ], [ -3.971903390999955, 54.771262049000029 ], [ -3.97411337799997, 54.770972287000063 ], [ -3.984394297999927, 54.770112866000034 ], [ -4.004212603999974, 54.772508661000074 ], [ -4.027770125875445, 54.771384678158441 ], [ -4.031431675131216, 54.771731138281382 ], [ -4.037507893822332, 54.770920067146044 ], [ -4.037955307999937, 54.770898720000048 ], [ -4.053503790999969, 54.775117795000028 ], [ -4.062495423999962, 54.78106964300008 ], [ -4.062901284999953, 54.792636096000081 ], [ -4.055823078558396, 54.803937573891268 ], [ -4.04870021334375, 54.813419103808826 ], [ -4.049940983740834, 54.813329270090499 ], [ -4.047779709999929, 54.816780086000051 ], [ -4.054471130999957, 54.823062313000037 ], [ -4.06778477499995, 54.815265096000076 ], [ -4.071099597999932, 54.816435568000031 ], [ -4.064371954696725, 54.824255985921496 ], [ -4.061555028241628, 54.826036334009927 ], [ -4.062531582203319, 54.826395291080964 ], [ -4.061910265999927, 54.827117528000031 ], [ -4.059366742999941, 54.835794198000031 ], [ -4.049839688999953, 54.840271425000026 ], [ -4.045306933999939, 54.845039983000049 ], [ -4.044730942999934, 54.85740518800003 ], [ -4.046753165999974, 54.859433410000065 ], [ -4.050503792999962, 54.85497736700006 ], [ -4.050022128999956, 54.843139965000034 ], [ -4.06467702499998, 54.837215366000066 ], [ -4.077825802999939, 54.825112807000039 ], [ -4.089356844999941, 54.81429958800004 ], [ -4.090111318465851, 54.776367926470698 ], [ -4.091560221128664, 54.769705592787872 ], [ -4.092478877999952, 54.767784951000067 ], [ -4.103712696999935, 54.767957662000072 ], [ -4.110433284100653, 54.774646537320827 ], [ -4.11053144946635, 54.774836540474041 ], [ -4.110650895633222, 54.774863122031043 ], [ -4.110906775999979, 54.775117795000028 ], [ -4.111877128999936, 54.776083473000028 ], [ -4.121838208999975, 54.778497562000041 ], [ -4.121069991999946, 54.784722978000048 ], [ -4.12329648399998, 54.786538939000081 ], [ -4.13718734899993, 54.777184930000033 ], [ -4.157523244999936, 54.780594567000037 ], [ -4.164805860999934, 54.787059680000027 ], [ -4.176705146469217, 54.792161031822275 ], [ -4.180000637001236, 54.794652786285795 ], [ -4.184332491999953, 54.801144153000052 ], [ -4.184392782999964, 54.806917611000074 ], [ -4.206460380999943, 54.813645491000045 ], [ -4.208923464867699, 54.819836892868516 ], [ -4.208846211483149, 54.820771336728001 ], [ -4.21102983415351, 54.821623347806181 ], [ -4.217542692999928, 54.82592941200005 ], [ -4.215178108999964, 54.836227820000033 ], [ -4.222241462999932, 54.841083203000039 ], [ -4.222014874308212, 54.84249213566553 ], [ -4.218326330295554, 54.844905853422688 ], [ -4.220743852450165, 54.849608422032667 ], [ -4.209832901182526, 54.859334140409892 ], [ -4.209273338193725, 54.859712243025797 ], [ -4.209373040410786, 54.859744047506808 ], [ -4.207715776999976, 54.861221286000045 ], [ -4.20509775499994, 54.866476421000073 ], [ -4.223012868803592, 54.864095080772429 ], [ -4.224124669617481, 54.86444973936392 ], [ -4.224508954844664, 54.863896215729611 ], [ -4.226049928999942, 54.863691384000049 ], [ -4.232986614999959, 54.854440423000028 ], [ -4.251926904999948, 54.845548476000033 ], [ -4.252903416042614, 54.844740439295506 ], [ -4.254478454216894, 54.84399604797926 ], [ -4.254562111561, 54.843367913228803 ], [ -4.262015446999953, 54.837200478000057 ], [ -4.275754400475184, 54.839482665348562 ], [ -4.318758541432228, 54.84900046399288 ], [ -4.362566794999964, 54.864451582000072 ], [ -4.372294192999959, 54.875076051000065 ], [ -4.374550985381277, 54.876336406298726 ], [ -4.37522757089522, 54.877094268485791 ], [ -4.376502346868429, 54.877426187002655 ], [ -4.380272125999966, 54.879531503000067 ], [ -4.382220666262911, 54.883904056209282 ], [ -4.382209659048044, 54.887918829690364 ], [ -4.38608914835484, 54.892584987318344 ], [ -4.386921664999932, 54.894453167000052 ], [ -4.398121818999925, 54.903224376000082 ], [ -4.398022038999954, 54.915261877000034 ], [ -4.419673443999955, 54.923836548000054 ], [ -4.420473426999934, 54.92741691100008 ], [ -4.417269, 54.931949499000041 ], [ -4.42843295299997, 54.934249220000027 ], [ -4.444757849999974, 54.933526457000028 ], [ -4.447259272999929, 54.935259313000074 ], [ -4.444817796999928, 54.93761646300004 ], [ -4.447662605999938, 54.938486251000029 ], [ -4.454608772999961, 54.936899235000055 ], [ -4.444646772999931, 54.931618030000038 ], [ -4.426278006999951, 54.931861453000067 ], [ -4.420234519999951, 54.920028247000062 ], [ -4.41255173199994, 54.915795260000039 ], [ -4.402363738999952, 54.915355896000051 ], [ -4.399836959999959, 54.913521265000043 ], [ -4.40572937099995, 54.901931642000079 ], [ -4.398722817999953, 54.892769785000041 ], [ -4.419110495999973, 54.886434877000056 ], [ -4.425536185999931, 54.880473151000047 ], [ -4.422751453999979, 54.871429185000068 ], [ -4.426712529999975, 54.865330683000082 ], [ -4.420141003618731, 54.858068061609139 ], [ -4.420071125281879, 54.852498531782146 ], [ -4.419561322635132, 54.851061189019219 ], [ -4.419342933999928, 54.846090983000067 ], [ -4.413124794999931, 54.82962281500005 ], [ -4.405839102999948, 54.824797356000033 ], [ -4.399714958816705, 54.823703391301272 ], [ -4.390775442532345, 54.820961714212274 ], [ -4.377221740987987, 54.819603049209071 ], [ -4.354396059999942, 54.812735377000081 ], [ -4.348575992549917, 54.80878159833955 ], [ -4.346575422583046, 54.806692939545556 ], [ -4.342682834999948, 54.801043384000081 ], [ -4.347370004999959, 54.791267493000078 ], [ -4.347489370480711, 54.79126688772218 ], [ -4.358198762262646, 54.793801069663743 ], [ -4.358333546795421, 54.793480637464974 ], [ -4.362170662999972, 54.795012363000069 ], [ -4.367722663999928, 54.793352796000079 ], [ -4.36778809599997, 54.789143735000039 ], [ -4.362309168999957, 54.785025705000066 ], [ -4.361190068999974, 54.779297701000075 ], [ -4.367074625999976, 54.775117795000028 ], [ -4.369866248999926, 54.773134705000075 ], [ -4.365963874462056, 54.771243539272007 ], [ -4.367572664846307, 54.769860506157727 ], [ -4.360948347786103, 54.768812918616369 ], [ -4.355800766999948, 54.766318302000059 ], [ -4.356326359827636, 54.763693917951059 ], [ -4.36389433370029, 54.744539163932913 ], [ -4.365536782999925, 54.742053451000061 ], [ -4.365094300940733, 54.74041461302302 ], [ -4.365995406862055, 54.728266000875522 ], [ -4.365154953708095, 54.726372392376781 ], [ -4.365685257999928, 54.723027882000054 ], [ -4.362059546999944, 54.718505222000033 ], [ -4.361624942019345, 54.718418992353257 ], [ -4.361254453529739, 54.717584252011932 ], [ -4.358297438750602, 54.717758784936606 ], [ -4.351921137652154, 54.71649366783948 ], [ -4.351543059033969, 54.707517291294877 ], [ -4.35756572348835, 54.700654495152826 ], [ -4.360489964140015, 54.698749661368026 ], [ -4.360946654978219, 54.697882403143794 ], [ -4.365419707999934, 54.698071888000072 ], [ -4.366987602999927, 54.69069408200005 ], [ -4.381583579999926, 54.681567259000076 ], [ -4.392265383999927, 54.677955203000067 ], [ -4.406392198999981, 54.678230236000047 ], [ -4.445071760999951, 54.692649394000057 ], [ -4.472818479999944, 54.697883672000046 ], [ -4.48312139799998, 54.699775784000053 ], [ -4.494595241999946, 54.703478793000045 ], [ -4.517855833999931, 54.713048024000045 ], [ -4.531410047999941, 54.722497131000068 ], [ -4.534388290891981, 54.722935346237591 ], [ -4.541568827217682, 54.725229910213677 ], [ -4.540770646999931, 54.727846085000067 ], [ -4.544744653806648, 54.730946669126652 ], [ -4.545080304412295, 54.73238992665398 ], [ -4.547488027885946, 54.733087093775445 ], [ -4.549417499999947, 54.73459249900003 ], [ -4.558280841934741, 54.736212201448836 ], [ -4.560309052520552, 54.736799478912928 ], [ -4.562057888255675, 54.736902425432106 ], [ -4.571204887999954, 54.738573964000068 ], [ -4.578038570999979, 54.751383235000048 ], [ -4.578647216268055, 54.751956507265724 ], [ -4.585216047944172, 54.758865546722248 ], [ -4.58579062070303, 54.764862738628025 ], [ -4.58580195919285, 54.765504121817855 ], [ -4.587340694835861, 54.766515835975298 ], [ -4.598820014999944, 54.775117795000028 ], [ -4.600995341999976, 54.776747635000049 ], [ -4.611131177999937, 54.780480146000059 ], [ -4.626783122999939, 54.783295986000041 ], [ -4.649111452999932, 54.793062422000048 ], [ -4.669116022999958, 54.799121442000057 ], [ -4.708119904337414, 54.823020225854798 ], [ -4.708781242560008, 54.823477149450866 ], [ -4.708913301031905, 54.823506362502293 ], [ -4.71016321299993, 54.824272219000079 ], [ -4.715701002043144, 54.825007890241039 ], [ -4.722103118563723, 54.826424121675871 ], [ -4.726785189479156, 54.826480376437686 ], [ -4.750355289999959, 54.829611562000082 ], [ -4.763286937999965, 54.827535162000061 ], [ -4.772864695324845, 54.8303044187655 ], [ -4.783436997150599, 54.834095114464596 ], [ -4.787213342999962, 54.836798083000076 ], [ -4.79260828799994, 54.846503615000074 ], [ -4.80121997699996, 54.849612257000047 ], [ -4.808378364999953, 54.860083399000075 ], [ -4.815611952999973, 54.864001935000033 ], [ -4.833082966999939, 54.863701180000078 ], [ -4.846989088999976, 54.868849388000058 ], [ -4.857560054999965, 54.869735417000072 ], [ -4.85911213299994, 54.868534622000027 ], [ -4.851324835999947, 54.862535348000051 ], [ -4.853797333999978, 54.857929097000067 ], [ -4.868354669582334, 54.853914199611417 ], [ -4.872420072627961, 54.853112459372653 ], [ -4.879983172673996, 54.850707071051893 ], [ -4.887649471999964, 54.848592714000063 ], [ -4.892472310493476, 54.846734992662817 ], [ -4.893792032975739, 54.846315264637781 ], [ -4.895808028490816, 54.845450099024553 ], [ -4.907527715999947, 54.840935763000061 ], [ -4.918900101999952, 54.83620234600005 ], [ -4.931406838999976, 54.834390367000026 ], [ -4.937930725999934, 54.831495310000037 ], [ -4.940656568776092, 54.826565604596738 ], [ -4.946152901449197, 54.821451206774917 ], [ -4.954280229999938, 54.815379649000079 ], [ -4.960715196999956, 54.804733354000064 ], [ -4.960351494330214, 54.804067250560244 ], [ -4.960788130467506, 54.803423642886969 ], [ -4.959663991301935, 54.802808122788797 ], [ -4.958840441999939, 54.80129983300003 ], [ -4.950639805069424, 54.796567489798278 ], [ -4.949397302620199, 54.794056465305182 ], [ -4.946388852999974, 54.78569503600005 ], [ -4.93927165499997, 54.776749890000076 ], [ -4.939327459999959, 54.775117795000028 ], [ -4.939680094999972, 54.764802900000063 ], [ -4.939124983548776, 54.764553748533238 ], [ -4.939236044907204, 54.763811349514015 ], [ -4.930623105804691, 54.758284007566651 ], [ -4.926997548999964, 54.749674144000039 ], [ -4.92694126217997, 54.749634972797317 ], [ -4.926932930809755, 54.749551772896041 ], [ -4.926112219997379, 54.749058024598725 ], [ -4.918445907999967, 54.743722874000071 ], [ -4.920228430999941, 54.737660996000045 ], [ -4.914983627999959, 54.73428629600005 ], [ -4.915669948999948, 54.729391892000081 ], [ -4.911686323999959, 54.725933859000065 ], [ -4.907527715999947, 54.714531712000053 ], [ -4.906234778175948, 54.703675620586431 ], [ -4.90667521968544, 54.702422976439323 ], [ -4.896031976194422, 54.692297816191342 ], [ -4.883537578912572, 54.687807061420365 ], [ -4.882394119999958, 54.68648597300006 ], [ -4.868183121999948, 54.681469320000076 ], [ -4.881606186999932, 54.669169011000065 ], [ -4.883511569999939, 54.654537189000052 ], [ -4.879895774567355, 54.64994347423935 ], [ -4.877615507701163, 54.6434072141559 ], [ -4.876956858999961, 54.63991913600006 ], [ -4.876368440307127, 54.639832563771826 ], [ -4.87630295761511, 54.639644861221598 ], [ -4.874644632178888, 54.63957894519627 ], [ -4.85683674331468, 54.636958925407846 ], [ -4.856627414160539, 54.634950085512031 ], [ -4.858585716999926, 54.633954601000028 ], [ -4.875577445999966, 54.633796803000052 ], [ -4.881851540999946, 54.636101020000069 ], [ -4.884356857999933, 54.639490729000045 ], [ -4.892265946740951, 54.638863737443231 ], [ -4.908967614063727, 54.642593025947633 ], [ -4.914045831190704, 54.642721530223326 ], [ -4.92262120099997, 54.643531565000046 ], [ -4.956010120999963, 54.66197616200003 ], [ -4.958222508417477, 54.662687554462465 ], [ -4.964619636286784, 54.667968750057923 ], [ -4.967202770613814, 54.67207020841586 ], [ -4.96733594899996, 54.672555367000029 ], [ -4.965077926999925, 54.676253434000046 ], [ -4.969703571999958, 54.679044877000081 ], [ -4.973650040738926, 54.686151187196145 ], [ -4.969779252809872, 54.690478921165266 ], [ -4.949158114725252, 54.700336721706208 ], [ -4.948404891999928, 54.700672379000082 ], [ -4.948427835627788, 54.700685826864834 ], [ -4.948175906792187, 54.700806259801254 ], [ -4.950005081129171, 54.701610292006634 ], [ -4.95630565099998, 54.705303222000055 ], [ -4.966270612999949, 54.71765608100003 ], [ -4.965536809377836, 54.719295393713217 ], [ -4.955349325710358, 54.724547267342643 ], [ -4.957313393371485, 54.727248145346032 ], [ -4.957335218999958, 54.727672188000042 ], [ -4.958054532386023, 54.728267319023928 ], [ -4.959249615277145, 54.729910731395478 ], [ -4.960223344124985, 54.730061706805145 ], [ -4.960400270999969, 54.73020808900003 ], [ -4.962323779071729, 54.730387376551164 ], [ -4.991859937165172, 54.734966920002165 ], [ -4.992111614999942, 54.735081868000066 ], [ -4.987858096078568, 54.749564830258741 ], [ -4.987702250158463, 54.749962567918203 ], [ -4.987738153472085, 54.749973227229582 ], [ -4.987715958999956, 54.75004879800008 ], [ -5.00390102199998, 54.755201483000064 ], [ -5.005958586219155, 54.760240143919553 ], [ -5.00611141398258, 54.761333493179308 ], [ -5.000350057999981, 54.763283479000052 ], [ -4.999491886999976, 54.766764107000029 ], [ -4.999986620617521, 54.768253695704821 ], [ -4.999033332022236, 54.769175767747754 ], [ -5.000780025106543, 54.770642549672431 ], [ -5.001381071999958, 54.772452236000049 ], [ -5.004941721999955, 54.775117795000028 ], [ -5.011522052999965, 54.780043474000081 ], [ -5.011113143999978, 54.78294470700007 ], [ -5.015903589497889, 54.782766494974872 ], [ -5.025525767508052, 54.786324194413496 ], [ -5.031451875999949, 54.789701725000043 ], [ -5.039769406085414, 54.791590630444624 ], [ -5.04121844314236, 54.792126396704461 ], [ -5.041692889804656, 54.798307657098846 ], [ -5.041381359461866, 54.79933512251813 ], [ -5.041796742253544, 54.799660683856501 ], [ -5.041813825999952, 54.799883257000033 ], [ -5.047039590557076, 54.803769830274668 ], [ -5.053773760949866, 54.809047818602153 ], [ -5.054338530498873, 54.809198292387883 ], [ -5.054361868999933, 54.809215650000056 ], [ -5.077623718999973, 54.81610136200004 ], [ -5.084685671999978, 54.824543917000028 ], [ -5.087992415835391, 54.826187813989641 ], [ -5.089198708353365, 54.827476501139643 ], [ -5.091067563187162, 54.827716576338894 ], [ -5.091216845999952, 54.827790790000051 ], [ -5.103973492999955, 54.829818895000074 ], [ -5.108305, 54.83385849900003 ], [ -5.126272196999935, 54.844230828000036 ], [ -5.130727486999945, 54.850097682000069 ], [ -5.138561317999972, 54.851624627000035 ], [ -5.146024677069756, 54.859149134643133 ], [ -5.148127811317499, 54.861814186603787 ], [ -5.148130372999958, 54.864740009000059 ], [ -5.144699782999965, 54.867465233000075 ], [ -5.145875501999967, 54.872133406000046 ], [ -5.155182403999959, 54.881546161000074 ], [ -5.160711402999937, 54.89133072900006 ], [ -5.175460186999942, 54.906232232000036 ], [ -5.180833608999933, 54.908786775000067 ], [ -5.184935825999958, 54.915935926000031 ], [ -5.186696048999977, 54.95144435800006 ], [ -5.178470872999981, 54.96801963300004 ], [ -5.17963065999993, 54.972672906000071 ], [ -5.185679075999929, 54.974059132000036 ], [ -5.185899736999943, 54.977060238000035 ], [ -5.172105745999943, 54.991841430000079 ], [ -5.168915222999942, 55.000722544000041 ], [ -5.159732049880112, 55.007382370395909 ], [ -5.14259505281899, 55.007041573709841 ], [ -5.141419210714183, 55.007428026950741 ], [ -5.140380028999971, 55.007287589000043 ], [ -5.108708478999972, 55.017962356000055 ], [ -5.098427047999962, 55.017751188000034 ], [ -5.093474940269992, 55.014754369691076 ], [ -5.090147225444071, 55.010606916170666 ], [ -5.086312694999947, 55.000637383000083 ], [ -5.076684156632444, 54.995660440135445 ], [ -5.07605145828861, 54.995021596284801 ], [ -5.070847372999935, 54.988598472000035 ], [ -5.071614116999967, 54.981286409000063 ], [ -5.068135166614899, 54.975902234302914 ], [ -5.065236329992331, 54.970719337627372 ], [ -5.073379040010423, 54.963873147827599 ], [ -5.07321962233291, 54.963576460370462 ], [ -5.074837547999948, 54.962590703000046 ], [ -5.069496054999945, 54.954030893000038 ], [ -5.071425030999933, 54.949651962000075 ], [ -5.068524901999979, 54.934413991000042 ], [ -5.067830779000841, 54.933500156744131 ], [ -5.067819714408074, 54.933354020171919 ], [ -5.067407923205494, 54.932943454096929 ], [ -5.060369143999935, 54.923676685000032 ], [ -5.055360097135691, 54.920931471736417 ], [ -5.054837345966462, 54.920410275813822 ], [ -5.053887975094009, 54.920124673743899 ], [ -5.035188422812758, 54.909876364966323 ], [ -5.03229427316171, 54.907900572153665 ], [ -5.031518266981148, 54.907864932304271 ], [ -5.02867649999996, 54.906307499000036 ], [ -5.024627240008747, 54.907548446212289 ], [ -5.021304850589661, 54.907395857919205 ], [ -5.016506378999964, 54.906015185000058 ], [ -5.013175746731734, 54.907022510329412 ], [ -5.013104915259305, 54.907019257232889 ], [ -5.012679186976583, 54.907172691189572 ], [ -5.001805235999939, 54.910461438000027 ], [ -4.999115642253599, 54.912061039974255 ], [ -4.996263623367327, 54.913088917519644 ], [ -4.99466790256428, 54.91470627708398 ], [ -4.993166550999945, 54.915599187000055 ], [ -4.992633607064179, 54.916768158634618 ], [ -4.991560459547372, 54.917855858561154 ], [ -4.991733602518389, 54.918742249555628 ], [ -4.990819180999949, 54.920747963000053 ], [ -4.99374291274352, 54.929028745612641 ], [ -4.994498372002056, 54.932896256257322 ], [ -4.995354105097968, 54.933592069065135 ], [ -4.996428469999955, 54.936634955000045 ], [ -5.006091284999968, 54.944618551000076 ], [ -5.006957633999946, 54.954592682000055 ], [ -5.020406542999979, 54.970679741000026 ], [ -5.031063433999975, 54.974501825000061 ], [ -5.030849304999947, 54.979308168000045 ], [ -5.036092371999928, 54.984027251000043 ], [ -5.038172280938721, 54.990916106560071 ], [ -5.038630128277532, 54.99450695523177 ], [ -5.039540040752851, 54.995446256714544 ], [ -5.040228499999955, 54.997726499000066 ], [ -5.050364354999942, 55.009945021000078 ], [ -5.05197481737383, 55.01082022510613 ], [ -5.057046655018651, 55.019452482083906 ], [ -5.059158443999934, 55.027674663000028 ], [ -5.059878043967507, 55.030475767821478 ], [ -5.058117813105985, 55.033936574884841 ], [ -5.052895840999952, 55.043071051000027 ], [ -5.05296024212327, 55.04407692549281 ], [ -5.052912830962043, 55.044170141039274 ], [ -5.050053950719214, 55.05500949222349 ], [ -5.04938620799993, 55.056235750000042 ], [ -5.029328006607612, 55.079510452445575 ], [ -5.013046980033891, 55.089781761419317 ], [ -5.011019598818203, 55.097538041540219 ], [ -5.008749088999934, 55.103251778000072 ], [ -5.005551298347647, 55.106309070768944 ], [ -5.000776529313157, 55.109237432861391 ], [ -4.996220227677424, 55.125952115313652 ], [ -4.995345275999966, 55.128389537000032 ], [ -4.995753797738353, 55.131311161353651 ], [ -4.996225113654985, 55.137188049789948 ], [ -4.992252799346699, 55.14211734152623 ], [ -4.989007458975533, 55.144191215965989 ], [ -4.951842018999969, 55.162106035000079 ], [ -4.939971594999975, 55.165807878000066 ], [ -4.931985048999934, 55.172984568000061 ], [ -4.925285063999979, 55.18428397100007 ], [ -4.90798854999997, 55.199051948000033 ], [ -4.874069685238929, 55.218343302376184 ], [ -4.872234106318729, 55.218260765122238 ], [ -4.869505621679598, 55.220939113531387 ], [ -4.863924528999974, 55.224113360000047 ], [ -4.860553492999941, 55.228391909000038 ], [ -4.860679652454625, 55.229602904521393 ], [ -4.86016726480716, 55.230105876984851 ], [ -4.860373823412343, 55.24814066016436 ], [ -4.859638238999935, 55.250359094000032 ], [ -4.853998487724223, 55.256380905593346 ], [ -4.853048443730358, 55.256954073671636 ], [ -4.852748782017126, 55.257715271587038 ], [ -4.851840830999947, 55.258684731000073 ], [ -4.844179, 55.273397499000055 ], [ -4.84167739999998, 55.275205442000072 ], [ -4.841106586695568, 55.275617954246414 ], [ -4.838331937768316, 55.276990652296888 ], [ -4.838313533632871, 55.277636422604004 ], [ -4.838135207999926, 55.277765294000062 ], [ -4.835669708999944, 55.290184539000052 ], [ -4.83865799199998, 55.313808072000029 ], [ -4.839626806806646, 55.315060385327818 ], [ -4.839841126966121, 55.31747651113227 ], [ -4.845981990093953, 55.323275248144206 ], [ -4.846056952999959, 55.323372147000043 ], [ -4.844627112999945, 55.325698536000061 ], [ -4.832040572999972, 55.332082631000048 ], [ -4.820581730999947, 55.333887048000065 ], [ -4.813304031999962, 55.337289775000045 ], [ -4.811756854765353, 55.3399766848244 ], [ -4.809551119588264, 55.340770364061143 ], [ -4.806876595036015, 55.348452002014206 ], [ -4.80623974699995, 55.349557986000036 ], [ -4.790480212519543, 55.355063672884377 ], [ -4.775236606483986, 55.359494924451326 ], [ -4.77466453537902, 55.360588876568798 ], [ -4.774531713999977, 55.360635272000081 ], [ -4.773982420153102, 55.361893262316087 ], [ -4.769171119051521, 55.371093749776776 ], [ -4.769655610714066, 55.372889658662857 ], [ -4.772107855999934, 55.388441356000044 ], [ -4.769106436999948, 55.400678969000069 ], [ -4.758069219999925, 55.40796160900004 ], [ -4.750376460999973, 55.41730416200005 ], [ -4.738486421930484, 55.423281059663083 ], [ -4.723992998384688, 55.426954231424062 ], [ -4.720066332999977, 55.427549717000034 ], [ -4.71226907099998, 55.43273404100006 ], [ -4.694002066999929, 55.432004458000051 ], [ -4.683257, 55.435510499000031 ], [ -4.677569094999967, 55.437827394000067 ], [ -4.660945368371492, 55.439410712554839 ], [ -4.656323313669702, 55.439761638389029 ], [ -4.655393263439573, 55.440393513398433 ], [ -4.650548786999934, 55.441877600000055 ], [ -4.649134660794482, 55.444645600519245 ], [ -4.647035360193513, 55.446071862826386 ], [ -4.641560673386152, 55.456958413400287 ], [ -4.642539635779079, 55.466238172817206 ], [ -4.642453499999931, 55.469741999000064 ], [ -4.629759780999962, 55.47605063900005 ], [ -4.6292687127579, 55.478036435829502 ], [ -4.627885341335116, 55.478747249086439 ], [ -4.62777918634714, 55.484059828446888 ], [ -4.627336, 55.485851999000033 ], [ -4.627694639799141, 55.488291002642896 ], [ -4.627664754101507, 55.489786647298416 ], [ -4.625314499999945, 55.490562499000077 ], [ -4.623567468069846, 55.491095857761231 ], [ -4.619366645454022, 55.491763949147014 ], [ -4.620934248316701, 55.504597544541014 ], [ -4.622666322317788, 55.506788624172898 ], [ -4.622844499999928, 55.507373999000038 ], [ -4.630255499999976, 55.517032499000038 ], [ -4.630772499999978, 55.51813499900004 ], [ -4.630304499999966, 55.519145999000045 ], [ -4.649213686999929, 55.52727432100005 ], [ -4.651444829073032, 55.529514928243522 ], [ -4.658211827013986, 55.539855479746734 ], [ -4.66926646267666, 55.545806050009276 ], [ -4.665966175530739, 55.547071233471272 ], [ -4.659519142999955, 55.548402201000044 ], [ -4.659452730829197, 55.549568198781451 ], [ -4.656652569859887, 55.550641656087635 ], [ -4.658374902554127, 55.568491618436695 ], [ -4.658272499999953, 55.570289499000069 ], [ -4.658609703907321, 55.570925059622624 ], [ -4.658807873384376, 55.572978854290739 ], [ -4.671046853229484, 55.59093117673234 ], [ -4.682941909267534, 55.597814619364385 ], [ -4.693552628999953, 55.604171893000057 ], [ -4.692056499999978, 55.607600999000056 ], [ -4.698605522999969, 55.606885657000078 ], [ -4.729039438999962, 55.619910151000056 ], [ -4.729298308623693, 55.619980397494494 ], [ -4.729907274301013, 55.620247125704395 ], [ -4.745647311274183, 55.624776959589099 ], [ -4.753068566260993, 55.630707621559679 ], [ -4.77325856652925, 55.633170604739746 ], [ -4.776127855938875, 55.63284056642685 ], [ -4.77664434299993, 55.632912515000044 ], [ -4.778523487999962, 55.633174275000044 ], [ -4.793453635999981, 55.631454369000039 ], [ -4.799045499999977, 55.638633499000036 ], [ -4.802659109018045, 55.639035418505692 ], [ -4.803343176845772, 55.640059113937127 ], [ -4.805819709856023, 55.639386952697691 ], [ -4.808196477999957, 55.639651306000076 ], [ -4.817764093999926, 55.636704045000045 ], [ -4.82395884999994, 55.638860536000038 ], [ -4.824785341988803, 55.63991667962636 ], [ -4.820210665856965, 55.642396916790837 ], [ -4.819441721999965, 55.642611501000033 ], [ -4.819259948850743, 55.642912363914036 ], [ -4.81285822352794, 55.646383166350063 ], [ -4.81856759223788, 55.649514749594395 ], [ -4.824423499999966, 55.653857999000081 ], [ -4.827729236266203, 55.656540444582127 ], [ -4.830719947367356, 55.660093545880557 ], [ -4.8350205182371, 55.66245696832604 ], [ -4.835997838999958, 55.663250017000053 ], [ -4.840585161999968, 55.666971785000044 ], [ -4.855335943724873, 55.674739469898398 ], [ -4.862022812916372, 55.681652127972981 ], [ -4.863705738999954, 55.684381562000056 ], [ -4.885440665999965, 55.694549781000035 ], [ -4.900525569999957, 55.695940221000058 ], [ -4.90342404963947, 55.698059553517687 ], [ -4.904460121083506, 55.700276608179223 ], [ -4.902705662999949, 55.721857873000033 ], [ -4.897994062783503, 55.725015471609545 ], [ -4.875175357056889, 55.730154275699476 ], [ -4.867240309492445, 55.744230031790607 ], [ -4.857196450655465, 55.747703552577036 ], [ -4.856791061853738, 55.758666347377122 ], [ -4.855316483999957, 55.773829836000061 ], [ -4.858166598021802, 55.775223614499716 ], [ -4.858525726682489, 55.776762403940829 ], [ -4.857824659999949, 55.777800882000065 ], [ -4.860542850999934, 55.781862462000049 ], [ -4.871105678999925, 55.791598667000073 ], [ -4.870592576999968, 55.799336627000059 ], [ -4.88263212399994, 55.810483022000028 ], [ -4.885313329999974, 55.815169168000068 ], [ -4.888114963999953, 55.820065194000051 ], [ -4.891806360999965, 55.838020746000041 ], [ -4.887956428999928, 55.847139363000053 ], [ -4.89084691820106, 55.866674665701296 ], [ -4.890895497209999, 55.868607635351339 ], [ -4.888966499999981, 55.874789999000029 ], [ -4.890170465999972, 55.881441431000042 ], [ -4.891238523019773, 55.882256709178847 ], [ -4.891255379132133, 55.882927417666338 ], [ -4.895887113902316, 55.887178192263448 ], [ -4.898009062380229, 55.891673299924747 ], [ -4.885955400106276, 55.901731477860267 ], [ -4.876920329999962, 55.907156972000053 ], [ -4.873460120999937, 55.909234448000063 ], [ -4.874706089999961, 55.911203995000051 ], [ -4.879693107999969, 55.911787927000034 ], [ -4.881909152999981, 55.915029062000031 ], [ -4.875443625999935, 55.92058030700008 ], [ -4.876302, 55.928395499000032 ], [ -4.878831167288648, 55.932499904825818 ], [ -4.87988897409756, 55.936815349940971 ], [ -4.876908175445714, 55.942768307463545 ], [ -4.854722857273828, 55.95083034024816 ], [ -4.845576075133378, 55.952758604344737 ], [ -4.831226030999971, 55.955683130000068 ], [ -4.8309340288098, 55.955845343680231 ], [ -4.830462932817738, 55.955944657020552 ], [ -4.818040636463669, 55.962243043421346 ], [ -4.815992646999973, 55.962120783000046 ], [ -4.811506495999936, 55.957884679000074 ], [ -4.81060524517761, 55.957849287226097 ], [ -4.810505748141338, 55.957761168842922 ], [ -4.810353472400546, 55.957839400205742 ], [ -4.801621499999953, 55.957496499000058 ], [ -4.798572242999967, 55.962281589000042 ], [ -4.783518309999977, 55.962299510000037 ], [ -4.77664434299993, 55.960430975000065 ], [ -4.763472863999937, 55.956850351000071 ], [ -4.749846215447322, 55.948985235041 ], [ -4.74691295596773, 55.947011947443571 ], [ -4.746422961672088, 55.947009379584273 ], [ -4.74577, 55.946632499000032 ], [ -4.729264444999956, 55.946430409000072 ], [ -4.714434265999955, 55.941479701000048 ], [ -4.680402726077432, 55.935199001387147 ], [ -4.669196248108165, 55.932800412609083 ], [ -4.645151521487617, 55.931800970075209 ], [ -4.643845065999926, 55.931387630000074 ], [ -4.632376116051677, 55.932303725297594 ], [ -4.623890773612566, 55.932776011518463 ], [ -4.614113499999974, 55.930427499000075 ], [ -4.611702021799488, 55.930037877778929 ], [ -4.60394775908145, 55.927853941706019 ], [ -4.579583049218002, 55.923766612939005 ], [ -4.5732311148205, 55.923822154264329 ], [ -4.572735214999966, 55.923742032000064 ], [ -4.538152458955826, 55.923049088386911 ], [ -4.531042337833355, 55.922494411288142 ], [ -4.529419446884546, 55.923243815803033 ], [ -4.515630339999973, 55.925204015000077 ], [ -4.503189809999981, 55.923377949000042 ], [ -4.489372470999967, 55.926090957000042 ], [ -4.472818479999944, 55.922995524000044 ], [ -4.464524499999925, 55.91953649900006 ], [ -4.444166175999953, 55.907156972000053 ], [ -4.437030120999964, 55.90281673100003 ], [ -4.428375528999936, 55.899955061000071 ], [ -4.424444748999974, 55.901777259000028 ], [ -4.416930786999956, 55.899669542000026 ], [ -4.408072659999959, 55.89258903700005 ], [ -4.406795, 55.885970999000051 ], [ -4.404121441999962, 55.890616977000036 ], [ -4.399293456999942, 55.890340367000078 ], [ -4.38366896399998, 55.886150662000034 ], [ -4.354563, 55.873252999000044 ], [ -4.340769417999979, 55.869204783000043 ], [ -4.317947427999968, 55.866870926000047 ], [ -4.296882084999936, 55.859626468000044 ], [ -4.282272507999949, 55.856676966000066 ], [ -4.263383499999975, 55.855685999000059 ], [ -4.284596754999939, 55.858274538000046 ], [ -4.308389, 55.865459499000053 ], [ -4.32056784699995, 55.868600547000028 ], [ -4.339981070999954, 55.870274421000033 ], [ -4.351947499999937, 55.874657499000079 ], [ -4.376835071999949, 55.885435004000044 ], [ -4.392409, 55.889678999000068 ], [ -4.403378695999947, 55.893691084000068 ], [ -4.41660204599998, 55.902753591000078 ], [ -4.437280284999929, 55.907156972000053 ], [ -4.443482477999964, 55.908477617000074 ], [ -4.465718710999965, 55.924201329000027 ], [ -4.472818479999944, 55.926485547000027 ], [ -4.475965499999973, 55.927497999000082 ], [ -4.485819330999959, 55.930249589000027 ], [ -4.50401983699993, 55.929381461000048 ], [ -4.530984283999942, 55.933097519000057 ], [ -4.539830490480987, 55.933321254326337 ], [ -4.542909649778528, 55.933858408873455 ], [ -4.554239761999952, 55.936667359000069 ], [ -4.558421519673382, 55.936264754797037 ], [ -4.563154653274791, 55.936619650277756 ], [ -4.56492839799995, 55.941530895000028 ], [ -4.56959373799998, 55.938760217000038 ], [ -4.583073792999926, 55.938795570000082 ], [ -4.609648, 55.946674499000039 ], [ -4.622793643999955, 55.951120550000041 ], [ -4.641795199999933, 55.954512237000074 ], [ -4.648852582802367, 55.957476444354079 ], [ -4.653136610965589, 55.959452629035638 ], [ -4.653472171012671, 55.959416741165064 ], [ -4.654909137999937, 55.960020289000056 ], [ -4.668182811999941, 55.959239029000059 ], [ -4.684193153999956, 55.970725452000067 ], [ -4.687859991999971, 55.970906952000064 ], [ -4.693973316999973, 55.968202168000062 ], [ -4.701990394999939, 55.968062130000078 ], [ -4.704789173999927, 55.971473955000079 ], [ -4.701852373999941, 55.974431114000026 ], [ -4.69124953499994, 55.973714289000043 ], [ -4.686103827999943, 55.976087504000077 ], [ -4.693046875999926, 55.979090720000045 ], [ -4.694791703999954, 55.979845410000053 ], [ -4.694994445999953, 55.985397932000069 ], [ -4.700457933999928, 55.991629681000063 ], [ -4.709241585999962, 55.993363560000034 ], [ -4.716783499999963, 55.997198999000034 ], [ -4.725523146999933, 56.001282466000077 ], [ -4.757179560339698, 56.006584541153252 ], [ -4.758038904878076, 56.007064330951891 ], [ -4.763846499999943, 56.012472999000067 ], [ -4.773690969999961, 56.01318793400003 ], [ -4.785073294749128, 56.016882585950569 ], [ -4.787742452785816, 56.023592264402822 ], [ -4.788452724999956, 56.025534824000033 ], [ -4.806097934741779, 56.041691800478979 ], [ -4.807575106705599, 56.043765544844121 ], [ -4.809747752774426, 56.04503378535582 ], [ -4.81921895399995, 56.05370616600004 ], [ -4.817879416999972, 56.064833171000032 ], [ -4.822096059999978, 56.067073427000082 ], [ -4.826199792999944, 56.069253569000068 ], [ -4.829711369999927, 56.079158985000049 ], [ -4.836395486999947, 56.079998087000035 ], [ -4.837128975875022, 56.077061354807753 ], [ -4.837393164262778, 56.077315807778348 ], [ -4.838584394163055, 56.071234172031104 ], [ -4.84151277999996, 56.059509543000047 ], [ -4.841033929502135, 56.058728456989172 ], [ -4.84107100921949, 56.05853915235997 ], [ -4.837591821048207, 56.053113796936643 ], [ -4.825468088999969, 56.033337943000049 ], [ -4.822096059999978, 56.029739573000029 ], [ -4.818372728732744, 56.025765336611428 ], [ -4.808461308542235, 56.014796256641887 ], [ -4.808027409987001, 56.014722875100453 ], [ -4.807535994999967, 56.014198345000068 ], [ -4.79643271599997, 56.012310147000051 ], [ -4.791912708750231, 56.005446233507634 ], [ -4.790467738694872, 56.00208830822902 ], [ -4.789061585541483, 56.002146314552746 ], [ -4.784161171999926, 56.000553073000049 ], [ -4.775643169770695, 56.002699848118567 ], [ -4.774914391040905, 56.002729911540058 ], [ -4.772173240579228, 56.001373119972911 ], [ -4.769932519346852, 55.999608476289971 ], [ -4.768371754999976, 55.997333339000079 ], [ -4.771511847999932, 55.993542314000081 ], [ -4.767973244999951, 55.989510475000031 ], [ -4.769961796999951, 55.987684466000076 ], [ -4.78026084399994, 55.988379465000037 ], [ -4.805003840999973, 55.983023808000041 ], [ -4.817774156999974, 55.985079490000032 ], [ -4.822096059999978, 55.98484591700003 ], [ -4.83665796799994, 55.984058924000067 ], [ -4.850982065883605, 55.989336212418166 ], [ -4.852229658514521, 55.989904448750352 ], [ -4.853140344999929, 56.002301486000079 ], [ -4.867956039999967, 56.016120160000071 ], [ -4.868638549999957, 56.038421669000059 ], [ -4.881201881999971, 56.050381548000075 ], [ -4.87973995699997, 56.058627455000078 ], [ -4.877533772359199, 56.061413231009382 ], [ -4.870155572521242, 56.069562434958527 ], [ -4.865675474264469, 56.076386847330049 ], [ -4.861898588999964, 56.08115596600004 ], [ -4.851661850997834, 56.095470798716818 ], [ -4.842933654464389, 56.105997443327453 ], [ -4.841034951675323, 56.110331224573976 ], [ -4.838751288999958, 56.113524649000055 ], [ -4.826566254122324, 56.120509656576353 ], [ -4.822545647762979, 56.121930718527835 ], [ -4.821535570608388, 56.124032161468982 ], [ -4.809809845541063, 56.144115632716215 ], [ -4.806259832407747, 56.148090898096783 ], [ -4.794850442065575, 56.160076003254424 ], [ -4.782405018876148, 56.171502828193184 ], [ -4.782345000633596, 56.173212465949632 ], [ -4.77022077099997, 56.185948481000082 ], [ -4.75046085799994, 56.19591521600006 ], [ -4.74865099799996, 56.203328507000037 ], [ -4.752750415999969, 56.203287012000033 ], [ -4.760311159999958, 56.197263831000043 ], [ -4.770778427604479, 56.193633106933895 ], [ -4.776522755720293, 56.192229628394841 ], [ -4.776786727601515, 56.191549040659865 ], [ -4.777542130999962, 56.191287018000082 ], [ -4.777756528686686, 56.189048642811123 ], [ -4.778920858055923, 56.186046700768998 ], [ -4.784825227999931, 56.185209646000033 ], [ -4.788921226999946, 56.18226214200007 ], [ -4.789587128768724, 56.181301133559856 ], [ -4.789834260742339, 56.181200623410177 ], [ -4.801600910608437, 56.165915267720656 ], [ -4.808613226170095, 56.158827126526894 ], [ -4.816302418321641, 56.153030633756885 ], [ -4.823099713219963, 56.144183624514874 ], [ -4.824768350999932, 56.142496329000039 ], [ -4.825157395314818, 56.141505451391211 ], [ -4.825932502682519, 56.140496611529443 ], [ -4.827926577325862, 56.134452474790528 ], [ -4.831494823999947, 56.125364318000038 ], [ -4.836406724226512, 56.123013922653399 ], [ -4.837522744878527, 56.123080730191703 ], [ -4.83990104903456, 56.121341851888594 ], [ -4.846065616999965, 56.118392042000039 ], [ -4.849478688041909, 56.114339236759399 ], [ -4.853789449123497, 56.111187457835058 ], [ -4.858055081392644, 56.104194457763107 ], [ -4.863624957999946, 56.101258026000039 ], [ -4.870252775458618, 56.102597864384983 ], [ -4.873398423498145, 56.103640675476697 ], [ -4.874831250364117, 56.103523420416231 ], [ -4.882429156999933, 56.105059366000035 ], [ -4.887460672999964, 56.110914047000051 ], [ -4.890921349999928, 56.124065361000078 ], [ -4.88612705055771, 56.131076813826574 ], [ -4.885991453842166, 56.131206631880616 ], [ -4.88597527141118, 56.131298784176728 ], [ -4.884372216999964, 56.133643181000082 ], [ -4.883576930999936, 56.143586980000066 ], [ -4.886148829786729, 56.147228881772421 ], [ -4.887421727530352, 56.150118351081062 ], [ -4.889240277334263, 56.151606483395135 ], [ -4.901762129999952, 56.169337880000057 ], [ -4.907912031999956, 56.171167333000028 ], [ -4.912031875516059, 56.167956792037081 ], [ -4.915820121601087, 56.166287660547141 ], [ -4.915381809870429, 56.165346231362662 ], [ -4.916309837999961, 56.164623031000076 ], [ -4.913291529678706, 56.160856616692108 ], [ -4.91136145556635, 56.156711101136636 ], [ -4.907399540402785, 56.153504262210973 ], [ -4.900731678999932, 56.145183731000031 ], [ -4.901785339999947, 56.135239666000075 ], [ -4.907456699999955, 56.129918931000077 ], [ -4.910767715999953, 56.120451777000028 ], [ -4.909317412878736, 56.115998900019171 ], [ -4.908798337372957, 56.111615657436857 ], [ -4.904707355873017, 56.10845993694376 ], [ -4.900473060999957, 56.104528511000069 ], [ -4.898315320063817, 56.103529218387344 ], [ -4.897533655153779, 56.102926254043609 ], [ -4.893514250723568, 56.101305747976909 ], [ -4.877083513999935, 56.093696348000037 ], [ -4.874654921999934, 56.087655774000041 ], [ -4.896008255999959, 56.060955386000046 ], [ -4.91398404499995, 56.051183063000053 ], [ -4.908381170999974, 56.044987586000047 ], [ -4.906369578999943, 56.032422195000038 ], [ -4.900616699999944, 56.021186785000054 ], [ -4.902105419999941, 56.011940600000059 ], [ -4.901729667995411, 56.010991709063191 ], [ -4.901903032898247, 56.010485053342677 ], [ -4.900550719311365, 56.008014496146579 ], [ -4.895388666999963, 55.994978705000051 ], [ -4.897008521999965, 55.98702871200004 ], [ -4.898965961999977, 55.984556515000065 ], [ -4.909741791999977, 55.985677384000041 ], [ -4.929309652999962, 55.990710972000045 ], [ -4.938415080677771, 55.994297915603028 ], [ -4.939982413856967, 55.995032668123088 ], [ -4.940163389162508, 55.99498663492048 ], [ -4.953865691999965, 56.000384447000044 ], [ -4.955440456999952, 55.995670017000066 ], [ -4.960682427999927, 55.991282804000036 ], [ -4.958978958269442, 55.990200673087948 ], [ -4.960432409927364, 55.989830970522974 ], [ -4.951290250044735, 55.983304858432405 ], [ -4.947535657075108, 55.982931304142234 ], [ -4.94621312299995, 55.982091163000064 ], [ -4.934026645861104, 55.981587257228021 ], [ -4.930144906262115, 55.981201052786616 ], [ -4.913932107355402, 55.973756873604451 ], [ -4.908033449986966, 55.967492246937589 ], [ -4.908103676415232, 55.966395523104531 ], [ -4.914165499999967, 55.957072999000047 ], [ -4.923669318999941, 55.950810482000065 ], [ -4.923676688999933, 55.94576846800004 ], [ -4.933570602999964, 55.942554447000077 ], [ -4.937650076999944, 55.928435311000044 ], [ -4.945760881999945, 55.918469431000062 ], [ -4.948174980467103, 55.90953446599913 ], [ -4.948207735598089, 55.909484147675357 ], [ -4.948217473446945, 55.909377192676253 ], [ -4.948817344999952, 55.907156972000053 ], [ -4.95137811099994, 55.897676624000042 ], [ -4.969291789244573, 55.883410805345548 ], [ -4.970119834162745, 55.882993102349644 ], [ -4.970271641037916, 55.882630486094463 ], [ -4.97281094799996, 55.880608272000075 ], [ -4.981016582999928, 55.862103732000037 ], [ -4.990418514999931, 55.864497008000058 ], [ -5.00654890665558, 55.865236795137179 ], [ -5.02226507687152, 55.868173480122152 ], [ -5.022709249012824, 55.868138780882802 ], [ -5.023045668999941, 55.868389092000029 ], [ -5.036847383999941, 55.868682878000072 ], [ -5.04448634299996, 55.87122047400004 ], [ -5.041012963999947, 55.880884723000065 ], [ -5.046744457194847, 55.889171357992808 ], [ -5.049406409377923, 55.904873729139183 ], [ -5.050291977161898, 55.906692858488391 ], [ -5.050359956999955, 55.907156972000053 ], [ -5.052084259275188, 55.910374556324903 ], [ -5.056695937966992, 55.919847845901586 ], [ -5.055942773739787, 55.927360653671428 ], [ -5.064508991648329, 55.942516118283365 ], [ -5.06899601899994, 55.951112451000029 ], [ -5.069609063401221, 55.951539231843462 ], [ -5.07044446493984, 55.953017235157233 ], [ -5.081662774517213, 55.960410356652858 ], [ -5.082739427704387, 55.960680148782274 ], [ -5.083570602999941, 55.961258785000041 ], [ -5.096143400999949, 55.964809642000034 ], [ -5.103609453074216, 55.97008533950698 ], [ -5.104581164303675, 55.970996449747048 ], [ -5.115253693999932, 55.992826690000072 ], [ -5.11553008461776, 55.993099434447075 ], [ -5.119428038472904, 56.001890301796095 ], [ -5.121024477446467, 56.000910495271889 ], [ -5.121055855999941, 56.006384008000055 ], [ -5.12439617299998, 56.007625031000032 ], [ -5.127472570999942, 56.005239403000076 ], [ -5.128833644999929, 55.996970743000077 ], [ -5.128443517216148, 55.996357096307044 ], [ -5.128477335260413, 55.996336340649634 ], [ -5.121587236477955, 55.985572593955716 ], [ -5.12003027399993, 55.983123589000058 ], [ -5.118529688983913, 55.978290511306646 ], [ -5.117681145867891, 55.971974611139501 ], [ -5.101256847125512, 55.957307934813457 ], [ -5.097228073884549, 55.955836526363939 ], [ -5.094109185126126, 55.953915106745761 ], [ -5.084390835085849, 55.940120197939137 ], [ -5.07420043999997, 55.906569260000026 ], [ -5.07721442199994, 55.899327269000082 ], [ -5.085940217999962, 55.898126900000079 ], [ -5.109425046999945, 55.901856630000054 ], [ -5.134276049714495, 55.914769280195621 ], [ -5.144198656442541, 55.920500278864836 ], [ -5.151794184374986, 55.923871751735618 ], [ -5.165243240999928, 55.930859919000056 ], [ -5.170947811457595, 55.932373587902966 ], [ -5.177382469025417, 55.935229778231758 ], [ -5.18042167612621, 55.937884014389667 ], [ -5.188583260999962, 55.946498943000051 ], [ -5.188281009661858, 55.949443464056031 ], [ -5.18584823620688, 55.955218553393536 ], [ -5.187138088523329, 55.960577758378221 ], [ -5.185847996999939, 55.973145781000028 ], [ -5.191250387999958, 55.979617129000076 ], [ -5.198167767999962, 55.970570781000049 ], [ -5.201515145999963, 55.948199414000044 ], [ -5.20044118267732, 55.946012804513536 ], [ -5.201601147874385, 55.942517518968486 ], [ -5.1966152422177, 55.938223117913019 ], [ -5.196190505999937, 55.937358347000043 ], [ -5.197176310999964, 55.93244551500004 ], [ -5.206718835999936, 55.91874785400006 ], [ -5.213375394487625, 55.915592072570639 ], [ -5.21686220142908, 55.915453911269083 ], [ -5.229189967771542, 55.908094604205289 ], [ -5.233363003999955, 55.906116226000051 ], [ -5.233940891664532, 55.905258445018461 ], [ -5.239563226661403, 55.901902079517356 ], [ -5.239399222050013, 55.897156434397871 ], [ -5.240247073999967, 55.89589793500005 ], [ -5.239312231503716, 55.89463927187434 ], [ -5.239151358747847, 55.88998425027296 ], [ -5.227504253318443, 55.878509759817746 ], [ -5.208554371372109, 55.852058130678202 ], [ -5.207886191441196, 55.850151768169745 ], [ -5.206983447327787, 55.842520118209166 ], [ -5.203792166836492, 55.838471239237286 ], [ -5.202343913999925, 55.834339276000037 ], [ -5.204756836999934, 55.829980377000027 ], [ -5.20937601299994, 55.827782694000064 ], [ -5.217007771999931, 55.828992199000027 ], [ -5.222257438761087, 55.832975410642192 ], [ -5.226621628085411, 55.837730408131904 ], [ -5.230594816288293, 55.838201297795258 ], [ -5.247253113999932, 55.841653864000079 ], [ -5.252638330999957, 55.848587051000038 ], [ -5.25674430112269, 55.850632683084278 ], [ -5.257688641617221, 55.851936221479434 ], [ -5.260499682741179, 55.850869860035985 ], [ -5.282381577999956, 55.848505922000072 ], [ -5.292123233999973, 55.854188092000072 ], [ -5.307105179999951, 55.854256221000071 ], [ -5.313154984999926, 55.860227872000053 ], [ -5.313105019863389, 55.864132398475427 ], [ -5.310371517930889, 55.869914531630457 ], [ -5.313025728278777, 55.870328640752668 ], [ -5.312990535999973, 55.873078742000075 ], [ -5.326136793881463, 55.882023115408906 ], [ -5.327979206674854, 55.884347319473363 ], [ -5.329983702294925, 55.884618719157935 ], [ -5.346822712999938, 55.892821094000055 ], [ -5.346973147570554, 55.893960627136593 ], [ -5.346717238009774, 55.89561736614877 ], [ -5.347410078775246, 55.897270355639094 ], [ -5.348941239999931, 55.908868813000026 ], [ -5.346374083300747, 55.914409271284327 ], [ -5.3437718153167, 55.917960047518363 ], [ -5.344747123992436, 55.919112964660435 ], [ -5.345967111999926, 55.927149049000036 ], [ -5.341369621999945, 55.939966209000033 ], [ -5.338153684286087, 55.944883512956814 ], [ -5.33580005203055, 55.947180152142266 ], [ -5.33361946950836, 55.951816517962264 ], [ -5.331530074999932, 55.955011290000073 ], [ -5.33180248135525, 55.95567980755699 ], [ -5.330545425730406, 55.958352565718428 ], [ -5.33393534641277, 55.960005697775387 ], [ -5.34533070699996, 55.970301549000055 ], [ -5.340418587108222, 55.982379044225361 ], [ -5.339284658759709, 55.983599900814966 ], [ -5.339883971291598, 55.986112830604029 ], [ -5.338982038999973, 55.995561357000042 ], [ -5.327771224999935, 56.006208403000073 ], [ -5.325039447253369, 56.007608084827872 ], [ -5.314112305538117, 56.012412905730969 ], [ -5.301593780428391, 56.023712157889975 ], [ -5.295262117959672, 56.038031574560684 ], [ -5.288539795158878, 56.04913347671387 ], [ -5.276752371092738, 56.058259511449208 ], [ -5.272534705999931, 56.061481488000027 ], [ -5.263881458559517, 56.071027841424218 ], [ -5.245412468510324, 56.081082463485018 ], [ -5.237065018572544, 56.087564816392842 ], [ -5.231940481816991, 56.0906755288784 ], [ -5.218739748440328, 56.096259117464399 ], [ -5.206058741017785, 56.107712745446804 ], [ -5.209505043112306, 56.113398495590801 ], [ -5.208261888999971, 56.118671393000056 ], [ -5.198900848999926, 56.129432175000034 ], [ -5.178744291999976, 56.13643281700007 ], [ -5.155516849686174, 56.138274215073452 ], [ -5.15280091732825, 56.137818455657282 ], [ -5.133162617860307, 56.143415212841944 ], [ -5.128826644124591, 56.145797761303655 ], [ -5.111245768089457, 56.152734988909138 ], [ -5.100453614942126, 56.156451344554 ], [ -5.080296754691062, 56.167428850760984 ], [ -5.082162555984814, 56.170808296607994 ], [ -5.081708266999954, 56.179065001000026 ], [ -5.070865504999972, 56.196366225000077 ], [ -5.05734137099995, 56.209294766000028 ], [ -5.031138222999971, 56.223397866000028 ], [ -4.977917514999945, 56.23779277400007 ], [ -4.965117401999976, 56.245656323000048 ], [ -4.950358423999944, 56.25064924000003 ], [ -4.943445293999957, 56.255829326000082 ], [ -4.936834457999964, 56.257191615000067 ], [ -4.924541954999938, 56.26614369400005 ], [ -4.924011604999976, 56.269659353000065 ], [ -4.929861883999934, 56.270122318000062 ], [ -4.949193735999927, 56.259379276000061 ], [ -4.968607182999961, 56.254259091000051 ], [ -4.995515781999927, 56.243732013000056 ], [ -5.008891, 56.242736999000044 ], [ -5.042949930999953, 56.234980393000058 ], [ -5.046240355999942, 56.237421015000052 ], [ -5.046210650999967, 56.245016544000066 ], [ -5.047183098795333, 56.245078415245018 ], [ -5.047158956819999, 56.245696664069953 ], [ -5.048338620746081, 56.245151934442667 ], [ -5.053643274999956, 56.245489439000039 ], [ -5.057789496999931, 56.244024491000062 ], [ -5.071128183999974, 56.235084151000081 ], [ -5.071479963911282, 56.234466030636824 ], [ -5.07238316495085, 56.234048962389863 ], [ -5.072321935164676, 56.232986584084379 ], [ -5.076901515999964, 56.22493970000005 ], [ -5.08820288407264, 56.218669636864888 ], [ -5.08935117761439, 56.21856546422481 ], [ -5.090420333229576, 56.216421990643958 ], [ -5.095433779999951, 56.208288159000062 ], [ -5.104323337999972, 56.201686653000081 ], [ -5.10484623185436, 56.200713568786021 ], [ -5.105256557643713, 56.200513720831566 ], [ -5.105300125174549, 56.199868891762115 ], [ -5.107387621999976, 56.195984145000068 ], [ -5.107936373999962, 56.182813293000038 ], [ -5.11760602499993, 56.171393523000063 ], [ -5.129045236989084, 56.164020392763689 ], [ -5.13636015553787, 56.160623001778163 ], [ -5.143129657999964, 56.158153359000039 ], [ -5.151104303626358, 56.157369900437523 ], [ -5.153809905402397, 56.157511114646297 ], [ -5.155509169902364, 56.156937150148373 ], [ -5.163120703999937, 56.156189365000046 ], [ -5.17472850799993, 56.151776291000033 ], [ -5.19157265399997, 56.149952256000063 ], [ -5.198652847999938, 56.147270482000067 ], [ -5.209372158689883, 56.141430860789647 ], [ -5.236846446705954, 56.128293752954448 ], [ -5.24230827386514, 56.123488061823416 ], [ -5.24545220899995, 56.121775322000076 ], [ -5.254821083999957, 56.11290563600005 ], [ -5.258839541999976, 56.097723510000037 ], [ -5.263615150999954, 56.095842857000036 ], [ -5.27563388455422, 56.091109197484791 ], [ -5.282887459188601, 56.088824153212329 ], [ -5.283813171263734, 56.087887730082628 ], [ -5.285128961999931, 56.087369497000054 ], [ -5.291477322999981, 56.080580717000032 ], [ -5.299167004999958, 56.065369280000027 ], [ -5.315760913999952, 56.058902735000061 ], [ -5.322966011999938, 56.061240368000028 ], [ -5.323977922999973, 56.068550831000039 ], [ -5.333626328999969, 56.067674707000037 ], [ -5.335343201999933, 56.062704695000036 ], [ -5.328695112661697, 56.057756944462653 ], [ -5.338886975852972, 56.052322626488092 ], [ -5.338791341858301, 56.051135132397008 ], [ -5.340184459999932, 56.050261548000037 ], [ -5.338139465999973, 56.033882049000056 ], [ -5.342601700350971, 56.02684221063538 ], [ -5.345333243821053, 56.023806647897125 ], [ -5.34875418699994, 56.021945541000036 ], [ -5.362301907999949, 56.02243419000007 ], [ -5.362788542840206, 56.021768690576266 ], [ -5.365221977112185, 56.021893143253976 ], [ -5.366608458181956, 56.016544750059438 ], [ -5.367597907999937, 56.015191624000067 ], [ -5.381027206999931, 56.005431961000056 ], [ -5.395183914999961, 56.006372011000053 ], [ -5.403672625578917, 56.003116421637294 ], [ -5.407914519539247, 56.005859017180001 ], [ -5.409178883769881, 56.006183409723413 ], [ -5.409260709999955, 56.006292623000036 ], [ -5.420742105999977, 56.01097074200004 ], [ -5.426740903999928, 56.01341474000003 ], [ -5.429445075218436, 56.025040904666085 ], [ -5.430446863431825, 56.03420603298224 ], [ -5.431578126732417, 56.034211628758179 ], [ -5.431636143999981, 56.034461065000073 ], [ -5.436085914999978, 56.035950703000083 ], [ -5.440083625943607, 56.034253701074881 ], [ -5.441484570256307, 56.034260630823667 ], [ -5.447897561286136, 56.012542611191115 ], [ -5.449859008999965, 56.006944735000047 ], [ -5.449723351474672, 56.006359451574156 ], [ -5.449902415263921, 56.00575304017076 ], [ -5.448998041444316, 56.00323016008457 ], [ -5.445561385999952, 55.988402988000075 ], [ -5.44801390899994, 55.979090720000045 ], [ -5.449971953999977, 55.971654384000033 ], [ -5.445879753552488, 55.963508031098279 ], [ -5.444128632829916, 55.95963191967752 ], [ -5.44386462801639, 55.959496516029787 ], [ -5.443364072999941, 55.958500060000063 ], [ -5.431908328999953, 55.951479894000045 ], [ -5.42884, 55.939913999000055 ], [ -5.423295615187053, 55.922362937129321 ], [ -5.42227530496109, 55.9173811674072 ], [ -5.420792517360507, 55.914439240217163 ], [ -5.418716079999967, 55.907866161000072 ], [ -5.418367809475873, 55.900594739197921 ], [ -5.418842911970557, 55.89843749979093 ], [ -5.418225336622978, 55.897620096967003 ], [ -5.418139823999979, 55.895834708000052 ], [ -5.414593117999971, 55.892573448000064 ], [ -5.414389438659789, 55.892543026064317 ], [ -5.402127266160107, 55.876313209786815 ], [ -5.399972177309548, 55.874618052847637 ], [ -5.397554143999969, 55.871628411000074 ], [ -5.400800886999946, 55.869412768000075 ], [ -5.40768677899996, 55.869390389000046 ], [ -5.412030437999931, 55.865259200000082 ], [ -5.40768677899996, 55.865446808000058 ], [ -5.400966875999927, 55.865737047000039 ], [ -5.385590961999981, 55.862348996000037 ], [ -5.382009597686193, 55.859086483971197 ], [ -5.376395106548728, 55.851717948824387 ], [ -5.373401301648036, 55.851244592749964 ], [ -5.355525609999972, 55.834960391000038 ], [ -5.354759923617959, 55.834578079882128 ], [ -5.354022741256301, 55.83376395724099 ], [ -5.346927444500683, 55.830667283088985 ], [ -5.340940691478136, 55.827678066753847 ], [ -5.331959579910881, 55.817133810714807 ], [ -5.33012258399998, 55.811657255000057 ], [ -5.32338449599996, 55.805390256000067 ], [ -5.315193969999939, 55.785732099000029 ], [ -5.315711610309855, 55.782320363296847 ], [ -5.318001480489766, 55.773976359949323 ], [ -5.325805328999934, 55.766510904000029 ], [ -5.347705704999953, 55.765812124000036 ], [ -5.34938607254776, 55.765045214311108 ], [ -5.350442766819981, 55.765146851546149 ], [ -5.354441324844611, 55.762738027427211 ], [ -5.358506010999974, 55.760882929000047 ], [ -5.36769346799997, 55.756223770000076 ], [ -5.374115178913056, 55.754421942508166 ], [ -5.394014954126646, 55.750025868299133 ], [ -5.396907328919973, 55.748026836431606 ], [ -5.396969703999957, 55.748009335000063 ], [ -5.397141188218734, 55.747865207243088 ], [ -5.407357334672952, 55.740804434077575 ], [ -5.408632101312831, 55.738207282561966 ], [ -5.412068236999971, 55.735318836000033 ], [ -5.41773424203675, 55.732838152727901 ], [ -5.421310543746358, 55.73175656811128 ], [ -5.426888359127757, 55.726588564176168 ], [ -5.446310714999925, 55.709546346000081 ], [ -5.446462534373672, 55.708452536398212 ], [ -5.448883652458221, 55.706209301917909 ], [ -5.447169635236354, 55.703358102835466 ], [ -5.448742224999933, 55.692028101000062 ], [ -5.449054095999941, 55.689780603000031 ], [ -5.458200873999942, 55.682529268000053 ], [ -5.458379771999944, 55.67662937800003 ], [ -5.469763028999978, 55.652140865000035 ], [ -5.477709434297926, 55.645909270627428 ], [ -5.482965707900746, 55.643280029549885 ], [ -5.47912135244137, 55.637616157017547 ], [ -5.477477687999965, 55.633624747000056 ], [ -5.478096468999979, 55.620135516000062 ], [ -5.476032034030915, 55.612565157478706 ], [ -5.475985645920503, 55.608079552929098 ], [ -5.47377699594456, 55.604295850356493 ], [ -5.472993289999977, 55.601421972000082 ], [ -5.471160693564459, 55.599813786582637 ], [ -5.467770218520457, 55.594005465080329 ], [ -5.462402360149889, 55.592127956901074 ], [ -5.460478258999956, 55.590439472000071 ], [ -5.462193199999945, 55.584694310000032 ], [ -5.460489101756973, 55.579514362910501 ], [ -5.460752209464546, 55.576727299630051 ], [ -5.463101204966952, 55.57559466148053 ], [ -5.472432017123651, 55.581565141418253 ], [ -5.486317873270821, 55.578573107762793 ], [ -5.486495446818043, 55.577594945358939 ], [ -5.486691997999969, 55.577556739000045 ], [ -5.492712168999958, 55.568833269000038 ], [ -5.490362181999956, 55.56273510300008 ], [ -5.492922, 55.547765999000035 ], [ -5.490485834999959, 55.531340306000061 ], [ -5.492091240999969, 55.529716909000058 ], [ -5.497732235999933, 55.528695123000034 ], [ -5.503011123999954, 55.527738904000046 ], [ -5.504204757999958, 55.51648498600008 ], [ -5.511001917999977, 55.506278753000061 ], [ -5.509972769302518, 55.503112041369398 ], [ -5.51291227377314, 55.497811333652272 ], [ -5.514945334999936, 55.496321055000067 ], [ -5.515172267999958, 55.489885538000067 ], [ -5.512111252999944, 55.48770640400005 ], [ -5.522044683999979, 55.483722343000068 ], [ -5.523261863476936, 55.480305907962581 ], [ -5.525130838875898, 55.479070599338549 ], [ -5.530382456999973, 55.477457051000044 ], [ -5.544595388999937, 55.467461624000066 ], [ -5.546528012999943, 55.44941205300006 ], [ -5.547520296999949, 55.448454629000082 ], [ -5.555164134999927, 55.441078546000028 ], [ -5.553803687717522, 55.438586780211182 ], [ -5.559935769738328, 55.433812537403789 ], [ -5.568232101999968, 55.428559698000072 ], [ -5.571736311999928, 55.427676216000066 ], [ -5.58031260599995, 55.425513875000036 ], [ -5.598359205999941, 55.428117941000039 ], [ -5.599062762767603, 55.427813295518895 ], [ -5.599293947157548, 55.427864312787904 ], [ -5.599282895799672, 55.427717976226191 ], [ -5.602944193999974, 55.426132606000067 ], [ -5.598867037154751, 55.422211383738777 ], [ -5.598848223366417, 55.42196226094967 ], [ -5.598378461200717, 55.421741493817933 ], [ -5.596519428999954, 55.419953562000046 ], [ -5.58318428299998, 55.41396588300006 ], [ -5.571736311999928, 55.414279235000038 ], [ -5.561891953999975, 55.417917101000057 ], [ -5.550984282999934, 55.416538514000081 ], [ -5.54531266999993, 55.407395430000065 ], [ -5.529003684999964, 55.394892953000067 ], [ -5.517333064999946, 55.369640152000045 ], [ -5.532806154392913, 55.349961700519728 ], [ -5.533742863984615, 55.349158077330536 ], [ -5.560408772999949, 55.330465538000055 ], [ -5.563729007999939, 55.323795904000065 ], [ -5.569552340184968, 55.321302589932081 ], [ -5.576851248585967, 55.319716573061498 ], [ -5.584065987813602, 55.315519602543503 ], [ -5.603290704999949, 55.307960645000037 ], [ -5.619695010999976, 55.306839540000055 ], [ -5.630403976999958, 55.308625912000082 ], [ -5.631492802351726, 55.308542013037091 ], [ -5.631597041969485, 55.308564305198672 ], [ -5.631900606571822, 55.308510589860624 ], [ -5.642612234999945, 55.307685210000045 ], [ -5.652226079999934, 55.310867507000069 ], [ -5.667946539999946, 55.308054674000061 ], [ -5.678840663673038, 55.308023294182739 ], [ -5.680870056007905, 55.308285236574477 ], [ -5.681668185941529, 55.30801514968806 ], [ -5.686272242999962, 55.308001888000035 ], [ -5.703916076130293, 55.300486471540182 ], [ -5.711035251875046, 55.298077344993544 ], [ -5.713262624458963, 55.296505295645282 ], [ -5.722884047541692, 55.292407036447919 ], [ -5.725221179346915, 55.292101041751316 ], [ -5.75861077999997, 55.289208398000028 ], [ -5.798788565999928, 55.300050924000061 ], [ -5.801377056198083, 55.302889858045091 ], [ -5.803811111903578, 55.312238844088377 ], [ -5.803070633135212, 55.313835521066267 ], [ -5.798707842392616, 55.320222377860603 ], [ -5.80124224980699, 55.32785929096751 ], [ -5.797389812999938, 55.334265134000077 ], [ -5.797610070891587, 55.335422831054984 ], [ -5.797240972592476, 55.336122631754222 ], [ -5.797967002427372, 55.337298898171987 ], [ -5.799040856999966, 55.342943183000045 ], [ -5.804567050305612, 55.347991867388501 ], [ -5.804841461264918, 55.348436450214969 ], [ -5.800258651999968, 55.353378047000035 ], [ -5.80180696985604, 55.359111388111572 ], [ -5.799170615032973, 55.36820228168849 ], [ -5.797654233999936, 55.369588957000076 ], [ -5.797954373115674, 55.372396226197488 ], [ -5.795507669642859, 55.38083314853094 ], [ -5.79551313349511, 55.380861775096434 ], [ -5.794297788999927, 55.383017557000073 ], [ -5.796216524999977, 55.39114535300007 ], [ -5.775555692999944, 55.404473703000065 ], [ -5.77290573475931, 55.408080463773537 ], [ -5.754442214835933, 55.414635539098981 ], [ -5.754624923504156, 55.415742859844244 ], [ -5.750522136911101, 55.422898731240743 ], [ -5.729184747078136, 55.424255847829215 ], [ -5.720339655750195, 55.430727005047459 ], [ -5.713486909892708, 55.45461964637974 ], [ -5.713473507712593, 55.457557253488908 ], [ -5.713141485999927, 55.458717066000077 ], [ -5.713447782267419, 55.463195981664654 ], [ -5.713329553715653, 55.489110350162548 ], [ -5.712962717722633, 55.493693884845335 ], [ -5.711931214999936, 55.496785362000082 ], [ -5.71251351460212, 55.499306578587678 ], [ -5.711960316115324, 55.506218671454633 ], [ -5.714300513057992, 55.511163949856325 ], [ -5.711973682052858, 55.524034621482784 ], [ -5.708664230898289, 55.528090912580971 ], [ -5.704853653872817, 55.529317617014499 ], [ -5.703123211666536, 55.5427092309464 ], [ -5.705984473104763, 55.552387833731757 ], [ -5.715794301292259, 55.569033327967439 ], [ -5.715729772746028, 55.574094782448618 ], [ -5.714399798857092, 55.578664910412343 ], [ -5.704315797324455, 55.583163916371362 ], [ -5.69455695154187, 55.58694601094976 ], [ -5.685722708735739, 55.599121450994346 ], [ -5.680645429152697, 55.617217114886998 ], [ -5.679426456999977, 55.61806759500007 ], [ -5.67839238194811, 55.624564408840087 ], [ -5.672393560813873, 55.632093668388279 ], [ -5.673440930467287, 55.644609513428769 ], [ -5.673594726999966, 55.647843226000077 ], [ -5.668137549088267, 55.658939229033244 ], [ -5.66358470946642, 55.667392134239492 ], [ -5.663745516297778, 55.667868304412586 ], [ -5.663722778999954, 55.667914524000082 ], [ -5.663915346339693, 55.668371193498658 ], [ -5.669224858040479, 55.684093355823848 ], [ -5.637985467854776, 55.696503758142114 ], [ -5.634232476959935, 55.700005483428733 ], [ -5.628867337999964, 55.703710313000045 ], [ -5.607365069999958, 55.724362099000075 ], [ -5.606015082804193, 55.726333701483675 ], [ -5.605314135738581, 55.726987719607621 ], [ -5.605005495967792, 55.727808162812124 ], [ -5.599620012999935, 55.735673446000078 ], [ -5.599800103112235, 55.739747062682802 ], [ -5.583727955980066, 55.748692274428947 ], [ -5.583125948465317, 55.755016009690877 ], [ -5.570504307999954, 55.765795486000059 ], [ -5.55319402415615, 55.768096010024138 ], [ -5.551666617819819, 55.768223643606404 ], [ -5.550896587125907, 55.768781432319692 ], [ -5.519452099999967, 55.783578377000026 ], [ -5.51902457055583, 55.784014611984141 ], [ -5.517356157060647, 55.784711360740914 ], [ -5.512847228466209, 55.790317739792798 ], [ -5.509210255750719, 55.79402877012425 ], [ -5.482279658279367, 55.802083134828933 ], [ -5.479481622696318, 55.808294453742313 ], [ -5.476546725597017, 55.810432054593427 ], [ -5.469807505811502, 55.813961863349391 ], [ -5.471405037711047, 55.817596937980788 ], [ -5.468968614999937, 55.822107036000034 ], [ -5.460032982075198, 55.830195480619963 ], [ -5.455415010294075, 55.832512855484026 ], [ -5.457240754207533, 55.832722977067512 ], [ -5.451330431999963, 55.838072941000064 ], [ -5.444215858999939, 55.854469987000073 ], [ -5.449810337999963, 55.853179326000031 ], [ -5.462994279999975, 55.838158713000041 ], [ -5.471501822561288, 55.834364257776478 ], [ -5.475231051771402, 55.834793448059429 ], [ -5.476356707990798, 55.830893346907416 ], [ -5.484127279999939, 55.821878252000033 ], [ -5.498212117999969, 55.815779317000079 ], [ -5.500918354635612, 55.813522597975286 ], [ -5.502173304953715, 55.813125849078631 ], [ -5.506940082901429, 55.808501104821062 ], [ -5.519610157999978, 55.797935584000072 ], [ -5.537230393999948, 55.78786008700007 ], [ -5.566363444999979, 55.777351497000041 ], [ -5.576751196999965, 55.777545763000035 ], [ -5.591207633999943, 55.767907244000071 ], [ -5.611105214999952, 55.762364018000028 ], [ -5.613878048999936, 55.769336835000047 ], [ -5.608409175999952, 55.77558487400006 ], [ -5.617368864999946, 55.782330479000052 ], [ -5.612579583999945, 55.790604871000028 ], [ -5.616947607999975, 55.791285518000052 ], [ -5.631945912999981, 55.788223655000081 ], [ -5.641574855999977, 55.789142436000077 ], [ -5.661828748999937, 55.799537923000059 ], [ -5.669082308999975, 55.812986927000054 ], [ -5.665895964890084, 55.823380081086093 ], [ -5.665224313850672, 55.824355721239669 ], [ -5.665140824748717, 55.825843182237477 ], [ -5.664237457999945, 55.828789766000057 ], [ -5.663620132999938, 55.842855099000076 ], [ -5.658885134922522, 55.850685669965237 ], [ -5.655313373013428, 55.853292942315534 ], [ -5.653598176933429, 55.859429052548826 ], [ -5.651114895999967, 55.863535814000045 ], [ -5.644416429725495, 55.869089516237423 ], [ -5.626667380295032, 55.882676601244327 ], [ -5.626408601109716, 55.883547244279029 ], [ -5.62629910499993, 55.883635075000029 ], [ -5.62621978069784, 55.884182516301415 ], [ -5.624525057014614, 55.889884286205117 ], [ -5.620647222999935, 55.892978466000045 ], [ -5.620208858999945, 55.897425746000067 ], [ -5.620034780999958, 55.899191657000074 ], [ -5.617926260429367, 55.901386934882886 ], [ -5.607749994077504, 55.911301894827673 ], [ -5.600580516999969, 55.91589151800008 ], [ -5.597475226842196, 55.916944436944775 ], [ -5.585540056627849, 55.920015812279985 ], [ -5.584958743521831, 55.923269564494923 ], [ -5.57800307903429, 55.930387298956482 ], [ -5.573917746406664, 55.932816266757527 ], [ -5.574851912746257, 55.933611888774259 ], [ -5.573167845999933, 55.93533519500005 ], [ -5.578765875639771, 55.93694537973704 ], [ -5.58010375468433, 55.938084840642944 ], [ -5.581029141069108, 55.937596372262 ], [ -5.581428438999978, 55.937711224000054 ], [ -5.596467860999951, 55.930746622000072 ], [ -5.606472978852535, 55.928859486635915 ], [ -5.608131170316938, 55.928714037123314 ], [ -5.608542644973435, 55.928469112410816 ], [ -5.609445868999956, 55.928298749000078 ], [ -5.61400661061659, 55.925216760915738 ], [ -5.632110357007093, 55.914440751239795 ], [ -5.637808972119213, 55.909131965788852 ], [ -5.643376218999947, 55.905369817000064 ], [ -5.652853042936978, 55.902948371028636 ], [ -5.657574653547044, 55.902575254444343 ], [ -5.660187293167999, 55.900243608385459 ], [ -5.676741764526923, 55.888589950621373 ], [ -5.684260233647357, 55.892496443382122 ], [ -5.685796541879427, 55.895585716928728 ], [ -5.68140280269688, 55.902962445860169 ], [ -5.682606143485075, 55.905140620802769 ], [ -5.682443748999958, 55.905597273000069 ], [ -5.684347410847055, 55.908292500115301 ], [ -5.686641799084494, 55.91244558710148 ], [ -5.680095762642387, 55.927327156075137 ], [ -5.67186617858107, 55.936223864539784 ], [ -5.668134827715629, 55.943872761345247 ], [ -5.663584955999966, 55.950143816000036 ], [ -5.653084576500725, 55.957139476635021 ], [ -5.638665080129101, 55.966621756389088 ], [ -5.624745249393527, 55.97876870591125 ], [ -5.620071575658216, 55.98580395811512 ], [ -5.609445868999956, 55.996351079000078 ], [ -5.598102936999965, 56.007231235000063 ], [ -5.589445648697158, 56.010667358433686 ], [ -5.57654952963685, 56.013140320569562 ], [ -5.56922912642267, 56.025971173930486 ], [ -5.582717419263934, 56.019194501643369 ], [ -5.589603659999966, 56.016679977000081 ], [ -5.59203989699995, 56.018883212000048 ], [ -5.57811898643835, 56.030350355076024 ], [ -5.575890421905171, 56.031634330759857 ], [ -5.576404421671615, 56.031762702307631 ], [ -5.57481648199996, 56.033070744000042 ], [ -5.573168855999938, 56.036809849000065 ], [ -5.581158845999937, 56.035487667000041 ], [ -5.587283662999937, 56.036779575000082 ], [ -5.600536075999969, 56.025745265000069 ], [ -5.609445868999956, 56.026704543000051 ], [ -5.623797992999926, 56.023787908000031 ], [ -5.62364140699998, 56.021885804000078 ], [ -5.613995131999957, 56.019350945000042 ], [ -5.61376706599998, 56.016681315000028 ], [ -5.618346457124677, 56.011706202281751 ], [ -5.629903435994379, 56.001976132192908 ], [ -5.635655173745562, 55.992901777446065 ], [ -5.637314347999961, 55.991099228000053 ], [ -5.649631297999974, 55.984868046000031 ], [ -5.653127759999961, 55.98681848800004 ], [ -5.651797633560091, 55.989751290270164 ], [ -5.641486764202455, 56.002332329373473 ], [ -5.651149272720488, 56.001531242972703 ], [ -5.652188554662176, 55.997319102840734 ], [ -5.65281319099995, 55.997157393000066 ], [ -5.656082003836795, 55.991182015033118 ], [ -5.664726257610482, 55.982485056240591 ], [ -5.656676602508679, 55.98079764625227 ], [ -5.652825868999969, 55.979090720000045 ], [ -5.669409949999931, 55.962885 ], [ -5.678453607999927, 55.946599346000028 ], [ -5.690998088999947, 55.935596842000052 ], [ -5.695865295999965, 55.934266863000062 ], [ -5.700109398123614, 55.935479026610324 ], [ -5.700236173317601, 55.935547468455233 ], [ -5.70307698199997, 55.940162905000079 ], [ -5.701362216999939, 55.948379859000056 ], [ -5.69531415299997, 55.954821204000041 ], [ -5.687200935999954, 55.95852377500006 ], [ -5.684466095999937, 55.963017512000079 ], [ -5.689656139999954, 55.963629559000083 ], [ -5.703217803977729, 55.959061751914462 ], [ -5.705586152016367, 55.962282743639967 ], [ -5.706196392999971, 55.964309144000026 ], [ -5.691362874999925, 55.979090720000045 ], [ -5.691093911993604, 55.97934279864041 ], [ -5.686817645917415, 55.982889055985368 ], [ -5.686729024430548, 55.983433676926225 ], [ -5.684775048999938, 55.985264990000076 ], [ -5.683433454999943, 55.992331835000073 ], [ -5.68235222632798, 55.993486275841001 ], [ -5.665541420392227, 56.010475011742628 ], [ -5.658656697999959, 56.01495551000005 ], [ -5.657998862197302, 56.018097402345795 ], [ -5.655335545798437, 56.020788907981853 ], [ -5.657229769682417, 56.021770668343066 ], [ -5.65646026099995, 56.025445922000074 ], [ -5.651151176899809, 56.027247896424619 ], [ -5.635899066788284, 56.029763936956272 ], [ -5.638536413752036, 56.033718039755527 ], [ -5.640050169999938, 56.037716734000071 ], [ -5.634419621752075, 56.047380058185858 ], [ -5.633993029254611, 56.047614813173311 ], [ -5.630601644449939, 56.05384767073366 ], [ -5.614657640337441, 56.060937047107075 ], [ -5.60265522898028, 56.075345685973737 ], [ -5.584056944999929, 56.090800702000081 ], [ -5.581060414999968, 56.091469607000079 ], [ -5.571736311999928, 56.089466550000054 ], [ -5.570827647849239, 56.089347473772236 ], [ -5.565754771065599, 56.08791685148168 ], [ -5.553851572375062, 56.090496796376229 ], [ -5.553802357999928, 56.090492244000075 ], [ -5.552617320423983, 56.089601676504024 ], [ -5.550516605256746, 56.080848575001653 ], [ -5.537741542238052, 56.075793146736316 ], [ -5.537194553829645, 56.076403741995293 ], [ -5.534593553999969, 56.075438485000063 ], [ -5.52873285499993, 56.074885594000079 ], [ -5.528443873999947, 56.074884851000036 ], [ -5.528170375999935, 56.07493474000006 ], [ -5.527939283999956, 56.075030416000061 ], [ -5.527774402999967, 56.075162022000029 ], [ -5.527692718999958, 56.075316002000079 ], [ -5.527702645999966, 56.075476492000064 ], [ -5.527803094999967, 56.075627717000032 ], [ -5.530654798999933, 56.078421218000074 ], [ -5.530347618142045, 56.084046877398329 ], [ -5.530072450283058, 56.084354043304472 ], [ -5.541198139744065, 56.086952227098827 ], [ -5.538840527064858, 56.090077275703933 ], [ -5.529264331183583, 56.097226977742935 ], [ -5.532276304551766, 56.098778244522563 ], [ -5.531644546999928, 56.099615648000054 ], [ -5.53855189099994, 56.103658731000053 ], [ -5.541217301122753, 56.103383156074528 ], [ -5.550238251593782, 56.10802924655269 ], [ -5.56409857715858, 56.109393743095175 ], [ -5.566695746342733, 56.112386627708808 ], [ -5.558977332725386, 56.12643807908799 ], [ -5.556443644999945, 56.13016047800005 ], [ -5.554377852566819, 56.133194297466929 ], [ -5.52311971685356, 56.164117713396926 ], [ -5.519654724999953, 56.167124539000042 ], [ -5.51940278245389, 56.16779484595147 ], [ -5.51771593084527, 56.169463634339365 ], [ -5.515186663810662, 56.17845293809966 ], [ -5.507031334030698, 56.183217618157151 ], [ -5.501707672870509, 56.185778379468672 ], [ -5.504281177159815, 56.186726559933142 ], [ -5.504147266999951, 56.187696846000051 ], [ -5.509396132999939, 56.190043651000053 ], [ -5.513464729247356, 56.190110142668956 ], [ -5.514688253459894, 56.190560937237649 ], [ -5.515347837667711, 56.190140917662092 ], [ -5.515709916999981, 56.190146835000064 ], [ -5.525328644999945, 56.187618354000051 ], [ -5.54416766099996, 56.176125487000036 ], [ -5.544770371460173, 56.175589079938511 ], [ -5.545433640649662, 56.175320625646464 ], [ -5.54603194204241, 56.174466293105368 ], [ -5.552381328999957, 56.168815394000035 ], [ -5.578260257999943, 56.155926209000029 ], [ -5.577662834157416, 56.153973922510509 ], [ -5.581355310271077, 56.146321990658635 ], [ -5.591574366999964, 56.142125322000027 ], [ -5.591726647949984, 56.14141109135543 ], [ -5.591930508685834, 56.141319155754388 ], [ -5.597583901443555, 56.133483078749485 ], [ -5.600294456206708, 56.13251698990873 ], [ -5.611725135020142, 56.131950008021263 ], [ -5.612558828999965, 56.132157315000029 ], [ -5.609445868999956, 56.13684259200005 ], [ -5.608861277957407, 56.137722350129238 ], [ -5.604051652568274, 56.142848136062206 ], [ -5.592056830999979, 56.150959127000078 ], [ -5.593992535999973, 56.152305020000028 ], [ -5.599417378901697, 56.148329745738749 ], [ -5.597761511384249, 56.163861155667803 ], [ -5.595738710241532, 56.166268673096482 ], [ -5.586845596999979, 56.169382597000038 ], [ -5.589084512999932, 56.17326733200008 ], [ -5.587981698776407, 56.175500989562202 ], [ -5.586441039721819, 56.177334666361787 ], [ -5.577841758290219, 56.181675910614956 ], [ -5.577184109211342, 56.182876180002786 ], [ -5.577091515999939, 56.182904692000079 ], [ -5.571736311999928, 56.19015902700005 ], [ -5.571045393999952, 56.19109486900004 ], [ -5.56988350985573, 56.195541212863212 ], [ -5.562878132119806, 56.200295448176519 ], [ -5.562311179290048, 56.201574461063267 ], [ -5.558257074999972, 56.204641561000074 ], [ -5.559359167983495, 56.208234028323076 ], [ -5.559124477340879, 56.208763476877792 ], [ -5.547520296999949, 56.214790667000045 ], [ -5.54464108370394, 56.216285967548764 ], [ -5.543671965888166, 56.216635704374426 ], [ -5.548585057554078, 56.230413556440396 ], [ -5.550179270650647, 56.230588424622198 ], [ -5.555550449999942, 56.232784843000047 ], [ -5.562683643999947, 56.233004399000038 ], [ -5.56526256099994, 56.236486227000057 ], [ -5.564356100266834, 56.236822860309509 ], [ -5.542667031058329, 56.23952055013325 ], [ -5.536818919492947, 56.244137856292994 ], [ -5.531194613709668, 56.245115355454331 ], [ -5.511076926858493, 56.247690677782714 ], [ -5.498682260877274, 56.257221221582199 ], [ -5.498671429375445, 56.257259284960298 ], [ -5.494139622999967, 56.257338274000062 ], [ -5.48849766799998, 56.257436614000028 ], [ -5.494139622999967, 56.261244095000052 ], [ -5.496960576999925, 56.263147678000053 ], [ -5.496972513202319, 56.263229508635185 ], [ -5.495528459870116, 56.268304109447229 ], [ -5.505533217983384, 56.269562959762936 ], [ -5.507423082785012, 56.267602180575224 ], [ -5.508756289999951, 56.267242065000062 ], [ -5.516367334999927, 56.26066299200005 ], [ -5.523685995999926, 56.262118042000054 ], [ -5.524077508337901, 56.262023792592323 ], [ -5.524235368167353, 56.262053608986719 ], [ -5.524559198777157, 56.261907834462249 ], [ -5.539246679999962, 56.258372093000048 ], [ -5.555792130288399, 56.259664566143698 ], [ -5.560395836898124, 56.260185003035531 ], [ -5.560680118706061, 56.260046398831605 ], [ -5.560897193999949, 56.260063356000046 ], [ -5.564068491196426, 56.258394366733441 ], [ -5.582889136280239, 56.249218188531373 ], [ -5.59294849005902, 56.250850554310411 ], [ -5.597608589381072, 56.252139575755542 ], [ -5.593484677281887, 56.266552931685467 ], [ -5.580611944485327, 56.282548427267955 ], [ -5.58163898501005, 56.282933962129427 ], [ -5.583854654999925, 56.28557736700003 ], [ -5.587889362423305, 56.285280255515268 ], [ -5.59016711551338, 56.286135288204726 ], [ -5.590377072855297, 56.286800313964036 ], [ -5.58789777776002, 56.297602057588904 ], [ -5.589047116223555, 56.297757076937245 ], [ -5.587522084999932, 56.306500673000073 ], [ -5.585158599999943, 56.31179213300004 ], [ -5.574889731806366, 56.334773946980377 ], [ -5.56538844122332, 56.339804172724598 ], [ -5.563820188836035, 56.341181705039979 ], [ -5.554208553294394, 56.346719807106403 ], [ -5.549299001173564, 56.34764219723121 ], [ -5.537050703646571, 56.348570277340251 ], [ -5.526311278642254, 56.343750000362377 ], [ -5.512504458513547, 56.343366861291827 ], [ -5.505351640368056, 56.348604997006881 ], [ -5.502073552999946, 56.350110906000054 ], [ -5.498848002248989, 56.351231642470275 ], [ -5.473877906639814, 56.352902174196061 ], [ -5.445712566481575, 56.362090110470263 ], [ -5.446126383589512, 56.362393917135471 ], [ -5.44610244699993, 56.362401701000067 ], [ -5.443146943999977, 56.36590590600008 ], [ -5.445858101999931, 56.367544967000072 ], [ -5.452622914999949, 56.367209673000048 ], [ -5.452663364869501, 56.367193086732691 ], [ -5.452950954222899, 56.367404222427012 ], [ -5.45925583004446, 56.364489879252986 ], [ -5.479176006999978, 56.356321710000032 ], [ -5.494139622999967, 56.356876005000061 ], [ -5.499376892137341, 56.357070006144681 ], [ -5.499698519970366, 56.35711026212897 ], [ -5.499739949176728, 56.357083454657513 ], [ -5.502073552999946, 56.357169897000063 ], [ -5.507273517999977, 56.355592623000064 ], [ -5.511627536999981, 56.351628817000062 ], [ -5.514988414999948, 56.348568864000072 ], [ -5.520685300999958, 56.346447965000038 ], [ -5.526780275999954, 56.352681987000039 ], [ -5.53246222400671, 56.354329472737724 ], [ -5.537371325163456, 56.359233990616779 ], [ -5.537211012108381, 56.361827828398518 ], [ -5.533207456406423, 56.366479797369443 ], [ -5.529922, 56.369565999000031 ], [ -5.531253990276701, 56.370936155225678 ], [ -5.53046559812431, 56.373921709067496 ], [ -5.53031744599997, 56.374020441000027 ], [ -5.524992926999971, 56.377568581000048 ], [ -5.528120902999945, 56.380636029000073 ], [ -5.514503976887194, 56.395061804469783 ], [ -5.51045807264638, 56.397991738269958 ], [ -5.502073552999946, 56.403243549000081 ], [ -5.499424187759149, 56.404902852447925 ], [ -5.495333722809585, 56.406771095871818 ], [ -5.494139622999967, 56.407259279000073 ], [ -5.48440717699998, 56.411237889000063 ], [ -5.477505939999958, 56.411508653000055 ], [ -5.473655, 56.414153999000064 ], [ -5.475556955451754, 56.415803764778097 ], [ -5.475071430202149, 56.416025519362449 ], [ -5.477149303857926, 56.417184975838943 ], [ -5.48450751799993, 56.423567528000035 ], [ -5.484037619723398, 56.430034283098308 ], [ -5.479807257398818, 56.434725761185064 ], [ -5.468857646362892, 56.438009857768691 ], [ -5.463333152619847, 56.446678855413893 ], [ -5.459686818120148, 56.448012164632871 ], [ -5.443444371060536, 56.452466607148381 ], [ -5.441485515145735, 56.451297914080833 ], [ -5.443327163999925, 56.449448625000059 ], [ -5.437957098999959, 56.44797083800006 ], [ -5.436595026146244, 56.448380149406333 ], [ -5.434894800554389, 56.44736576042169 ], [ -5.416396785894577, 56.45387751405022 ], [ -5.410989840999946, 56.450722247000044 ], [ -5.40768677899996, 56.451468078000062 ], [ -5.400948486746985, 56.45298949740863 ], [ -5.397453307823696, 56.452530264759957 ], [ -5.389987398156571, 56.455035500645224 ], [ -5.384559011385559, 56.455030765896367 ], [ -5.375575899707599, 56.453991651393551 ], [ -5.370850534848204, 56.455018809085566 ], [ -5.365662526999927, 56.455014284000072 ], [ -5.350283895999951, 56.459063540000045 ], [ -5.34415577886887, 56.457686630950299 ], [ -5.343891794092024, 56.457570181310388 ], [ -5.33751075999993, 56.45308835700007 ], [ -5.329834285685487, 56.451369097249582 ], [ -5.327719808022437, 56.450436353455018 ], [ -5.320236368500104, 56.455281163817652 ], [ -5.316919307999967, 56.456731169000079 ], [ -5.310872004999965, 56.454408897000064 ], [ -5.29959176899996, 56.455385672000034 ], [ -5.284288794999952, 56.450701418000051 ], [ -5.283806463236286, 56.450786431155926 ], [ -5.282769918696545, 56.450469136441654 ], [ -5.280054056513103, 56.45144780982038 ], [ -5.27031766999994, 56.453163892000077 ], [ -5.267408130878444, 56.456004827051743 ], [ -5.267290502647597, 56.456047214923565 ], [ -5.263615150999954, 56.45355427700008 ], [ -5.259591686328301, 56.450825016776534 ], [ -5.255472959102684, 56.446329614588301 ], [ -5.250046016999931, 56.440047998000068 ], [ -5.24964649591903, 56.439970296791635 ], [ -5.247464776278093, 56.437589049694964 ], [ -5.240965552943995, 56.43828197597017 ], [ -5.237715203999926, 56.437649829000065 ], [ -5.235046769403276, 56.438913017622653 ], [ -5.233309507527395, 56.439098238892768 ], [ -5.218762874506808, 56.443948149587527 ], [ -5.19002795232791, 56.448685527215446 ], [ -5.171839952651283, 56.457083344321006 ], [ -5.159463361264933, 56.469268625265471 ], [ -5.157061671590695, 56.471489607593526 ], [ -5.141874670679158, 56.47524166097395 ], [ -5.142003897659673, 56.475785410539814 ], [ -5.136275995999938, 56.477305401000081 ], [ -5.141698167999948, 56.479662735000034 ], [ -5.142579008999974, 56.482837637000046 ], [ -5.135812423564546, 56.489509370113552 ], [ -5.123949765868701, 56.493053555177482 ], [ -5.116081396477429, 56.504716636797717 ], [ -5.114561798676371, 56.505540309029747 ], [ -5.10919344422166, 56.507647275801219 ], [ -5.107860489436185, 56.509172640121278 ], [ -5.107702478999954, 56.50925828700008 ], [ -5.099456597999961, 56.518493316000047 ], [ -5.099287047279075, 56.518983642646688 ], [ -5.098479747841679, 56.519907474250601 ], [ -5.097053617418569, 56.525442536883716 ], [ -5.095949, 56.528636999000071 ], [ -5.09585491370747, 56.530094916506208 ], [ -5.095762077986452, 56.530455228243547 ], [ -5.094701245757702, 56.531626604232862 ], [ -5.087268352252352, 56.534623861501984 ], [ -5.086159655603504, 56.536066403897628 ], [ -5.084724499999936, 56.537036999000065 ], [ -5.083546568482658, 56.539466332055838 ], [ -5.077203688832201, 56.547719151089581 ], [ -5.076786499999969, 56.547981499000059 ], [ -5.0766392791121, 56.548453513325278 ], [ -5.070724640475748, 56.556149141337428 ], [ -5.066699983999968, 56.557413306000058 ], [ -5.06656148999997, 56.561563761000059 ], [ -5.070611951999979, 56.562631522000061 ], [ -5.077516580999941, 56.560580039000058 ], [ -5.080276774999959, 56.557413306000058 ], [ -5.081450560837207, 56.555619943717545 ], [ -5.081622004651592, 56.555578709090298 ], [ -5.082409527918441, 56.55415479109849 ], [ -5.090262053999936, 56.542157352000061 ], [ -5.097665, 56.535873499000047 ], [ -5.100283923398223, 56.532524686501411 ], [ -5.101322650519535, 56.53167462388484 ], [ -5.103858414664645, 56.527953991139569 ], [ -5.108789027999933, 56.521649225000033 ], [ -5.119123040999966, 56.513569598000061 ], [ -5.134759868999936, 56.504506980000031 ], [ -5.143129657999964, 56.50364017000004 ], [ -5.147337872999969, 56.50320434200006 ], [ -5.154434943524196, 56.500683693099553 ], [ -5.154451250624447, 56.500681519336638 ], [ -5.154453673155123, 56.500677040943081 ], [ -5.155599261999953, 56.500270165000074 ], [ -5.163951126999962, 56.486563636000028 ], [ -5.173464255999932, 56.480877914000075 ], [ -5.173583964875201, 56.480411339917488 ], [ -5.173834919645572, 56.480325103121174 ], [ -5.173964036202713, 56.478929984165426 ], [ -5.175621587999956, 56.472469555000032 ], [ -5.18330554399995, 56.467173495000054 ], [ -5.187048385999958, 56.46041408800005 ], [ -5.227831906999938, 56.448257163000051 ], [ -5.25721759299995, 56.462850067000034 ], [ -5.263615150999954, 56.463263658000074 ], [ -5.27547888099997, 56.46403061500007 ], [ -5.275738851198886, 56.463978798828201 ], [ -5.27609097941496, 56.464040041015267 ], [ -5.277031413971538, 56.463721170626755 ], [ -5.288658341999962, 56.461403740000037 ], [ -5.294359176563034, 56.461915870349372 ], [ -5.298342943471653, 56.462870121059325 ], [ -5.308042211885373, 56.463145075930065 ], [ -5.314031351999972, 56.463683106000076 ], [ -5.330057508999971, 56.466303117000052 ], [ -5.33561842698206, 56.468119056246302 ], [ -5.339494228675392, 56.471150755603048 ], [ -5.344003625506032, 56.470857275212367 ], [ -5.345068955999977, 56.471205163000036 ], [ -5.355224791718616, 56.470126979705533 ], [ -5.362512945715594, 56.469652652348088 ], [ -5.361640976399647, 56.465753109222817 ], [ -5.363071485999967, 56.462604727000041 ], [ -5.368271774999926, 56.459666524000056 ], [ -5.392473284999937, 56.457869370000083 ], [ -5.395714781864488, 56.458130046744103 ], [ -5.401761571182443, 56.46130453613133 ], [ -5.401948490590075, 56.465107315756441 ], [ -5.400222539838012, 56.470785140721944 ], [ -5.402427613852687, 56.474854833170831 ], [ -5.402439880999964, 56.475104402000056 ], [ -5.404287685439796, 56.478287787911604 ], [ -5.410671353499765, 56.490069508401234 ], [ -5.414858883219994, 56.491413803496705 ], [ -5.420742105999977, 56.494153581000035 ], [ -5.424963652999963, 56.499827128000049 ], [ -5.432390037693678, 56.494165959114945 ], [ -5.433751821589055, 56.493950247606051 ], [ -5.436307922688506, 56.491179336479178 ], [ -5.449586856219006, 56.481056741376634 ], [ -5.455360770382924, 56.487434506497436 ], [ -5.466383223769815, 56.484023120932534 ], [ -5.469258218999926, 56.48363630800003 ], [ -5.465861246565564, 56.489081618527415 ], [ -5.461498949188886, 56.493102534432239 ], [ -5.450676094999949, 56.500620449000053 ], [ -5.449208521999935, 56.506607805000044 ], [ -5.437140325999962, 56.518363364000038 ], [ -5.432744899474296, 56.519060722150229 ], [ -5.430543064810422, 56.517682552407734 ], [ -5.41488868201573, 56.524988669676418 ], [ -5.411314184838173, 56.524648888508914 ], [ -5.402615546769823, 56.517449140565361 ], [ -5.387173653041316, 56.510045408868677 ], [ -5.380819862342734, 56.511769650684528 ], [ -5.376040693999926, 56.512233958000081 ], [ -5.366545250999934, 56.515438472000028 ], [ -5.358428975999971, 56.514977959000078 ], [ -5.351426199999935, 56.519002837000073 ], [ -5.345400677876886, 56.519676065441558 ], [ -5.338851451732751, 56.519162058582367 ], [ -5.33605887142349, 56.520719820600178 ], [ -5.334713000999955, 56.520870194000054 ], [ -5.317325709057196, 56.528397170538412 ], [ -5.313207029980049, 56.529379844504263 ], [ -5.308089613136634, 56.535385042314758 ], [ -5.303018544280938, 56.54046355223786 ], [ -5.292461275666994, 56.546572327950798 ], [ -5.273437500040245, 56.543526649735213 ], [ -5.251465916718303, 56.547743559118089 ], [ -5.249885440060666, 56.557764649818807 ], [ -5.288217663614034, 56.547176837840937 ], [ -5.30123764001857, 56.550081023292357 ], [ -5.302655250999976, 56.550498790000063 ], [ -5.319188243999974, 56.548223649000079 ], [ -5.321361440635949, 56.546897040720566 ], [ -5.324579000420215, 56.546282529515224 ], [ -5.329114892392788, 56.54216401604846 ], [ -5.337059481999972, 56.537314313000081 ], [ -5.359169684999927, 56.527213509000035 ], [ -5.366310362999968, 56.526096024000083 ], [ -5.374428565999949, 56.528089156000078 ], [ -5.374858198400195, 56.52797212160332 ], [ -5.388228654928241, 56.533391713856588 ], [ -5.393537937967369, 56.538081429517803 ], [ -5.394695837999961, 56.542215427000031 ], [ -5.398016126541021, 56.542037035375117 ], [ -5.399336934251721, 56.543203711282331 ], [ -5.408305475937832, 56.548584689809942 ], [ -5.408121723999955, 56.549046022000027 ], [ -5.409256083618984, 56.549155038892266 ], [ -5.414005800716259, 56.55200479157304 ], [ -5.412148385037412, 56.553977335679434 ], [ -5.406788110582511, 56.555931567987443 ], [ -5.40308223906347, 56.562438670593743 ], [ -5.395358120071289, 56.566331718063893 ], [ -5.393154824977152, 56.567000728863377 ], [ -5.388895243999968, 56.56739957800005 ], [ -5.382494940999948, 56.565022580000061 ], [ -5.373427600999946, 56.565962027000069 ], [ -5.381325286999925, 56.57153711400008 ], [ -5.381732218829455, 56.572291445246321 ], [ -5.380746841393204, 56.579577207821842 ], [ -5.378660425006473, 56.582271830520561 ], [ -5.378457872999945, 56.582394840000063 ], [ -5.360031389825107, 56.603596174184943 ], [ -5.355857897830412, 56.605894768071472 ], [ -5.325049499999977, 56.620818999000051 ], [ -5.325005891748499, 56.620852286250397 ], [ -5.319208622379676, 56.623159647399973 ], [ -5.317568027564766, 56.626528785871251 ], [ -5.312561955410707, 56.630349078215517 ], [ -5.299272656307835, 56.637416243664745 ], [ -5.296774267717865, 56.643643140518748 ], [ -5.318177866118861, 56.65132391160499 ], [ -5.301796572999933, 56.660480006000057 ], [ -5.294850960442213, 56.662296685991535 ], [ -5.294448733322156, 56.662344574842336 ], [ -5.294141681220351, 56.662482203591317 ], [ -5.285661752999943, 56.664700196000069 ], [ -5.277133189999972, 56.669135347000065 ], [ -5.263764035436252, 56.671308647229566 ], [ -5.263581975301229, 56.671324606706968 ], [ -5.251683938999975, 56.668368256000065 ], [ -5.245888812999965, 56.674087811000049 ], [ -5.223732258657877, 56.685349287891206 ], [ -5.220918169238097, 56.686092314124728 ], [ -5.197389097999974, 56.686091394000073 ], [ -5.181421697037711, 56.687372129814939 ], [ -5.176497127272045, 56.686422553222037 ], [ -5.152333541172666, 56.678881567348633 ], [ -5.146698355344483, 56.676744580598154 ], [ -5.134305357605797, 56.680369257635277 ], [ -5.116699338003855, 56.680045247190492 ], [ -5.115897175147945, 56.680914444048412 ], [ -5.115485263999972, 56.680897334000065 ], [ -5.108648913999957, 56.685045453000043 ], [ -5.103879993324883, 56.691478262462631 ], [ -5.094906718212739, 56.693698642345282 ], [ -5.060740127999964, 56.700409092000029 ], [ -5.050027185999966, 56.704678828000056 ], [ -5.05545412999993, 56.705517088000079 ], [ -5.065710716999945, 56.703006815000037 ], [ -5.095420366897824, 56.699880100233287 ], [ -5.096898555323833, 56.699996709480786 ], [ -5.098851797154841, 56.699316372410685 ], [ -5.110145983999928, 56.695605047000072 ], [ -5.121052194887427, 56.694189658603875 ], [ -5.126313805637267, 56.693990707705041 ], [ -5.13625246478937, 56.690207650749315 ], [ -5.143129657999964, 56.687920207000047 ], [ -5.161113574999945, 56.68657078800004 ], [ -5.168854048999947, 56.691586426000072 ], [ -5.170688415411412, 56.691460508779826 ], [ -5.171428323058308, 56.692040324601464 ], [ -5.181180271013986, 56.690740311721889 ], [ -5.18150692599994, 56.690717889000041 ], [ -5.185507945219598, 56.697397521203449 ], [ -5.185590267476528, 56.699475527174002 ], [ -5.191610978710048, 56.699965891477071 ], [ -5.196051978999947, 56.700910024000052 ], [ -5.208374659999947, 56.702143398000032 ], [ -5.21502940735024, 56.701873234479187 ], [ -5.219355345172801, 56.702225565857191 ], [ -5.229683681439925, 56.701372516459841 ], [ -5.236070474625135, 56.702401515077234 ], [ -5.244236121103587, 56.705321439247747 ], [ -5.242094238554754, 56.709051757407117 ], [ -5.238585829971726, 56.71115171937646 ], [ -5.239609196873425, 56.71337972399693 ], [ -5.239493617999926, 56.713581017000081 ], [ -5.240081035149429, 56.717082078822216 ], [ -5.229659662473254, 56.728904732703242 ], [ -5.226266843517744, 56.730753535955657 ], [ -5.209484100410634, 56.739404559073193 ], [ -5.208160887480704, 56.740619771333435 ], [ -5.207591154999932, 56.740930228000082 ], [ -5.197389097999974, 56.749311033000026 ], [ -5.172796528411554, 56.769505025887277 ], [ -5.172178030291661, 56.769949674437896 ], [ -5.172078742775267, 56.770094429852634 ], [ -5.169752764999942, 56.772004388000028 ], [ -5.163391484999977, 56.781360765000045 ], [ -5.143129657999964, 56.79443531000004 ], [ -5.113675014803119, 56.818343385021798 ], [ -5.106636127078919, 56.823356409103546 ], [ -5.092236, 56.830024499000046 ], [ -5.09722166499995, 56.833318743000063 ], [ -5.100152987999934, 56.828292298000065 ], [ -5.102596766999966, 56.827909249000072 ], [ -5.102833803370245, 56.829358699217927 ], [ -5.102017164560209, 56.834704876328999 ], [ -5.103801269840268, 56.835274645720538 ], [ -5.103876921999927, 56.835737250000079 ], [ -5.125516618999939, 56.842831630000035 ], [ -5.133495320999941, 56.842824517000054 ], [ -5.143129657999964, 56.839687430000026 ], [ -5.150976381999953, 56.839899571000046 ], [ -5.15892735999995, 56.842736949000027 ], [ -5.171634401999938, 56.851217573000042 ], [ -5.173437533048712, 56.851556873113978 ], [ -5.173747658427487, 56.851811647189891 ], [ -5.176492575680268, 56.852131748863407 ], [ -5.191950691999978, 56.855040545000065 ], [ -5.239202314999943, 56.85512895100004 ], [ -5.25870120999997, 56.853656605000026 ], [ -5.334743499999945, 56.859508499000071 ], [ -5.334723633999943, 56.855381696000052 ], [ -5.322963767999966, 56.850392614000043 ], [ -5.322813023994228, 56.850349191794564 ], [ -5.319455147236908, 56.848858832968801 ], [ -5.317128388572606, 56.848711717679734 ], [ -5.311119122999969, 56.846980733000066 ], [ -5.300108001506155, 56.847635560018112 ], [ -5.299717513303621, 56.847610870399173 ], [ -5.275488888776982, 56.845300309219745 ], [ -5.254946351492606, 56.842401742946151 ], [ -5.233009815650121, 56.842470050052782 ], [ -5.205127291597134, 56.844652697709407 ], [ -5.197389097999974, 56.845073883000055 ], [ -5.182584451697403, 56.845879651978684 ], [ -5.173678055443495, 56.844548483611909 ], [ -5.165043590999971, 56.842507385000033 ], [ -5.151641871999971, 56.836962256000049 ], [ -5.150037192785196, 56.836783940693856 ], [ -5.149373650473308, 56.83652496295673 ], [ -5.143097350007804, 56.836012770726207 ], [ -5.124807391060668, 56.833980271728741 ], [ -5.124680979917593, 56.83349979813319 ], [ -5.12352111499996, 56.827131251000083 ], [ -5.126825803429244, 56.823202458021733 ], [ -5.129808351672025, 56.821097164141626 ], [ -5.136454924999953, 56.81799305100003 ], [ -5.143129657999964, 56.812852492000047 ], [ -5.15094195699993, 56.806834939000055 ], [ -5.1518247177786, 56.805556452960019 ], [ -5.160064457375853, 56.799740260920295 ], [ -5.164347687999964, 56.798498847000076 ], [ -5.197389097999974, 56.778599285000041 ], [ -5.218335022999952, 56.765978897000082 ], [ -5.225458190999973, 56.769397130000073 ], [ -5.236164518999942, 56.765929002000064 ], [ -5.238648507999926, 56.762203974000045 ], [ -5.232210763999944, 56.75853690100007 ], [ -5.230805123999971, 56.751693172000046 ], [ -5.252626690999932, 56.738001674000031 ], [ -5.256212665999954, 56.73169342500006 ], [ -5.25532006704112, 56.730921300555195 ], [ -5.255758643446484, 56.730031251840785 ], [ -5.244402858207363, 56.720364329927719 ], [ -5.263615150999954, 56.71638219600004 ], [ -5.269920213999967, 56.713581017000081 ], [ -5.272802749385465, 56.712300307503611 ], [ -5.273437500040245, 56.712053537041299 ], [ -5.274282244953133, 56.711150193221968 ], [ -5.282641732115058, 56.703134776680173 ], [ -5.289539336970563, 56.710358858174857 ], [ -5.29043567345299, 56.710437303595825 ], [ -5.296731997999927, 56.712381869000069 ], [ -5.30149820695117, 56.711405472485794 ], [ -5.303804755584679, 56.711607336609461 ], [ -5.307322783747821, 56.708665133367695 ], [ -5.312387903999934, 56.70603145900003 ], [ -5.32182546599995, 56.697709919000033 ], [ -5.350253792999979, 56.685277685000074 ], [ -5.353277933999948, 56.683954931000073 ], [ -5.358917990999942, 56.673050662000037 ], [ -5.389939801999958, 56.654884849000041 ], [ -5.402398533999929, 56.645250790000034 ], [ -5.409137250985511, 56.643340338704448 ], [ -5.410523642252539, 56.643867689096503 ], [ -5.413680611999951, 56.646514431000071 ], [ -5.417783982999936, 56.64718683500007 ], [ -5.432973526999945, 56.642808476000027 ], [ -5.461250756999959, 56.622552774000042 ], [ -5.469976883999948, 56.61629983000006 ], [ -5.484265707999953, 56.615802396000049 ], [ -5.485436353269193, 56.614856301951434 ], [ -5.502676567814329, 56.615738307555269 ], [ -5.506028096999955, 56.61685415200003 ], [ -5.519281326308239, 56.616587803366571 ], [ -5.522503018499094, 56.616752624434127 ], [ -5.522327570394249, 56.616526583347614 ], [ -5.525497033999955, 56.616462887000068 ], [ -5.524094342999945, 56.613988996000046 ], [ -5.519391991585749, 56.612744488214744 ], [ -5.518531918113297, 56.611636400199984 ], [ -5.494830870609547, 56.606150774861057 ], [ -5.500457716999961, 56.598277329000041 ], [ -5.516068015999963, 56.585419740000077 ], [ -5.524484919999963, 56.574178269000072 ], [ -5.540302445999941, 56.563862871000026 ], [ -5.54920483899997, 56.55381561400003 ], [ -5.558434365999972, 56.549269153000068 ], [ -5.564516340999944, 56.542915268000058 ], [ -5.575785835999966, 56.537036728000032 ], [ -5.583446739503723, 56.534721235563254 ], [ -5.587060213058066, 56.534140348198662 ], [ -5.588908642546169, 56.532516041223936 ], [ -5.599787736999929, 56.525669900000082 ], [ -5.609445868999956, 56.522867990000066 ], [ -5.623320345999957, 56.51899144500004 ], [ -5.649150073999976, 56.508280950000028 ], [ -5.676212201264788, 56.501020282208863 ], [ -5.687294878453287, 56.499760089848017 ], [ -5.690209465999942, 56.500864534000073 ], [ -5.692395902971802, 56.50402008260577 ], [ -5.694445610076627, 56.511031866227825 ], [ -5.697864791260064, 56.511912989208994 ], [ -5.698060613999928, 56.51219560800007 ], [ -5.700266326263592, 56.512531864772527 ], [ -5.709985375224676, 56.515036463661943 ], [ -5.723712724011693, 56.51610622492926 ], [ -5.730168728999956, 56.517090431000042 ], [ -5.735821676280615, 56.519517629592819 ], [ -5.744394063534799, 56.524423003518962 ], [ -5.749477669075431, 56.521992427730126 ], [ -5.755509690999929, 56.520124840000051 ], [ -5.767586085072239, 56.530067785761389 ], [ -5.768556168338858, 56.531044561340927 ], [ -5.770339414999967, 56.535499910000055 ], [ -5.764353755939587, 56.539287933248652 ], [ -5.758713245419642, 56.54140984978477 ], [ -5.756534798340658, 56.54733139216637 ], [ -5.755509690999929, 56.549235101000079 ], [ -5.746505420999938, 56.557900439000036 ], [ -5.74584849699994, 56.561811585000044 ], [ -5.750477348999937, 56.56166702400003 ], [ -5.755509690999929, 56.559256100000027 ], [ -5.759813791999932, 56.556899955000063 ], [ -5.761975555431023, 56.55445044087633 ], [ -5.762532353185236, 56.554766177916974 ], [ -5.764463817107648, 56.551630968572951 ], [ -5.779825016999951, 56.534225051000078 ], [ -5.804984401999945, 56.534356502000037 ], [ -5.811123349123812, 56.535496634765316 ], [ -5.819180369178468, 56.537984013751384 ], [ -5.824636839348747, 56.538006376691392 ], [ -5.83106653699997, 56.539200508000079 ], [ -5.843396308999957, 56.543113855000058 ], [ -5.858607480999979, 56.54427184900004 ], [ -5.862263105999943, 56.54455013900008 ], [ -5.881111106548629, 56.549259921150039 ], [ -5.883862734077695, 56.550982117630667 ], [ -5.89257051461393, 56.550857506581089 ], [ -5.903485820999947, 56.551476035000064 ], [ -5.905265563545482, 56.552415049640501 ], [ -5.906433820763823, 56.554242372287661 ], [ -5.914636945087463, 56.55735950887766 ], [ -5.936317502999941, 56.568798445000027 ], [ -5.946026350999944, 56.578174536000063 ], [ -5.959023891999948, 56.583309333000045 ], [ -5.962762580999936, 56.589898021000067 ], [ -5.96392111702326, 56.59071771971437 ], [ -5.963939905102279, 56.590756058745171 ], [ -5.964147815376347, 56.590878115545671 ], [ -5.97403726999994, 56.597875199000043 ], [ -5.975766969813204, 56.601498203714293 ], [ -5.978201031252183, 56.608001351281416 ], [ -5.979073973168441, 56.608425006072814 ], [ -5.980527882999979, 56.611470345000043 ], [ -6.000887715999966, 56.621328891000076 ], [ -6.001204238999946, 56.622552774000042 ], [ -6.00633709799996, 56.642394204000027 ], [ -6.001139272999978, 56.649163176000059 ], [ -5.996513809217388, 56.649407632704438 ], [ -5.972804427182211, 56.649284362883179 ], [ -5.967859080998207, 56.65092204093559 ], [ -5.962762580999936, 56.651191392000044 ], [ -5.955362742999966, 56.652806701000031 ], [ -5.949409875999947, 56.655872127000066 ], [ -5.944446851999942, 56.65548463600004 ], [ -5.938033360999952, 56.652226687000052 ], [ -5.923546895999948, 56.652248533000034 ], [ -5.918294146999926, 56.652738653000029 ], [ -5.914570915999946, 56.656872766000049 ], [ -5.921254404999956, 56.658136162000062 ], [ -5.923546895999948, 56.657650380000064 ], [ -5.94372789099998, 56.657109954000077 ], [ -5.948025222892833, 56.658880971715888 ], [ -5.943990368847732, 56.665794784875835 ], [ -5.941469853319665, 56.668261115796696 ], [ -5.940330834543443, 56.668316696402087 ], [ -5.93820070299995, 56.667324891000078 ], [ -5.938196182999945, 56.664968356000031 ], [ -5.938153627999952, 56.664819539000064 ], [ -5.938032733999933, 56.664685137000049 ], [ -5.937843874999942, 56.664576941000064 ], [ -5.937604542999964, 56.664504971000042 ], [ -5.93733690199997, 56.664475893000031 ], [ -5.937065738999934, 56.664492400000029 ], [ -5.936816166999961, 56.664552963000062 ], [ -5.936611299999981, 56.664651973000048 ], [ -5.936468896999941, 56.664780696000037 ], [ -5.934777729999951, 56.667032455000083 ], [ -5.927840960999958, 56.668804783000041 ], [ -5.923546895999948, 56.66457964500006 ], [ -5.921492588999968, 56.663278171000059 ], [ -5.918359076999934, 56.663518318000058 ], [ -5.915961373737195, 56.66333981243163 ], [ -5.904491669637092, 56.657609059608923 ], [ -5.903579932999946, 56.656869293000057 ], [ -5.901633893999929, 56.654189237000082 ], [ -5.899187875999928, 56.652665609000053 ], [ -5.896720773999959, 56.652105560000052 ], [ -5.893415154999957, 56.649746410000034 ], [ -5.892337922617807, 56.645515432952784 ], [ -5.892294438875301, 56.64434639975056 ], [ -5.893179670999928, 56.641464813000027 ], [ -5.892186629999969, 56.640370105000045 ], [ -5.887862659999939, 56.639673416000051 ], [ -5.882903701344177, 56.641392437628753 ], [ -5.879550853589258, 56.641416248135997 ], [ -5.877723557999957, 56.641284923000057 ], [ -5.874753519999956, 56.638471203000051 ], [ -5.870351100999926, 56.639005664000081 ], [ -5.866069898999967, 56.637552042000038 ], [ -5.86376586199998, 56.63584467000004 ], [ -5.858607480999979, 56.634751124000047 ], [ -5.834061069999962, 56.623218061000046 ], [ -5.828798824999978, 56.623112075000051 ], [ -5.830730119999942, 56.629132393000077 ], [ -5.846512895999979, 56.636660160000076 ], [ -5.858607480999979, 56.638292041000057 ], [ -5.864444049999975, 56.638941377000037 ], [ -5.876068285999963, 56.644992905000038 ], [ -5.879151724999929, 56.651836972000069 ], [ -5.873020445999941, 56.65667876200007 ], [ -5.869039155899606, 56.658029470776725 ], [ -5.857209081613749, 56.661054892404934 ], [ -5.855285327082596, 56.661358354917198 ], [ -5.842488646333663, 56.659786939815547 ], [ -5.84044629648709, 56.660672448632084 ], [ -5.839566141999967, 56.660717065000028 ], [ -5.830640177511221, 56.664924122175549 ], [ -5.827440080244912, 56.66631159961868 ], [ -5.820306112999958, 56.667981292000036 ], [ -5.806163015989066, 56.675386053352476 ], [ -5.801984271010931, 56.676643493664628 ], [ -5.791459169999939, 56.679554941000049 ], [ -5.790894543143669, 56.679980541257635 ], [ -5.788623452010313, 56.680663942986769 ], [ -5.784576963112264, 56.684742560029591 ], [ -5.778403648493105, 56.689395835485612 ], [ -5.772951124534463, 56.691388925167232 ], [ -5.76547396899997, 56.693578099000035 ], [ -5.757693651999944, 56.695855857000026 ], [ -5.748554293261294, 56.700306826866253 ], [ -5.747344851583421, 56.700748920426406 ], [ -5.73371067842526, 56.698820589693362 ], [ -5.72238122899995, 56.69660749500008 ], [ -5.712704800866194, 56.689043274740463 ], [ -5.706068515649065, 56.682652473532869 ], [ -5.70462472173948, 56.682726946299354 ], [ -5.704577789999973, 56.682690259000083 ], [ -5.7040645079175, 56.682755842856452 ], [ -5.692536823588257, 56.683350455797701 ], [ -5.686905550623707, 56.682956946341484 ], [ -5.679868396739123, 56.680377165873345 ], [ -5.675578447999953, 56.677886688000058 ], [ -5.672988849832465, 56.677855163224187 ], [ -5.671299457303746, 56.677235841560901 ], [ -5.65687155727619, 56.676030159164668 ], [ -5.637922335267045, 56.677428276911819 ], [ -5.614161413680387, 56.677139020556567 ], [ -5.608911753074665, 56.676985144748812 ], [ -5.606293242618751, 56.679089656552378 ], [ -5.60024883275563, 56.68130412173403 ], [ -5.545546055006241, 56.683375120165863 ], [ -5.548459391549412, 56.684303136672646 ], [ -5.540854604999936, 56.68496175100006 ], [ -5.537142536999966, 56.686534763000054 ], [ -5.540360025999973, 56.688092116000064 ], [ -5.559941155999979, 56.688492015000065 ], [ -5.57249663999994, 56.692470308000054 ], [ -5.589136995999979, 56.689291178000076 ], [ -5.596983072999933, 56.690687946000082 ], [ -5.609445868999956, 56.689204973000074 ], [ -5.616010941999946, 56.689441397000053 ], [ -5.632292930999938, 56.684755255000027 ], [ -5.648693682999976, 56.683840618000033 ], [ -5.661713832999965, 56.680785657000058 ], [ -5.664181066478126, 56.6818963281262 ], [ -5.663909573430848, 56.682371973747301 ], [ -5.661089124999933, 56.685103284000036 ], [ -5.671594508999931, 56.68959251800004 ], [ -5.674845329790417, 56.689784862524043 ], [ -5.687059095653836, 56.694416709414703 ], [ -5.690768464999962, 56.697872013000051 ], [ -5.702575735999972, 56.700965834000044 ], [ -5.719485166999959, 56.710585147000074 ], [ -5.733617381999977, 56.711733091000042 ], [ -5.756045577999942, 56.708103708000067 ], [ -5.762938111999972, 56.709757517000071 ], [ -5.76547396899997, 56.709493216000055 ], [ -5.770428655999979, 56.709430806000057 ], [ -5.777066507999962, 56.712637527000027 ], [ -5.780581807999965, 56.706462845000033 ], [ -5.810027025999943, 56.686925261000056 ], [ -5.821942043999968, 56.683405282000081 ], [ -5.835675963999961, 56.676153333000059 ], [ -5.842517542999929, 56.67514453900003 ], [ -5.845325838999941, 56.674730447000059 ], [ -5.85628606056199, 56.67825619246937 ], [ -5.86132705190164, 56.680333853125035 ], [ -5.862102184466235, 56.680127074756292 ], [ -5.862120514999958, 56.680132971000035 ], [ -5.892289478286025, 56.674442662781694 ], [ -5.900984436237046, 56.674736673032214 ], [ -5.923639308999952, 56.67670886500008 ], [ -5.934677910999937, 56.684851386000048 ], [ -5.935299755231016, 56.684680576094017 ], [ -5.937217950747538, 56.686819672889669 ], [ -5.943722962944037, 56.681855320766488 ], [ -5.945194772465043, 56.682125121602105 ], [ -5.947709205999956, 56.685691649000034 ], [ -5.953172457999926, 56.683985405000044 ], [ -5.956463375285384, 56.684190795463934 ], [ -5.960165977477516, 56.68486952810639 ], [ -5.970798373345872, 56.680478214997663 ], [ -5.970689585199065, 56.678181861937162 ], [ -5.97222809799996, 56.675089851000052 ], [ -5.975991509999972, 56.673709228000064 ], [ -5.983502887999975, 56.676957698000081 ], [ -5.988753257999974, 56.683421878000047 ], [ -6.028751577999969, 56.681496432000074 ], [ -6.04474801403488, 56.688726214877626 ], [ -6.051741242563992, 56.692649006446686 ], [ -6.062382459882315, 56.693289875927178 ], [ -6.066518535428325, 56.692836699071648 ], [ -6.074134054999945, 56.69296939600008 ], [ -6.081944946999954, 56.693105497000033 ], [ -6.09419119111806, 56.69009779072374 ], [ -6.106901433074849, 56.692986066733596 ], [ -6.113846346999935, 56.69609769300007 ], [ -6.120682343999931, 56.694484164000073 ], [ -6.123006857207081, 56.693186856889966 ], [ -6.124171376607421, 56.693025708170012 ], [ -6.125593264200363, 56.691743387275906 ], [ -6.136589441999945, 56.685606438000036 ], [ -6.143645249999963, 56.68398792000005 ], [ -6.186590456999966, 56.688451754000027 ], [ -6.19305716599996, 56.691378809000071 ], [ -6.214637034999953, 56.701144954000029 ], [ -6.22150395999995, 56.709436839000034 ], [ -6.224936528999933, 56.713581017000081 ], [ -6.2264083584221, 56.71535782684515 ], [ -6.222689032872211, 56.721927404226506 ], [ -6.212813973185973, 56.727665662540346 ], [ -6.211906313731581, 56.729330736351052 ], [ -6.211558080999964, 56.729396929000075 ], [ -6.206699477999962, 56.736551865000081 ], [ -6.200359614999968, 56.737756941000043 ], [ -6.19305716599996, 56.73648071000008 ], [ -6.190045835999967, 56.735954415000037 ], [ -6.189362680074119, 56.73620600923109 ], [ -6.187409758553258, 56.735731958962958 ], [ -6.186156897000513, 56.737386642373245 ], [ -6.184533072999955, 56.737984668000081 ], [ -6.184463324550665, 56.739623382921906 ], [ -6.181778669749463, 56.743169068997247 ], [ -6.184202481127957, 56.745751806039692 ], [ -6.184150669999951, 56.74696909000005 ], [ -6.188749580999968, 56.752456609000035 ], [ -6.187765399419012, 56.753890331024479 ], [ -6.175957909178437, 56.754761417667979 ], [ -6.163618284999927, 56.753183874000058 ], [ -6.155184051600695, 56.758251811313812 ], [ -6.117184758569351, 56.765241146162168 ], [ -6.111048089810199, 56.765087698664431 ], [ -6.100608297999941, 56.764666395000063 ], [ -6.094171598999935, 56.761231037000073 ], [ -6.083711765571843, 56.762963662918345 ], [ -6.076994284625104, 56.7621542326509 ], [ -6.074134054999945, 56.761444262000055 ], [ -6.063971260999949, 56.759482566000031 ], [ -6.056436044999941, 56.762221185000044 ], [ -6.051967458999968, 56.761891050000031 ], [ -6.048564771999963, 56.765049606000048 ], [ -6.035484232999977, 56.763651684000081 ], [ -6.035252168302234, 56.763713689123279 ], [ -6.034211516048288, 56.763502120826331 ], [ -6.022893548098409, 56.764351844362352 ], [ -6.021534612907034, 56.765550876352656 ], [ -6.01847791299997, 56.76532381800007 ], [ -6.014015078848028, 56.769662154226062 ], [ -6.004752992683744, 56.769710168764931 ], [ -6.001903334999952, 56.769110979000061 ], [ -5.982350187999941, 56.769461659000058 ], [ -5.981812767945555, 56.769829090603139 ], [ -5.980972766979278, 56.769833445157644 ], [ -5.970626770012369, 56.774826900587783 ], [ -5.970021835999944, 56.77495908800006 ], [ -5.969955893019261, 56.775150696774361 ], [ -5.969095706701069, 56.775565862374663 ], [ -5.966716970727352, 56.783180616634965 ], [ -5.963883198848762, 56.78378549200167 ], [ -5.961931671229653, 56.783413563894605 ], [ -5.948254822550323, 56.77864741383442 ], [ -5.932991504953577, 56.766651511558223 ], [ -5.925135631603252, 56.763605040742505 ], [ -5.915955120133788, 56.757312897888539 ], [ -5.914382219663366, 56.753244042578729 ], [ -5.91041957016035, 56.753518940294349 ], [ -5.909737886999949, 56.753051728000059 ], [ -5.907280107399816, 56.753736731734264 ], [ -5.901757121293826, 56.754119873433467 ], [ -5.897483683586655, 56.756467076999357 ], [ -5.882876177999947, 56.760538311000062 ], [ -5.872949774999938, 56.754802321000057 ], [ -5.871352601999945, 56.745037192000041 ], [ -5.868261780596653, 56.744697590741268 ], [ -5.867886901159238, 56.742260217734895 ], [ -5.861597650417034, 56.743965375351792 ], [ -5.850094245999969, 56.742701449000037 ], [ -5.848623893248429, 56.747482853309442 ], [ -5.848180532005699, 56.747603058534366 ], [ -5.84839990780745, 56.748211226110875 ], [ -5.847470621999946, 56.75123314800004 ], [ -5.851324057427095, 56.756317740016883 ], [ -5.851608634330773, 56.757106662242848 ], [ -5.85198877681664, 56.757194834486327 ], [ -5.852628034999952, 56.758038333000059 ], [ -5.884525234999956, 56.766478526000071 ], [ -5.891501207999966, 56.776217176000046 ], [ -5.886069900999928, 56.783200771000054 ], [ -5.873116359999926, 56.78278289800005 ], [ -5.858650596999951, 56.776751422000075 ], [ -5.851771561636552, 56.777598770381694 ], [ -5.844287902602125, 56.777679246392935 ], [ -5.832209768999974, 56.775297586000079 ], [ -5.820579545999976, 56.783769472000074 ], [ -5.815402944990578, 56.78489615822258 ], [ -5.80502974992271, 56.784073352703047 ], [ -5.801381474148361, 56.787947928677468 ], [ -5.796688488999962, 56.788969356000052 ], [ -5.777775970999926, 56.784200130000045 ], [ -5.7762273640832, 56.784270140437478 ], [ -5.773897647957824, 56.783537030309787 ], [ -5.77223998169646, 56.784450404636281 ], [ -5.759047300999953, 56.785046828000077 ], [ -5.765047306999975, 56.788377504000039 ], [ -5.777725863233798, 56.790763597711297 ], [ -5.794917226048881, 56.794503927214521 ], [ -5.802672015449671, 56.795458442757116 ], [ -5.809058840999967, 56.79666043800006 ], [ -5.809832744154265, 56.796339837014465 ], [ -5.81142520940557, 56.796535849150303 ], [ -5.834546327750502, 56.804052114813487 ], [ -5.85354936141357, 56.807363867348613 ], [ -5.862694958926538, 56.810642864778089 ], [ -5.864430037999966, 56.814596208000069 ], [ -5.862838953412957, 56.821614618325924 ], [ -5.862219627716165, 56.823121381309861 ], [ -5.85456094999995, 56.831750485000043 ], [ -5.847048285172011, 56.833223436480985 ], [ -5.834607590190549, 56.832974211978566 ], [ -5.817069379999964, 56.831352583000069 ], [ -5.80773802799996, 56.836463452000032 ], [ -5.799831153602176, 56.837060773751574 ], [ -5.794891357050346, 56.836277366107595 ], [ -5.784872531424458, 56.838190817046858 ], [ -5.783116284999949, 56.838323492000029 ], [ -5.7819374074274, 56.838751383322666 ], [ -5.774631738463711, 56.840146660540029 ], [ -5.770064259503088, 56.843060920705931 ], [ -5.760841603044956, 56.846408422399051 ], [ -5.728421449290124, 56.842978953915633 ], [ -5.721611016327901, 56.844840323422702 ], [ -5.718778051999948, 56.844929065000031 ], [ -5.716073470433575, 56.846353798282358 ], [ -5.70981371443105, 56.848064661454998 ], [ -5.709061389404127, 56.851200240301587 ], [ -5.699917589999927, 56.864207899000064 ], [ -5.692907785999978, 56.86770157400008 ], [ -5.681583552999939, 56.869510428000069 ], [ -5.680109573875285, 56.870103674935763 ], [ -5.673189163149061, 56.871021508735794 ], [ -5.674133096444839, 56.872509086832409 ], [ -5.674092775999952, 56.872525315000075 ], [ -5.673972480999964, 56.876348386000075 ], [ -5.677179488809665, 56.877310005049694 ], [ -5.678324222784283, 56.879114032087102 ], [ -5.682261014469554, 56.878833696966161 ], [ -5.682550499999934, 56.87892049900006 ], [ -5.686922670525192, 56.878501744955848 ], [ -5.69038426901858, 56.878255247881611 ], [ -5.690534968415299, 56.878155769349071 ], [ -5.691412174999925, 56.878071753000029 ], [ -5.710681044999944, 56.866462019000039 ], [ -5.71609254599997, 56.861413181000046 ], [ -5.71986781499993, 56.853109550000056 ], [ -5.733290440999951, 56.853502436000042 ], [ -5.740423100999976, 56.852026902000034 ], [ -5.746636198560776, 56.853489729262137 ], [ -5.756426215497129, 56.857365966266173 ], [ -5.758172837910298, 56.857479289729689 ], [ -5.76021597099998, 56.858510968000076 ], [ -5.767113370999937, 56.858650658000045 ], [ -5.771747404999928, 56.858744509000076 ], [ -5.786889214999974, 56.862217021000049 ], [ -5.783606256974651, 56.866691798983929 ], [ -5.756355758497794, 56.879795679363802 ], [ -5.746728491999932, 56.883397513000034 ], [ -5.745947483365857, 56.883529609936183 ], [ -5.726749539459377, 56.884750843277004 ], [ -5.73354376415229, 56.891282453696284 ], [ -5.733157677999941, 56.892555779000077 ], [ -5.737000535501776, 56.894605611934921 ], [ -5.738342762008585, 56.895895957932169 ], [ -5.74381254642313, 56.894901901999546 ], [ -5.767113370999937, 56.894118813000034 ], [ -5.779899753773827, 56.892776685039188 ], [ -5.793762564890244, 56.891399741604744 ], [ -5.794255688444401, 56.891269808413789 ], [ -5.798555965999981, 56.890818428000046 ], [ -5.817149145332386, 56.886266573965059 ], [ -5.827668428754691, 56.888341069085243 ], [ -5.830803030201548, 56.88720214372691 ], [ -5.842517542999929, 56.884195286000079 ], [ -5.847497880999981, 56.882916867000063 ], [ -5.858607480999979, 56.882932750000066 ], [ -5.864190550911504, 56.882940731587013 ], [ -5.865417242311651, 56.88317847220884 ], [ -5.866676092252986, 56.882534435488814 ], [ -5.889161873999967, 56.875949104000028 ], [ -5.900564344999964, 56.877405347000035 ], [ -5.908246013999928, 56.882486798000059 ], [ -5.916100700999948, 56.882406609000043 ], [ -5.922762243999955, 56.890366721000078 ], [ -5.901742053771844, 56.895593157638999 ], [ -5.898214221408978, 56.896216273062521 ], [ -5.892686000587521, 56.902712469594249 ], [ -5.888661165431321, 56.903781701867594 ], [ -5.878981232897218, 56.898717045755063 ], [ -5.867420706011598, 56.898591386258218 ], [ -5.861696523999967, 56.895616003000043 ], [ -5.858607480999979, 56.89682872000003 ], [ -5.85297178899998, 56.899041117000081 ], [ -5.85190150699998, 56.902919472000065 ], [ -5.846972155562149, 56.906052076629933 ], [ -5.844200014818625, 56.907364368071228 ], [ -5.84693634825309, 56.909097876958675 ], [ -5.847111580999979, 56.909563141000035 ], [ -5.848604839713138, 56.91015489169898 ], [ -5.850667834652654, 56.911461830399276 ], [ -5.865170000477416, 56.91016521974543 ], [ -5.871622387999935, 56.910853748000079 ], [ -5.880644331999974, 56.916385941000044 ], [ -5.882028786999967, 56.919726252000032 ], [ -5.878623674999972, 56.923029619000033 ], [ -5.877549791999968, 56.924071354000034 ], [ -5.865274529999965, 56.928221258000065 ], [ -5.865364588835527, 56.93047739488614 ], [ -5.863684950065577, 56.937106428495944 ], [ -5.86158745299997, 56.939381694000076 ], [ -5.858607480999979, 56.940604411000038 ], [ -5.854577757999948, 56.942257789000053 ], [ -5.853047219999951, 56.954529611000055 ], [ -5.851954691567428, 56.955921635836191 ], [ -5.846384644335558, 56.958194732700974 ], [ -5.846641828867111, 56.962690921293344 ], [ -5.843925347999971, 56.966152075000082 ], [ -5.838486802999967, 56.967208680000056 ], [ -5.824567683999931, 56.962374606000083 ], [ -5.820183288999942, 56.962860271000068 ], [ -5.827249988999938, 56.97301101000005 ], [ -5.839266234999968, 56.972207664000052 ], [ -5.845825848999937, 56.973567181000078 ], [ -5.842966128999933, 56.988539199000058 ], [ -5.837686032355114, 56.991832859659439 ], [ -5.8324300053402, 56.993452429586057 ], [ -5.833075653276722, 56.994708758571299 ], [ -5.832985108999935, 56.99476523900006 ], [ -5.831060233999949, 57.004585349000081 ], [ -5.823867492999966, 57.00648852900008 ], [ -5.81855839359585, 57.011465140940537 ], [ -5.815011654648475, 57.012408766311246 ], [ -5.784131029562184, 57.014823250108222 ], [ -5.7593095301105, 57.015651345333481 ], [ -5.733520824228678, 57.017672368801527 ], [ -5.726803908999955, 57.017050896000057 ], [ -5.714407084627415, 57.001071294429231 ], [ -5.709574580202457, 56.991352915504706 ], [ -5.672319412610534, 56.97742700535224 ], [ -5.647623056087003, 56.975059114983026 ], [ -5.635567743999957, 56.971194655000033 ], [ -5.632925172043387, 56.974612978173404 ], [ -5.625000000349303, 56.974609255812595 ], [ -5.620888131288789, 56.976688790967671 ], [ -5.618304580999961, 56.977102301000059 ], [ -5.608002807306406, 56.98253248607962 ], [ -5.592096805922438, 56.980139732063037 ], [ -5.585728568080986, 56.981470200780151 ], [ -5.584145656999965, 56.981371514000045 ], [ -5.571736311999928, 56.984359771000072 ], [ -5.513294927999937, 56.995865412000057 ], [ -5.514431149976494, 56.996365841734644 ], [ -5.512252330880074, 56.996821046254354 ], [ -5.518343618137239, 56.998089022102249 ], [ -5.521334346999936, 56.999406238000063 ], [ -5.520888593999928, 57.002657992000081 ], [ -5.523660226999937, 57.00382447800007 ], [ -5.53457277398385, 57.0014673191315 ], [ -5.534662246465246, 57.001485943921409 ], [ -5.537032162877563, 57.000936080150289 ], [ -5.571736311999928, 56.993439829000067 ], [ -5.590681957999948, 56.99133839600006 ], [ -5.591942568359371, 56.990861319050019 ], [ -5.592080950874902, 56.990847468635991 ], [ -5.592299793062552, 56.990726127655947 ], [ -5.603353648999928, 56.986542805000056 ], [ -5.618639654999981, 56.983860036000067 ], [ -5.637557306860185, 56.990447246412394 ], [ -5.642095446946939, 56.992384433395046 ], [ -5.645604552824437, 56.992749767702712 ], [ -5.663729324999963, 56.997192682000048 ], [ -5.677749143999961, 57.009709329000032 ], [ -5.68353594499996, 57.019265696000048 ], [ -5.68153385599993, 57.024483082000074 ], [ -5.673755267999979, 57.026494083000046 ], [ -5.672229277697624, 57.029150931336012 ], [ -5.669704676029596, 57.02987313243932 ], [ -5.675283382391202, 57.032501502127914 ], [ -5.684846143999948, 57.037662942000054 ], [ -5.688091022846581, 57.038535735115502 ], [ -5.689719677221035, 57.039303064584658 ], [ -5.691231001588115, 57.039380312666104 ], [ -5.693335364999939, 57.039946335000081 ], [ -5.708705404999932, 57.040630610000051 ], [ -5.710256912906339, 57.040352781038273 ], [ -5.710731148823243, 57.040377020583094 ], [ -5.716645613268716, 57.039208754648556 ], [ -5.736412603999952, 57.035669074000054 ], [ -5.737045559999956, 57.030473113000028 ], [ -5.746244679999961, 57.030128049000041 ], [ -5.754277977999948, 57.034347084000046 ], [ -5.763221571999964, 57.049531241000068 ], [ -5.764457268144538, 57.049184058175143 ], [ -5.764844417535471, 57.049945950145627 ], [ -5.776388851713903, 57.046411053152227 ], [ -5.781841967999981, 57.046773096000038 ], [ -5.792082430701496, 57.055078537312653 ], [ -5.792865604781865, 57.055910524556531 ], [ -5.795487962999971, 57.064690833000043 ], [ -5.789987448999966, 57.06718298800007 ], [ -5.786193043999958, 57.072879714000067 ], [ -5.783944692127287, 57.074430750254308 ], [ -5.77090655878763, 57.08277334934796 ], [ -5.767113370999937, 57.084675086000061 ], [ -5.757095223999954, 57.089697155000067 ], [ -5.754608437116789, 57.090315574536604 ], [ -5.745811342918785, 57.091250419571338 ], [ -5.731765031530642, 57.098594546001721 ], [ -5.730904383996434, 57.100276147881395 ], [ -5.72895, 57.101478499000052 ], [ -5.729863086416959, 57.102310718245398 ], [ -5.729067995817205, 57.103864229751466 ], [ -5.727463499999942, 57.105098499000064 ], [ -5.726558, 57.107822499000065 ], [ -5.719571591999966, 57.118120539000074 ], [ -5.713078440193306, 57.118776264372926 ], [ -5.683555558794639, 57.119605341251635 ], [ -5.681503125999939, 57.119492727000079 ], [ -5.680799890707874, 57.119682727353123 ], [ -5.675941467224732, 57.119819164123044 ], [ -5.663793230185277, 57.124277592741443 ], [ -5.65507111381534, 57.126634137141671 ], [ -5.653426497484813, 57.126838600530363 ], [ -5.646723316999953, 57.127482718000067 ], [ -5.643412798956537, 57.126447859111842 ], [ -5.635702848207416, 57.123190403214664 ], [ -5.609039306618342, 57.119647503329759 ], [ -5.597759002416691, 57.119455423107574 ], [ -5.593321007999975, 57.118983059000072 ], [ -5.591417541143192, 57.117535868261186 ], [ -5.586570978267787, 57.11241877070978 ], [ -5.578354061003411, 57.107603808026681 ], [ -5.571736311999928, 57.102572386000077 ], [ -5.567409576999978, 57.096568439000066 ], [ -5.565535498971282, 57.09681614884186 ], [ -5.564507603842515, 57.095553636890884 ], [ -5.553857445464473, 57.093971729411919 ], [ -5.552082088419197, 57.093429811486338 ], [ -5.550541912999961, 57.092368050000061 ], [ -5.519276894999962, 57.082748476000063 ], [ -5.514676289999954, 57.093968979000067 ], [ -5.514340852827075, 57.094189243417226 ], [ -5.472152710179103, 57.101029276979773 ], [ -5.465707432671815, 57.102471397859624 ], [ -5.45851448999997, 57.103070750000029 ], [ -5.451479283999959, 57.10551898500006 ], [ -5.445671106011816, 57.105742273598139 ], [ -5.431905746352868, 57.1055928471323 ], [ -5.42191286437368, 57.109488483760416 ], [ -5.420742105999977, 57.109561020000058 ], [ -5.413338732999932, 57.110019704000081 ], [ -5.389737732999947, 57.106157188000054 ], [ -5.387516013999971, 57.106921514000078 ], [ -5.390411556999936, 57.109442796000053 ], [ -5.40667812199996, 57.110711455000057 ], [ -5.420742105999977, 57.114526247000072 ], [ -5.424645858999952, 57.115585053000075 ], [ -5.433564772330716, 57.113088341918747 ], [ -5.453431725493431, 57.110037803901548 ], [ -5.460603241786245, 57.108155800526092 ], [ -5.47905918811876, 57.105225379926885 ], [ -5.491761818899715, 57.105065662061108 ], [ -5.492296048999947, 57.105402161000029 ], [ -5.494727288328084, 57.105028375418968 ], [ -5.502860664887578, 57.104926109552309 ], [ -5.509533575786053, 57.102751970117033 ], [ -5.511627536999981, 57.102430026000036 ], [ -5.514770528999975, 57.101946782000027 ], [ -5.523577499999931, 57.102432499000031 ], [ -5.528739800247446, 57.103292178925159 ], [ -5.533609933673024, 57.104712333238226 ], [ -5.547796285526109, 57.111231937182552 ], [ -5.551320910331469, 57.117650747583923 ], [ -5.553173893919716, 57.119247081311329 ], [ -5.554904910999937, 57.123825089000036 ], [ -5.560408057863175, 57.12982857870356 ], [ -5.560264468430148, 57.131973266852981 ], [ -5.563030182555067, 57.132689105413156 ], [ -5.563956663999932, 57.13369982200004 ], [ -5.566960760921046, 57.13370644105634 ], [ -5.5829896805336, 57.137855141253951 ], [ -5.585497472999975, 57.139577554000027 ], [ -5.612640797999973, 57.145434113000078 ], [ -5.659332620999976, 57.142985335000049 ], [ -5.677679246999958, 57.148615634000066 ], [ -5.688858657999958, 57.157859449000057 ], [ -5.690091035818925, 57.160945324526608 ], [ -5.690477922861791, 57.162483410199258 ], [ -5.688277641999946, 57.167383093000069 ], [ -5.691315796999959, 57.170858353000028 ], [ -5.679344840999931, 57.181986264000045 ], [ -5.676190335693869, 57.183352112079277 ], [ -5.668873667385412, 57.185660958386734 ], [ -5.651006138453769, 57.194256448604328 ], [ -5.641988352999931, 57.198160999000038 ], [ -5.640978148373724, 57.199080590261801 ], [ -5.639289140381322, 57.199893117373506 ], [ -5.638651756020985, 57.201198309804468 ], [ -5.625187236999977, 57.213455088000046 ], [ -5.634721543999945, 57.223795456000062 ], [ -5.640608020484208, 57.225051568314882 ], [ -5.640927076523155, 57.225303769353616 ], [ -5.643264031405026, 57.225618333175809 ], [ -5.654511368999977, 57.228018397000028 ], [ -5.654294839357373, 57.23502340294511 ], [ -5.653520997928613, 57.237543737867348 ], [ -5.635534164222453, 57.250191036210047 ], [ -5.609401822435927, 57.253558636122364 ], [ -5.602561846729722, 57.257456502323706 ], [ -5.600146386625147, 57.25847215930721 ], [ -5.589288949824891, 57.256752252814351 ], [ -5.580275485706983, 57.258651929942239 ], [ -5.576969444999975, 57.258962786000041 ], [ -5.571552220753881, 57.260490444712488 ], [ -5.549409031701259, 57.265157341837892 ], [ -5.545633461538279, 57.26779954186869 ], [ -5.543556533999947, 57.268385236000029 ], [ -5.540553994213531, 57.268738793395158 ], [ -5.522155681581253, 57.267651416573017 ], [ -5.511627536999981, 57.257664760000068 ], [ -5.507737616999975, 57.253974219000042 ], [ -5.506291000924857, 57.253200109107702 ], [ -5.50506663351814, 57.251957654921966 ], [ -5.492105245360392, 57.245451450224266 ], [ -5.484629154211802, 57.238309025541128 ], [ -5.479248694012083, 57.236087902173807 ], [ -5.478310084999976, 57.235391647000029 ], [ -5.467480809064779, 57.231229967486023 ], [ -5.447319317352038, 57.222907043665195 ], [ -5.441872576796197, 57.219395466205917 ], [ -5.434968471217701, 57.214222907661224 ], [ -5.421061754396305, 57.218432664735872 ], [ -5.420468175188639, 57.220205070187419 ], [ -5.418249793999962, 57.223117068000079 ], [ -5.413658617198911, 57.225428953625006 ], [ -5.407855033882356, 57.225740075444207 ], [ -5.398055672830765, 57.232403755029452 ], [ -5.414409998424216, 57.232302792000411 ], [ -5.419632531926029, 57.232497111978248 ], [ -5.422002529421222, 57.232824079557389 ], [ -5.459337828999935, 57.241286350000053 ], [ -5.477085655096049, 57.253138395839578 ], [ -5.480379343131915, 57.255833864241538 ], [ -5.486992998606883, 57.258252899989067 ], [ -5.502073552999946, 57.265395799000032 ], [ -5.50528234899997, 57.266915389000076 ], [ -5.511627536999981, 57.272944348000067 ], [ -5.513207158999933, 57.279178387000059 ], [ -5.511627536999981, 57.281121376000044 ], [ -5.502073552999946, 57.286889903000031 ], [ -5.497185417999958, 57.291372783000043 ], [ -5.498488667999936, 57.29215827400003 ], [ -5.502073552999946, 57.291463316000034 ], [ -5.511627536999981, 57.289273502000071 ], [ -5.521718121999925, 57.280056456000068 ], [ -5.535347704999936, 57.280968125000072 ], [ -5.552423199999964, 57.277444199000058 ], [ -5.561045298999943, 57.279135472000064 ], [ -5.562818910531862, 57.278355167368822 ], [ -5.563405751773814, 57.278513669970096 ], [ -5.585566231345498, 57.272399524834533 ], [ -5.590106363999951, 57.271790063000083 ], [ -5.594535870688151, 57.274894236399007 ], [ -5.595354438156448, 57.276949167070597 ], [ -5.597875159570561, 57.277234391285269 ], [ -5.599195701999975, 57.278159820000042 ], [ -5.602561993717953, 57.277764715097135 ], [ -5.606239557009701, 57.27818083807523 ], [ -5.614224064472086, 57.27639592661442 ], [ -5.617937108999968, 57.275960123000061 ], [ -5.627422708999973, 57.281842805000053 ], [ -5.646096910999972, 57.286008914000035 ], [ -5.670598471999938, 57.281438174000073 ], [ -5.673379401043841, 57.2813947001085 ], [ -5.692021250979678, 57.282051563329162 ], [ -5.695878282534076, 57.281042978105155 ], [ -5.72302033699998, 57.280618670000081 ], [ -5.725075781367464, 57.281381390302215 ], [ -5.721390843612141, 57.287551045344514 ], [ -5.723781482536734, 57.289827821508666 ], [ -5.727150562999952, 57.29610473300005 ], [ -5.722198370999934, 57.300190993000058 ], [ -5.720896797999956, 57.302007575000061 ], [ -5.724062434999951, 57.306504748000066 ], [ -5.720147789999942, 57.311131737000039 ], [ -5.70593498728179, 57.317738169084159 ], [ -5.703661322811513, 57.317621946395718 ], [ -5.70242023000223, 57.320578407504954 ], [ -5.699552639999979, 57.32444870900008 ], [ -5.681613573999925, 57.324733786000081 ], [ -5.675017075999961, 57.326605507000068 ], [ -5.68122079799997, 57.329665100000057 ], [ -5.679663552999955, 57.336404682000079 ], [ -5.683283641999935, 57.340427723000062 ], [ -5.667328383901223, 57.34140428000245 ], [ -5.658809423615764, 57.341317653287092 ], [ -5.657059024538167, 57.344992695708982 ], [ -5.649019862999978, 57.345417449000081 ], [ -5.645423359999938, 57.343665814000076 ], [ -5.649672896999959, 57.335826715000053 ], [ -5.631768902999966, 57.338634523000053 ], [ -5.61711116489959, 57.338826664316336 ], [ -5.614412546301708, 57.338757872477743 ], [ -5.610299719814985, 57.340168895933559 ], [ -5.590922963999958, 57.344430645000045 ], [ -5.590900865187297, 57.344448312847057 ], [ -5.587809920291249, 57.344726443570607 ], [ -5.582214631746966, 57.351077611425595 ], [ -5.574177037999959, 57.352959858000077 ], [ -5.550319720161259, 57.353268952805017 ], [ -5.538155555933827, 57.3524068597888 ], [ -5.535432059601217, 57.353461836957713 ], [ -5.534500516999969, 57.353473906000033 ], [ -5.528740238637311, 57.356053989644259 ], [ -5.514960050165882, 57.361391901814955 ], [ -5.510703376420032, 57.364132796389043 ], [ -5.504436, 57.366939499000068 ], [ -5.502073552999946, 57.368908798000064 ], [ -5.497955303976929, 57.372341347167335 ], [ -5.493750469815883, 57.375048861960593 ], [ -5.485457361999977, 57.377504750000071 ], [ -5.479678038736555, 57.380336619332141 ], [ -5.472578049037452, 57.382965922739345 ], [ -5.468173033742195, 57.38597407363671 ], [ -5.459131386999957, 57.390404482000065 ], [ -5.453953786999932, 57.403534790000037 ], [ -5.441283170999952, 57.413760060000072 ], [ -5.441323216523082, 57.414081171890381 ], [ -5.440785169299829, 57.414510845898974 ], [ -5.441392801093293, 57.414639147692185 ], [ -5.441867326999954, 57.418444215000079 ], [ -5.448931914999946, 57.423503768000046 ], [ -5.458498980999934, 57.421679465000068 ], [ -5.46944280699995, 57.416336561000037 ], [ -5.472245565936465, 57.413234185099498 ], [ -5.474697947152151, 57.411741375564304 ], [ -5.476179111249951, 57.408880140937775 ], [ -5.481103971999971, 57.403428809000047 ], [ -5.502073552999946, 57.395444867000037 ], [ -5.503144594479859, 57.394139193067183 ], [ -5.504644155403071, 57.39351153403021 ], [ -5.505211037638491, 57.391620055371249 ], [ -5.508993463999957, 57.387009015000046 ], [ -5.512560143452183, 57.384854143311536 ], [ -5.517281770536954, 57.382984042279872 ], [ -5.52208419658179, 57.379100020261305 ], [ -5.555330632999926, 57.35901360500003 ], [ -5.570507674255309, 57.358327615717648 ], [ -5.582792759078188, 57.359211802183097 ], [ -5.592211550928039, 57.357346619057424 ], [ -5.602624381999931, 57.356875968000054 ], [ -5.606484302434013, 57.359124045700014 ], [ -5.607697937987933, 57.360795920015953 ], [ -5.603750291999972, 57.364519653000059 ], [ -5.635348573999977, 57.369321115000048 ], [ -5.637572102999968, 57.374523348000082 ], [ -5.63560115334416, 57.376774540512081 ], [ -5.618760063489543, 57.382343308377529 ], [ -5.610612963999927, 57.384157337000033 ], [ -5.602934241689034, 57.387576362096013 ], [ -5.595002651250979, 57.390199065634476 ], [ -5.597851105907007, 57.391910166835366 ], [ -5.599060513999973, 57.39492047400006 ], [ -5.612285535999945, 57.401580898000077 ], [ -5.607764303999943, 57.411627568000029 ], [ -5.610113934999958, 57.414902208000058 ], [ -5.622165485999972, 57.406064634000074 ], [ -5.627633708999952, 57.399317028000041 ], [ -5.632637542557904, 57.39662844891793 ], [ -5.635711550947121, 57.395823002129987 ], [ -5.636527026448263, 57.394538614212848 ], [ -5.63989079199996, 57.392731250000054 ], [ -5.658891720999975, 57.388271528000075 ], [ -5.66097983271092, 57.387316581889984 ], [ -5.661390542639083, 57.387247443015269 ], [ -5.661787383107828, 57.386947268741558 ], [ -5.669307774999936, 57.383508004000078 ], [ -5.689870154999937, 57.377603862000058 ], [ -5.733358222999925, 57.354675796000038 ], [ -5.753867669999977, 57.350225826000042 ], [ -5.787075110999979, 57.348503711000035 ], [ -5.802957081999978, 57.358581026000081 ], [ -5.804112528315779, 57.36078331390604 ], [ -5.806969642434581, 57.369289636507631 ], [ -5.808368625150445, 57.368895461097466 ], [ -5.809478898999942, 57.371011650000071 ], [ -5.813913688999946, 57.369062360000044 ], [ -5.814620884657094, 57.367133833217778 ], [ -5.821124915817009, 57.365301266509782 ], [ -5.827325772999927, 57.378579778000073 ], [ -5.828218277048992, 57.386128026461172 ], [ -5.828287498034377, 57.387594657175697 ], [ -5.822476581999979, 57.391564411000047 ], [ -5.819411811999942, 57.398207139000078 ], [ -5.812386473999936, 57.397965276000036 ], [ -5.810226634999935, 57.400480771000048 ], [ -5.812571151434864, 57.405369692027868 ], [ -5.811597824379646, 57.405898928992599 ], [ -5.815081589471963, 57.407590773596944 ], [ -5.822503741999981, 57.412916956000061 ], [ -5.824091865999947, 57.418239367000069 ], [ -5.820523768999976, 57.427026898000065 ], [ -5.816356379624817, 57.431566981705259 ], [ -5.806843518813139, 57.439277768554291 ], [ -5.817999958630935, 57.443292856580229 ], [ -5.820472511161188, 57.442638191944837 ], [ -5.841910507999955, 57.441875628000048 ], [ -5.853209020999941, 57.44436672900008 ], [ -5.858607480999979, 57.449749386000065 ], [ -5.860288392743662, 57.451425210640515 ], [ -5.862606405860618, 57.461397052032396 ], [ -5.863216329665154, 57.462252327493907 ], [ -5.864571300999955, 57.467589375000045 ], [ -5.871374669999966, 57.476034721000076 ], [ -5.870542527939615, 57.485022551579675 ], [ -5.868084669271809, 57.492606044233582 ], [ -5.869277394526327, 57.498687051093661 ], [ -5.86884691399996, 57.503336601000058 ], [ -5.863965212478955, 57.512301942119961 ], [ -5.854066014734599, 57.526947974969346 ], [ -5.854174262776557, 57.546847214512397 ], [ -5.851190105075025, 57.551314439946673 ], [ -5.847480774018095, 57.55250275140105 ], [ -5.848788894083959, 57.55848931782009 ], [ -5.848653038999942, 57.560353701000054 ], [ -5.838188005999939, 57.56260969300007 ], [ -5.83889279784398, 57.566881053972601 ], [ -5.836883067699148, 57.567559361175654 ], [ -5.839602215978685, 57.571180452382798 ], [ -5.839791199999979, 57.572325782000064 ], [ -5.837353107762072, 57.576549270169004 ], [ -5.83036583634189, 57.578274834991561 ], [ -5.823977918999958, 57.57968691800005 ], [ -5.81612824399997, 57.584181733000037 ], [ -5.810765749999973, 57.583803576000037 ], [ -5.808724614780197, 57.582696253074616 ], [ -5.79820454130612, 57.574902534324622 ], [ -5.789003695099332, 57.574172846628521 ], [ -5.784894020999957, 57.573063834000038 ], [ -5.77940700299996, 57.567842149000057 ], [ -5.768714822999925, 57.562256901000069 ], [ -5.76530020362723, 57.561493195617132 ], [ -5.756280541513547, 57.556729674734868 ], [ -5.747352266559018, 57.55378352550359 ], [ -5.745820292999952, 57.548829424000076 ], [ -5.742631497115902, 57.546655605151351 ], [ -5.743180155939115, 57.54475736635942 ], [ -5.732784859306006, 57.546430357859073 ], [ -5.726932055999953, 57.546827864000079 ], [ -5.714458420999961, 57.545071048000068 ], [ -5.714251937877915, 57.549412997134048 ], [ -5.703710506290659, 57.551109507206064 ], [ -5.700300577942977, 57.548152163575772 ], [ -5.700033545811152, 57.533177375535558 ], [ -5.68856644598435, 57.5284898284429 ], [ -5.688314586681575, 57.528449608581589 ], [ -5.686764052999933, 57.527772327000037 ], [ -5.674521655999968, 57.525530723000031 ], [ -5.665453906861472, 57.518655070407078 ], [ -5.662714243067512, 57.515857577765189 ], [ -5.66196996771726, 57.51645665426571 ], [ -5.650549737999938, 57.511886102000062 ], [ -5.646851930999958, 57.51470482600007 ], [ -5.648281213999951, 57.51808873400006 ], [ -5.651240557682042, 57.525092890054516 ], [ -5.650056839251363, 57.526045679764422 ], [ -5.656099152807048, 57.536592182504698 ], [ -5.656768970999963, 57.538177504000032 ], [ -5.65569030453968, 57.539596265452332 ], [ -5.651408174677745, 57.541034461155874 ], [ -5.648660801999938, 57.540888683000048 ], [ -5.64412084199995, 57.536970048000057 ], [ -5.634774854999932, 57.533860126000036 ], [ -5.631358570999964, 57.524653235000073 ], [ -5.629980420923165, 57.524179200217972 ], [ -5.630113005910175, 57.522446274576112 ], [ -5.619611858899816, 57.521758913742985 ], [ -5.617417574261424, 57.528565764498524 ], [ -5.611055627095379, 57.532941211322211 ], [ -5.607511927999951, 57.53419612600004 ], [ -5.603684111029234, 57.533896846480637 ], [ -5.596907972924214, 57.530670046785247 ], [ -5.590370171286679, 57.532855890364388 ], [ -5.577423086999943, 57.53184361700005 ], [ -5.571638991999976, 57.534961806000069 ], [ -5.563207966999926, 57.533375480000075 ], [ -5.556576350999933, 57.535964311000043 ], [ -5.550689905820486, 57.53442797265852 ], [ -5.539555311128424, 57.530756950073226 ], [ -5.537304617862696, 57.530934466735161 ], [ -5.535834369999975, 57.530550738000045 ], [ -5.525826726999981, 57.530619133000073 ], [ -5.521960499776581, 57.532144687898779 ], [ -5.519163131573066, 57.532365321902205 ], [ -5.518741223236958, 57.533414965823887 ], [ -5.51859021599995, 57.53347455100004 ], [ -5.514464353999927, 57.540760138000053 ], [ -5.51537975747362, 57.541777782588717 ], [ -5.514405250301593, 57.544202208565196 ], [ -5.518451452172542, 57.549253225655832 ], [ -5.522622549092915, 57.549829519238209 ], [ -5.523280844999931, 57.550561340000058 ], [ -5.538590921999969, 57.553254896000055 ], [ -5.548180649574199, 57.553360717281876 ], [ -5.550482511958023, 57.55367875077394 ], [ -5.571939594327855, 57.553689078668903 ], [ -5.591568330999962, 57.556624955000075 ], [ -5.602236348999952, 57.556203932000074 ], [ -5.614785870999981, 57.55343044600005 ], [ -5.633144572999981, 57.555253459000028 ], [ -5.633241787981683, 57.555176175454569 ], [ -5.63427495952152, 57.555322766332665 ], [ -5.634685697696872, 57.554028302357708 ], [ -5.638060613999926, 57.551345326000046 ], [ -5.649795882066222, 57.551497928479051 ], [ -5.651565313488106, 57.551765918862031 ], [ -5.652514317036589, 57.551186458588198 ], [ -5.661524379473649, 57.548720560861405 ], [ -5.670878441111615, 57.551247536273038 ], [ -5.672116113999948, 57.552876633000039 ], [ -5.684342276999928, 57.555881303000035 ], [ -5.691891913999939, 57.561515847000067 ], [ -5.692227931216506, 57.561620838727549 ], [ -5.693194627929415, 57.562631726572874 ], [ -5.692928162107458, 57.569344346888798 ], [ -5.683667603999936, 57.568297562000055 ], [ -5.686835492576243, 57.5756154366657 ], [ -5.68598985684622, 57.576403260002621 ], [ -5.693155263691965, 57.576950133187992 ], [ -5.707172500999945, 57.579550429000051 ], [ -5.727947535999931, 57.586866358000066 ], [ -5.735439656999972, 57.596951539000031 ], [ -5.735294484511833, 57.601435694195551 ], [ -5.733648776669497, 57.605134010226664 ], [ -5.735135782644518, 57.606337751134767 ], [ -5.735112658999981, 57.607052005000071 ], [ -5.756662131999974, 57.623957314000052 ], [ -5.76811354299997, 57.630029737000029 ], [ -5.772711554130029, 57.63148178933352 ], [ -5.775897622377101, 57.633082509450389 ], [ -5.801403880384555, 57.640475154305079 ], [ -5.813830117483397, 57.639250857927166 ], [ -5.816843725999945, 57.641067093000061 ], [ -5.81726423799995, 57.647894496000049 ], [ -5.815450851863405, 57.649543142607726 ], [ -5.80928432920814, 57.651800274563186 ], [ -5.810276815945453, 57.654914193557396 ], [ -5.80894340499998, 57.66247758600008 ], [ -5.793766640480645, 57.678617856157373 ], [ -5.786991238254757, 57.685449242588675 ], [ -5.788196804782476, 57.68905243750784 ], [ -5.78654254099996, 57.695242827000072 ], [ -5.772491704999936, 57.698883635000072 ], [ -5.757925923999949, 57.706364596000071 ], [ -5.737007478999942, 57.707441011000071 ], [ -5.728078255999947, 57.705035433000035 ], [ -5.722772372999941, 57.699791384000036 ], [ -5.710379613015524, 57.698700811720535 ], [ -5.702840447728136, 57.695154428434364 ], [ -5.697967502388792, 57.695272383365619 ], [ -5.685347089999937, 57.691460790000065 ], [ -5.681778308567523, 57.697512078765882 ], [ -5.673178553846867, 57.700733661429467 ], [ -5.679374400591766, 57.707175162486863 ], [ -5.680011312999966, 57.708737285000041 ], [ -5.689078343999938, 57.713060227000028 ], [ -5.689254952457595, 57.714942150669167 ], [ -5.685959457962269, 57.71735525164371 ], [ -5.69768381155842, 57.730175376092859 ], [ -5.719822672883823, 57.729947059991773 ], [ -5.756983913999932, 57.732587592000073 ], [ -5.780049791999943, 57.74212747100006 ], [ -5.780309055352713, 57.742174597646574 ], [ -5.781741738090545, 57.742995262221712 ], [ -5.790848592253139, 57.744090383370441 ], [ -5.800347397999928, 57.745816994000052 ], [ -5.809458074999952, 57.750201359000073 ], [ -5.809136142719113, 57.758458545472607 ], [ -5.806454539545143, 57.761759042945698 ], [ -5.80890241145518, 57.764453479021135 ], [ -5.808680071999959, 57.77015622600004 ], [ -5.808340139327363, 57.771254798736756 ], [ -5.802404761070534, 57.78281462179757 ], [ -5.801457405334759, 57.793441176569161 ], [ -5.809621845795335, 57.813637750616692 ], [ -5.814404210999953, 57.827611266000076 ], [ -5.81243247242939, 57.835964567930183 ], [ -5.808637618630826, 57.839893341104869 ], [ -5.811000838529618, 57.845198893561594 ], [ -5.811840298089558, 57.85721202983229 ], [ -5.811750378486031, 57.857303536801624 ], [ -5.803916054999945, 57.86053273300007 ], [ -5.799931703158792, 57.86045696337883 ], [ -5.794524550567246, 57.859180807848077 ], [ -5.784378806919143, 57.860161197064961 ], [ -5.781536421999931, 57.86010714400004 ], [ -5.780348989230385, 57.860550600734626 ], [ -5.778915047491182, 57.860689163374047 ], [ -5.775869053852124, 57.862223670204294 ], [ -5.758362948999945, 57.868761472000074 ], [ -5.75136502910386, 57.868235584613842 ], [ -5.739603042246301, 57.86567687988429 ], [ -5.733622475447701, 57.867800942325545 ], [ -5.722015627999951, 57.870409067000082 ], [ -5.720841510999713, 57.870388308459248 ], [ -5.71724247965642, 57.868417740086727 ], [ -5.706874460477191, 57.870141369194677 ], [ -5.706544926999925, 57.87013554300006 ], [ -5.689790307750706, 57.865948760874787 ], [ -5.688425842220686, 57.865400616715135 ], [ -5.688869243816757, 57.85764177547297 ], [ -5.690710306535209, 57.855916857876764 ], [ -5.691822648296181, 57.844083666528206 ], [ -5.685826132111594, 57.84354841527189 ], [ -5.682327129999976, 57.841000837000081 ], [ -5.681414040807788, 57.83810399102088 ], [ -5.682934760930038, 57.834088444826023 ], [ -5.678458021297711, 57.8328771811737 ], [ -5.671889597963587, 57.830988108487624 ], [ -5.664687911827489, 57.82451471141168 ], [ -5.66327128599994, 57.822768097000051 ], [ -5.66623054799993, 57.813128104000043 ], [ -5.665496191500349, 57.803040980232247 ], [ -5.666554450727062, 57.799176216209503 ], [ -5.665143617330508, 57.798198020047998 ], [ -5.665124504999937, 57.797935493000068 ], [ -5.653098308999972, 57.788052547000063 ], [ -5.632768398904012, 57.775750781082742 ], [ -5.619328856641062, 57.766432523742026 ], [ -5.598616123634997, 57.768787860771283 ], [ -5.601473467376035, 57.771453496604018 ], [ -5.599623820999966, 57.773314823000078 ], [ -5.607883339999944, 57.777449134000051 ], [ -5.61897646999995, 57.789499350000028 ], [ -5.60829152681041, 57.794974085752074 ], [ -5.604815479991657, 57.794096922180138 ], [ -5.602035268999941, 57.79322879800003 ], [ -5.599988064999934, 57.78876590200008 ], [ -5.587252350555257, 57.789664951566955 ], [ -5.58567464376938, 57.789266824904132 ], [ -5.585409810346122, 57.7900537875297 ], [ -5.580922403999978, 57.791856617000064 ], [ -5.582978967999964, 57.796809887000052 ], [ -5.583121976179833, 57.796852174078595 ], [ -5.582696676410194, 57.798115968577235 ], [ -5.587612340739796, 57.798179961055531 ], [ -5.592530896999961, 57.799634363000052 ], [ -5.594608725720371, 57.801662045892613 ], [ -5.594813525374486, 57.802750680595537 ], [ -5.588835351752864, 57.811073881287435 ], [ -5.585457920646206, 57.814266800572398 ], [ -5.584841497679427, 57.816634383723681 ], [ -5.58439118299998, 57.817261341000062 ], [ -5.583249841795512, 57.822747682313263 ], [ -5.581734657228367, 57.828567266666198 ], [ -5.583037147188647, 57.832137174332978 ], [ -5.583981513999959, 57.835900670000058 ], [ -5.584600108149574, 57.836420989554156 ], [ -5.58588314079401, 57.839937567964569 ], [ -5.594911210401289, 57.841461126014416 ], [ -5.597452184999952, 57.842197998000074 ], [ -5.601390624275752, 57.845521534362028 ], [ -5.602167248719297, 57.849205613148683 ], [ -5.606868752404967, 57.850144370149984 ], [ -5.606884743999956, 57.850157865000028 ], [ -5.638937759999976, 57.857526524000036 ], [ -5.652340876883679, 57.877353141252556 ], [ -5.652990932930786, 57.879016957395116 ], [ -5.648387055999933, 57.883803340000043 ], [ -5.651723533999927, 57.891243121000059 ], [ -5.650671108999265, 57.892998866009172 ], [ -5.644856452862712, 57.896955012863714 ], [ -5.63590451412128, 57.913078030772944 ], [ -5.620263988999966, 57.922655431000067 ], [ -5.613657850999971, 57.923927338000055 ], [ -5.603640222999957, 57.92332859000004 ], [ -5.577626375832222, 57.915938069979845 ], [ -5.576239705097976, 57.914723515677736 ], [ -5.573416149693789, 57.915640690113712 ], [ -5.560359819999974, 57.915363207000041 ], [ -5.554802148999954, 57.911452731000054 ], [ -5.556143436999946, 57.903997789000073 ], [ -5.550905378999971, 57.897752046000051 ], [ -5.55080647020982, 57.893572444419341 ], [ -5.553051710467685, 57.890730500112625 ], [ -5.550545334999015, 57.883239746417246 ], [ -5.537789821442914, 57.867823839498612 ], [ -5.525863991292475, 57.866660508466204 ], [ -5.510806891999948, 57.862975185000039 ], [ -5.509896010894896, 57.862835860263239 ], [ -5.508787512833237, 57.862350702223296 ], [ -5.505031545070573, 57.862091810993931 ], [ -5.479188767999972, 57.858139003000076 ], [ -5.464112869999951, 57.853176056000052 ], [ -5.460768340832399, 57.853632568862331 ], [ -5.45382690468773, 57.851801514328542 ], [ -5.451939344624748, 57.861224054946149 ], [ -5.453516117310975, 57.864671947137147 ], [ -5.453320128999962, 57.866299844000082 ], [ -5.446030577929333, 57.870990774070293 ], [ -5.44106793413755, 57.872360825691601 ], [ -5.441601018314631, 57.875223867940441 ], [ -5.436151716999973, 57.88194547300003 ], [ -5.435075419999976, 57.895472357000074 ], [ -5.429993957999955, 57.902224896000064 ], [ -5.419774490999941, 57.906893855000078 ], [ -5.396814857999971, 57.90357227800007 ], [ -5.396558795655052, 57.903477871885286 ], [ -5.389134168806606, 57.89902520185143 ], [ -5.352267477726481, 57.886852794681268 ], [ -5.350253792999979, 57.885773346000065 ], [ -5.338041690999944, 57.879226189000065 ], [ -5.330750259356894, 57.872127794309634 ], [ -5.325569868054686, 57.865635156737369 ], [ -5.312821417946918, 57.862180039005096 ], [ -5.310401033999938, 57.861229374000061 ], [ -5.292917545836872, 57.856785640400801 ], [ -5.28781402089993, 57.855402469948103 ], [ -5.279949678447987, 57.85481782167026 ], [ -5.266002604999926, 57.853243132000046 ], [ -5.260567237488579, 57.851702425310535 ], [ -5.259701132800842, 57.849952936279124 ], [ -5.240311033450697, 57.845960611348524 ], [ -5.240148680999937, 57.845914591000053 ], [ -5.240043962097441, 57.845905622686395 ], [ -5.226181030429984, 57.84305131406694 ], [ -5.225649816883324, 57.84467288240684 ], [ -5.221281266999938, 57.844298752000043 ], [ -5.223948389999975, 57.849279167000077 ], [ -5.224114557948539, 57.849359372986477 ], [ -5.224038243669781, 57.849592327923517 ], [ -5.225752250292621, 57.850149854731107 ], [ -5.238891327999966, 57.85649182800006 ], [ -5.24117572642798, 57.859437030538608 ], [ -5.241845607988182, 57.863723039786578 ], [ -5.245685010157434, 57.865250707226593 ], [ -5.24660367599995, 57.866435114000069 ], [ -5.250194027300999, 57.867044809113565 ], [ -5.253891110386235, 57.868515848927416 ], [ -5.272269925682553, 57.870793625382703 ], [ -5.292057451999938, 57.874153842000055 ], [ -5.307773784999938, 57.878580043000056 ], [ -5.32011096399998, 57.893656617000033 ], [ -5.320300536464546, 57.893774763504382 ], [ -5.320664406237142, 57.894343852886607 ], [ -5.338281631391794, 57.905950426770801 ], [ -5.36120152463036, 57.907447218814184 ], [ -5.391819423431719, 57.913419534191483 ], [ -5.392513006999934, 57.913679527000056 ], [ -5.395217380205763, 57.917800243175193 ], [ -5.395147800430379, 57.919896960176629 ], [ -5.397636086897722, 57.921485682657796 ], [ -5.402885325455165, 57.929484069191197 ], [ -5.40278384899995, 57.929547110053974 ], [ -5.394879159999959, 57.932397477000052 ], [ -5.394462063543874, 57.932386828284109 ], [ -5.389486432352669, 57.930831313314627 ], [ -5.369461775140451, 57.93214976799743 ], [ -5.360148978549613, 57.936255591562841 ], [ -5.354814941886219, 57.934336733259812 ], [ -5.352042913449452, 57.926319122329858 ], [ -5.332267761447838, 57.915608048372803 ], [ -5.31566214589111, 57.911074757494305 ], [ -5.289458871029808, 57.910743832162211 ], [ -5.273126810883197, 57.91445494803223 ], [ -5.260577165999962, 57.916480625000077 ], [ -5.240682436999975, 57.915908472000069 ], [ -5.220922013999939, 57.909966184000041 ], [ -5.212539759087497, 57.905325075044345 ], [ -5.211041927642555, 57.903599857947313 ], [ -5.178427934501258, 57.886261224775978 ], [ -5.169217751032136, 57.885561832071716 ], [ -5.168948354999941, 57.885475359000054 ], [ -5.163516802004859, 57.882921337812483 ], [ -5.149706005727296, 57.87475454848385 ], [ -5.132084937423825, 57.874461618685068 ], [ -5.129184109999926, 57.874095215000068 ], [ -5.124731219362602, 57.871698660541561 ], [ -5.094006657580962, 57.83728754558382 ], [ -5.078828572780083, 57.82329380496509 ], [ -5.076533728871853, 57.824012411117138 ], [ -5.071059609999963, 57.822945345000051 ], [ -5.070323313508693, 57.825957137148706 ], [ -5.065871000446009, 57.827351331998386 ], [ -5.079174501777659, 57.844134797965516 ], [ -5.080717079008426, 57.847031276607787 ], [ -5.081819176513591, 57.851174354113198 ], [ -5.083607227337606, 57.852458073231972 ], [ -5.084285733999934, 57.853732097000034 ], [ -5.098821178948547, 57.867425727678771 ], [ -5.099830031330612, 57.869344710889777 ], [ -5.101806656199532, 57.870238302252126 ], [ -5.102210544999934, 57.870618800000045 ], [ -5.116704010999968, 57.877247871000066 ], [ -5.11824047768387, 57.877667694222062 ], [ -5.11982941669396, 57.878386020798359 ], [ -5.121191477213345, 57.878474023538253 ], [ -5.131486798999958, 57.881287111000063 ], [ -5.136495610000812, 57.885091436142019 ], [ -5.138474344814938, 57.888116001852097 ], [ -5.146910652444594, 57.893001431056241 ], [ -5.148183337999967, 57.893967899000074 ], [ -5.148689112180074, 57.894031329385172 ], [ -5.152518749640365, 57.896249055849296 ], [ -5.157447517143807, 57.895129742514051 ], [ -5.164987313999973, 57.896075327000062 ], [ -5.172776409999926, 57.90306070400004 ], [ -5.176043852207756, 57.904365806691835 ], [ -5.179797053390985, 57.907219052717153 ], [ -5.186642519374042, 57.908599194206694 ], [ -5.19139265299998, 57.910496523000063 ], [ -5.197041038597931, 57.913433120764999 ], [ -5.198007940813511, 57.914705156917535 ], [ -5.201876700205678, 57.91594718302634 ], [ -5.218159415999935, 57.924412573000041 ], [ -5.215398413969274, 57.927768495854714 ], [ -5.199740052161474, 57.929192065961104 ], [ -5.177637219081987, 57.944226145920027 ], [ -5.182383533739089, 57.945281651867305 ], [ -5.180955539999957, 57.948940834000041 ], [ -5.189700755999979, 57.947385940000061 ], [ -5.193883424572397, 57.951514499310186 ], [ -5.19603395500269, 57.957135439049409 ], [ -5.209276626988344, 57.957561390302722 ], [ -5.227586377999955, 57.959775719000049 ], [ -5.238910530999931, 57.963292204000027 ], [ -5.244966447352093, 57.966570058791504 ], [ -5.248414159085826, 57.970618247834068 ], [ -5.272555947698493, 57.975196957173921 ], [ -5.278201803918321, 57.975558580562414 ], [ -5.308272070999976, 57.980533505000039 ], [ -5.309951043934011, 57.986315392573076 ], [ -5.308283448621921, 57.987732053191792 ], [ -5.310749831335612, 57.989066180782459 ], [ -5.310964967999951, 57.989807048000046 ], [ -5.327880154999946, 58.002864699000042 ], [ -5.329994028299925, 58.003392311567588 ], [ -5.333384871414466, 58.006786346412923 ], [ -5.340402904220773, 58.005990316731818 ], [ -5.350253792999979, 58.008449051000071 ], [ -5.351074353465965, 58.012408295055792 ], [ -5.35138952720456, 58.020014643461252 ], [ -5.369546652255963, 58.030482054203503 ], [ -5.374804049264903, 58.029602980953769 ], [ -5.390770879999934, 58.030433697000035 ], [ -5.417400761999943, 58.03574190300003 ], [ -5.420380377999948, 58.040354760000071 ], [ -5.419443676186408, 58.048467736493684 ], [ -5.418993949510764, 58.04990816133278 ], [ -5.419240582920997, 58.050226771081299 ], [ -5.418873660999964, 58.053404761000081 ], [ -5.423007308234276, 58.055092759852478 ], [ -5.424997806403383, 58.057664155676264 ], [ -5.431729618406303, 58.058654565862042 ], [ -5.442325135999965, 58.06298130700003 ], [ -5.454817681999941, 58.073543020000045 ], [ -5.447029911999948, 58.093605231000026 ], [ -5.435193131999938, 58.10306022900005 ], [ -5.427699076999943, 58.104519761000063 ], [ -5.405376514999944, 58.098202418000028 ], [ -5.392295516962667, 58.090864576954971 ], [ -5.379119753773239, 58.081006765350082 ], [ -5.375761752442903, 58.080029922858117 ], [ -5.367068077999932, 58.073230512000066 ], [ -5.356858018999958, 58.060842707000063 ], [ -5.353332707999925, 58.072754603000078 ], [ -5.350253792999979, 58.074628199000074 ], [ -5.342000224653869, 58.077803816604224 ], [ -5.337663523240111, 58.077938973086816 ], [ -5.332789367999965, 58.07655763300005 ], [ -5.330150983202003, 58.074984407977119 ], [ -5.325498223563898, 58.069167137553507 ], [ -5.320157348585861, 58.070011421086093 ], [ -5.309986712900095, 58.068807361546305 ], [ -5.300322651668807, 58.066315770456583 ], [ -5.294359922571914, 58.070106744730481 ], [ -5.293476822544883, 58.071463953442944 ], [ -5.285438092999925, 58.075118014000054 ], [ -5.28522731299995, 58.080957854000076 ], [ -5.279136062999953, 58.08732940200008 ], [ -5.278067923301719, 58.094046599970376 ], [ -5.273437500040245, 58.09765624983612 ], [ -5.275057271785047, 58.098935074973397 ], [ -5.27391675399997, 58.10035828000008 ], [ -5.268833, 58.102447999000049 ], [ -5.271635531999948, 58.106547945000045 ], [ -5.278212252999936, 58.106358411000031 ], [ -5.284508295999956, 58.108370189000027 ], [ -5.282718371999977, 58.11394720100003 ], [ -5.295854234999979, 58.114096357000051 ], [ -5.301332826129039, 58.119067471714956 ], [ -5.301568536572101, 58.119655552498202 ], [ -5.297397952156325, 58.12041082169987 ], [ -5.285242914928347, 58.121220349939279 ], [ -5.285457226671773, 58.121931039469338 ], [ -5.262191499999972, 58.121402499000055 ], [ -5.268970727999942, 58.125047945000063 ], [ -5.28474175599996, 58.127966478000076 ], [ -5.287305846103325, 58.130611805427812 ], [ -5.283421754510186, 58.137862920437556 ], [ -5.280766588305436, 58.138360845168705 ], [ -5.275468650999926, 58.138025497000058 ], [ -5.264536170999975, 58.139376078000055 ], [ -5.257660360143234, 58.14269396843045 ], [ -5.251927018017227, 58.143769145129966 ], [ -5.25245761602917, 58.145204528314586 ], [ -5.245104062999928, 58.148752951000063 ], [ -5.243935252999961, 58.151419537000038 ], [ -5.253011245999971, 58.151939035000055 ], [ -5.270570483999961, 58.148853738000071 ], [ -5.285104334999971, 58.152090562000069 ], [ -5.297521521999954, 58.152279179000061 ], [ -5.304260256999953, 58.154532719000031 ], [ -5.306000883999957, 58.156916677000027 ], [ -5.303782806999948, 58.160031927000034 ], [ -5.294884149999973, 58.164361968000037 ], [ -5.296301043999961, 58.164967531000059 ], [ -5.310941063999962, 58.165956023000035 ], [ -5.312162042861204, 58.167664785380062 ], [ -5.305204152849058, 58.17267382153949 ], [ -5.307996023103726, 58.17409693517903 ], [ -5.308103579999965, 58.175986788000046 ], [ -5.319493792999936, 58.180569956000056 ], [ -5.321484020101788, 58.180972237663426 ], [ -5.321558118312282, 58.181010008105602 ], [ -5.321635515070574, 58.181002859117619 ], [ -5.334067094999966, 58.183515636000038 ], [ -5.342095370999971, 58.191620166000064 ], [ -5.342905826569717, 58.196598460993755 ], [ -5.340605735865779, 58.19918465644696 ], [ -5.343562648186707, 58.199406822072184 ], [ -5.350253792999979, 58.202027170000065 ], [ -5.353524540999956, 58.203307969000036 ], [ -5.35825183299994, 58.205159058000049 ], [ -5.361984745697558, 58.212950976024274 ], [ -5.362365723099174, 58.216443658248352 ], [ -5.363868460388374, 58.216882959341554 ], [ -5.364894346999961, 58.219024350000041 ], [ -5.382763848999957, 58.229891602000066 ], [ -5.402597719423801, 58.237739531943397 ], [ -5.39786446077585, 58.243406057143943 ], [ -5.397301665429039, 58.246551955313635 ], [ -5.394153536999966, 58.253731352000045 ], [ -5.378318929999978, 58.262484966000045 ], [ -5.375064878999979, 58.262625109000055 ], [ -5.370715281828201, 58.257270934980198 ], [ -5.369658350752047, 58.254510641153217 ], [ -5.368356363029363, 58.254367203611771 ], [ -5.367360523999935, 58.253141367000069 ], [ -5.353524540999956, 58.251994136000064 ], [ -5.350253792999979, 58.251722931000074 ], [ -5.341451922999966, 58.250993086000051 ], [ -5.340162833999955, 58.243332198000076 ], [ -5.320653128738409, 58.239600008356739 ], [ -5.312718511050207, 58.230262637211069 ], [ -5.31227454557219, 58.230392391422278 ], [ -5.308277008999937, 58.225914204000048 ], [ -5.297115237999947, 58.230397565000033 ], [ -5.290193754999962, 58.235832737000067 ], [ -5.279850964699685, 58.239868570019659 ], [ -5.262177467316064, 58.245033860624233 ], [ -5.263081956280283, 58.245882868217201 ], [ -5.251457434999963, 58.249503323000056 ], [ -5.240786199999945, 58.250181952000048 ], [ -5.234961828999928, 58.251878724000051 ], [ -5.228138379999962, 58.249736777000066 ], [ -5.219032096999968, 58.254371325000079 ], [ -5.212291320770628, 58.251437080500473 ], [ -5.211977839505494, 58.249713659158317 ], [ -5.208021791870144, 58.249578564319854 ], [ -5.204569693999929, 58.248075874000051 ], [ -5.181898196999953, 58.249967396000045 ], [ -5.17257273499996, 58.241123635000065 ], [ -5.171468665999953, 58.241780266000035 ], [ -5.170730135999975, 58.249134498000046 ], [ -5.16452554505906, 58.256541764630256 ], [ -5.162270003367096, 58.257846495528888 ], [ -5.152583345999972, 58.255294321000065 ], [ -5.143129657999964, 58.258554784000069 ], [ -5.141260575999979, 58.259199372000069 ], [ -5.131747221999944, 58.258363042000042 ], [ -5.127213413999925, 58.255496867000033 ], [ -5.126781487999949, 58.251086069000053 ], [ -5.121811399999956, 58.249562123000032 ], [ -5.12152557099995, 58.256717305000052 ], [ -5.130708123999966, 58.261271702000045 ], [ -5.131890860999931, 58.265193927000041 ], [ -5.111545321613971, 58.269417346619406 ], [ -5.111341789081189, 58.269431913062874 ], [ -5.103922415181614, 58.265741690376558 ], [ -5.102994919179878, 58.264281750002908 ], [ -5.086539539987048, 58.257095855665348 ], [ -5.080999926999937, 58.254340582000054 ], [ -5.078609182192277, 58.253632750227027 ], [ -5.076450228395004, 58.252689957375821 ], [ -5.056702256603387, 58.246971607353885 ], [ -5.039955139018161, 58.247507571817096 ], [ -5.036086823508557, 58.249531713058772 ], [ -5.030879908999964, 58.250107426000056 ], [ -5.021173128999976, 58.256335140000033 ], [ -5.010160972999927, 58.254578768000044 ], [ -5.004386569999951, 58.250672535000035 ], [ -4.999132929999973, 58.240299563000065 ], [ -4.990427530999966, 58.23755228400006 ], [ -4.97629466199993, 58.229162955000049 ], [ -4.956404971999973, 58.22574651900004 ], [ -4.942963436999946, 58.217649392000055 ], [ -4.939279237999926, 58.218487860000039 ], [ -4.938984845999926, 58.221358217000045 ], [ -4.94634197299996, 58.225903151000068 ], [ -4.950721804999944, 58.231881250000072 ], [ -4.985497481999971, 58.244633226000076 ], [ -4.991453643999932, 58.249868166000056 ], [ -4.981032223999932, 58.254159383000058 ], [ -4.943809470999952, 58.254470102000028 ], [ -4.933293136999964, 58.25591877800008 ], [ -4.932375778999926, 58.257750003000069 ], [ -4.943235538999943, 58.259635552000077 ], [ -4.974274764999961, 58.25778136100007 ], [ -5.010942248999925, 58.263371059000065 ], [ -5.016904830999977, 58.262494328000059 ], [ -5.029404918999944, 58.257271707000029 ], [ -5.04129030799993, 58.259825391000049 ], [ -5.048676993719416, 58.259265293075892 ], [ -5.058653351712182, 58.259580608600608 ], [ -5.083349708999947, 58.265191830000049 ], [ -5.088855664041661, 58.268128664049527 ], [ -5.093761801865526, 58.271654248245056 ], [ -5.096439171707551, 58.272123560880495 ], [ -5.106431715999975, 58.275299722000057 ], [ -5.107506476999959, 58.278798722000033 ], [ -5.13503101799995, 58.280073555000058 ], [ -5.137232936999965, 58.282932648000042 ], [ -5.133900120999954, 58.286355849000074 ], [ -5.125729020999927, 58.284594870000035 ], [ -5.122314828999947, 58.28584150000006 ], [ -5.125802045999933, 58.291403699000057 ], [ -5.137190099999941, 58.29276105200006 ], [ -5.137637543999972, 58.298267908000071 ], [ -5.143129657999964, 58.300727348000066 ], [ -5.145253332999971, 58.301678311000046 ], [ -5.143129657999964, 58.304147365000063 ], [ -5.139400978999959, 58.308482036000044 ], [ -5.143129657999964, 58.31051569300007 ], [ -5.144372208999926, 58.311193367000044 ], [ -5.145201515999929, 58.313504981000051 ], [ -5.143129657999964, 58.315704056000072 ], [ -5.136854268999969, 58.322935858000051 ], [ -5.143129657999964, 58.325566055000081 ], [ -5.156481858999939, 58.319915344000037 ], [ -5.162404678999962, 58.319838684000047 ], [ -5.166479870999979, 58.321925333000081 ], [ -5.166696978273412, 58.328937607193858 ], [ -5.163713455611287, 58.333313464744549 ], [ -5.164111969828351, 58.3335325797404 ], [ -5.162547729999972, 58.33531343900006 ], [ -5.172542488999966, 58.339707513000064 ], [ -5.171957831999975, 58.343587874000036 ], [ -5.172908006196897, 58.344675981531154 ], [ -5.172616242945082, 58.345296740352467 ], [ -5.174697525039911, 58.346725278319546 ], [ -5.179353952999975, 58.352057663000039 ], [ -5.17477295499998, 58.353895211000065 ], [ -5.163623289999975, 58.352292349000038 ], [ -5.158488880999926, 58.353356447000067 ], [ -5.165192612999931, 58.359061508000082 ], [ -5.172242045266636, 58.363758271757689 ], [ -5.171591108854466, 58.364835895639374 ], [ -5.164460864999967, 58.37393320700005 ], [ -5.161467838492309, 58.376233991457163 ], [ -5.15572345227514, 58.379209518204846 ], [ -5.155488596881586, 58.38083032434232 ], [ -5.146662267999943, 58.387615256000061 ], [ -5.151836522999929, 58.399565238000037 ], [ -5.146852625999941, 58.408006178000051 ], [ -5.141670376999969, 58.410912617000065 ], [ -5.132517029999974, 58.410309571000028 ], [ -5.128979079999965, 58.408006178000051 ], [ -5.12506303999993, 58.404867382000077 ], [ -5.122963374929753, 58.403776595185214 ], [ -5.122715711660419, 58.403483629466166 ], [ -5.117637006125296, 58.400868793093622 ], [ -5.114287720999926, 58.398099257000069 ], [ -5.106616918999975, 58.397576050000055 ], [ -5.097515585999929, 58.395825845000047 ], [ -5.089293772999952, 58.391862042000071 ], [ -5.07702915699997, 58.393452720000028 ], [ -5.073948654999981, 58.389779090000047 ], [ -5.068176525999945, 58.389733205000027 ], [ -5.065817658999947, 58.389056587000027 ], [ -5.062941157999944, 58.383920026000055 ], [ -5.053560580999942, 58.382990666000069 ], [ -5.04615744299997, 58.383043158000078 ], [ -5.035966325999937, 58.379783446000033 ], [ -5.032536121999954, 58.379808567000055 ], [ -5.040898567999932, 58.386163312000065 ], [ -5.040100678902165, 58.388371259794326 ], [ -5.035757779997198, 58.391319870715506 ], [ -5.038650602773375, 58.392383963312952 ], [ -5.038493968999944, 58.392817406000063 ], [ -5.042263235042833, 58.393712829805182 ], [ -5.044443130146192, 58.394514679908752 ], [ -5.045983353268453, 58.394596578094415 ], [ -5.058360246999939, 58.397536823000053 ], [ -5.057916938999938, 58.402975734000051 ], [ -5.065847094999981, 58.402396777000035 ], [ -5.068412322999961, 58.402935416000048 ], [ -5.058609266999952, 58.408006178000051 ], [ -5.054945662999955, 58.409901039000033 ], [ -5.040785247999963, 58.409645672000067 ], [ -5.039034680999976, 58.410162933000038 ], [ -5.039859855999964, 58.411159496000039 ], [ -5.048894562999976, 58.413856440000075 ], [ -5.058166074999974, 58.414297219000048 ], [ -5.071778951999931, 58.408629273000031 ], [ -5.081435465999959, 58.408006178000051 ], [ -5.089338250999958, 58.407496236000043 ], [ -5.091236827999978, 58.408006178000051 ], [ -5.11143758299994, 58.413431477000074 ], [ -5.110880680999969, 58.414510999000072 ], [ -5.106874180999966, 58.415949526000077 ], [ -5.078257109999925, 58.417448251000053 ], [ -5.080834179999954, 58.419481131000055 ], [ -5.088113267999972, 58.420696231000079 ], [ -5.093303229999947, 58.422589024000047 ], [ -5.101978390999932, 58.422997627000029 ], [ -5.110916491999944, 58.424571871000069 ], [ -5.112976844999935, 58.428420387000074 ], [ -5.111326540794466, 58.430833551121786 ], [ -5.109614849445393, 58.430840372984846 ], [ -5.104888703516655, 58.436753841304125 ], [ -5.10307458099993, 58.437711092000029 ], [ -5.098859709999942, 58.440980129000081 ], [ -5.080629985999963, 58.447099932000071 ], [ -5.07411684899995, 58.45092539500007 ], [ -5.064840337999954, 58.451710480000031 ], [ -5.057133036999971, 58.450384986000074 ], [ -5.047825547999935, 58.45067064400007 ], [ -5.039350590999959, 58.449596256000063 ], [ -5.023001535999981, 58.443689773000074 ], [ -4.997039226999959, 58.427033169000083 ], [ -4.991353007999976, 58.42712371500005 ], [ -4.997924954999974, 58.435316688000057 ], [ -4.995615142789492, 58.439756466042567 ], [ -4.995105623925213, 58.44009447058346 ], [ -4.99540533754567, 58.440159740694291 ], [ -4.995334162999939, 58.440296548000049 ], [ -5.01421652199997, 58.446012250000081 ], [ -5.016473994999956, 58.449018730000034 ], [ -5.015763710999977, 58.451170154000067 ], [ -5.021101940184365, 58.451733956716431 ], [ -5.021493673494035, 58.452270507777769 ], [ -5.03806699169666, 58.453525738559357 ], [ -5.071571795563046, 58.457064383825177 ], [ -5.068230962256366, 58.45930370570224 ], [ -5.059755252999935, 58.460674962000041 ], [ -5.058905484999968, 58.462408451000044 ], [ -5.069391112999938, 58.464419387000078 ], [ -5.084572969999954, 58.469431200000031 ], [ -5.087495837999938, 58.472063268000056 ], [ -5.087714539999979, 58.476174885000034 ], [ -5.088024619551014, 58.476382512466422 ], [ -5.087074160743612, 58.478215575588422 ], [ -5.091582917484979, 58.478210478372077 ], [ -5.099921070999926, 58.479309684000043 ], [ -5.106486424999957, 58.481336707000082 ], [ -5.114415909999934, 58.480985636000071 ], [ -5.123927805999926, 58.491038601000071 ], [ -5.121243017999973, 58.495565683000052 ], [ -5.120753160999925, 58.500623093000058 ], [ -5.118769595665095, 58.504613697719137 ], [ -5.117742538087327, 58.506024360635763 ], [ -5.117949611521249, 58.506263369921278 ], [ -5.117593692999947, 58.506979419000061 ], [ -5.117317214999957, 58.515542653000068 ], [ -5.113226201999964, 58.520191474000057 ], [ -5.107628334999958, 58.523270626000055 ], [ -5.103579795999963, 58.526954216000036 ], [ -5.096470739999972, 58.530664997000031 ], [ -5.089651499999945, 58.535696944000051 ], [ -5.069985429349115, 58.536822454509732 ], [ -5.064127564835019, 58.536437749602669 ], [ -5.05173730822986, 58.540952444300046 ], [ -5.048944960212134, 58.545046058910941 ], [ -5.042676508999932, 58.549963956000056 ], [ -5.038180036999961, 58.557210790000056 ], [ -5.031646871999953, 58.562437203000059 ], [ -5.028842848999943, 58.569644664000066 ], [ -5.018471745999932, 58.576324176000071 ], [ -5.01998641299997, 58.580703658000061 ], [ -5.019530571999951, 58.586376115000064 ], [ -5.014292374975202, 58.592174905815106 ], [ -5.012310027885121, 58.593279003823056 ], [ -5.013269733988267, 58.59441135224781 ], [ -5.015166604999933, 58.600969527000075 ], [ -5.012579226999947, 58.60896071500008 ], [ -5.014045286999931, 58.616334521000056 ], [ -5.008096982999973, 58.623662001000071 ], [ -4.994973168496841, 58.624721012766287 ], [ -4.990393121003383, 58.623371865948315 ], [ -4.975802703999932, 58.617319871000063 ], [ -4.963046634999955, 58.614629275000027 ], [ -4.958499898160497, 58.612795670092808 ], [ -4.956507444762394, 58.611330270575706 ], [ -4.955230337108858, 58.611477123759379 ], [ -4.954914015999975, 58.611349558000029 ], [ -4.94986978999998, 58.610413593000033 ], [ -4.941804952405158, 58.613020893762126 ], [ -4.924727321008731, 58.614984631535719 ], [ -4.871772765800188, 58.610791444469839 ], [ -4.87031892831757, 58.61017007369265 ], [ -4.865409124999928, 58.607497471000045 ], [ -4.852475018999939, 58.602142986000047 ], [ -4.851269049261568, 58.602028147035803 ], [ -4.848023533958667, 58.600641012373046 ], [ -4.843604912278369, 58.601298326439995 ], [ -4.838141281999981, 58.600778050000031 ], [ -4.831687365999926, 58.598764083000049 ], [ -4.822096059999978, 58.590441625000039 ], [ -4.818628062999949, 58.587274681000054 ], [ -4.819439463853215, 58.582961118402942 ], [ -4.820724963985697, 58.580459356014501 ], [ -4.820116853403084, 58.579359985603752 ], [ -4.821123547999946, 58.574008204000052 ], [ -4.818508684999927, 58.569238981000069 ], [ -4.818266076741652, 58.562933030892204 ], [ -4.818566560498027, 58.561773776738505 ], [ -4.812103748089271, 58.555174231405658 ], [ -4.798895109781204, 58.55027560905063 ], [ -4.794997560999946, 58.546314882000047 ], [ -4.797716950999927, 58.540941337000049 ], [ -4.815103569999962, 58.532185883000068 ], [ -4.815398333471399, 58.531876201723108 ], [ -4.817578554506383, 58.530841946598741 ], [ -4.816899868489689, 58.530298674902703 ], [ -4.821730301999935, 58.525223776000075 ], [ -4.814926869999965, 58.525305033000052 ], [ -4.810858898999925, 58.522484115000054 ], [ -4.80754634110844, 58.522811403087225 ], [ -4.806655048991104, 58.52209794536401 ], [ -4.805508585578369, 58.523052363699577 ], [ -4.798679934999939, 58.526417264000031 ], [ -4.790375802999961, 58.535008725000068 ], [ -4.789111568999942, 58.536349225000038 ], [ -4.782213217999981, 58.540886668000041 ], [ -4.781755910357487, 58.542826207764556 ], [ -4.780555248325868, 58.543825745861511 ], [ -4.778738141152019, 58.551038265503678 ], [ -4.781005173046964, 58.551570683866103 ], [ -4.790375802999961, 58.554441474000043 ], [ -4.794665738999925, 58.555755655000041 ], [ -4.805056037999975, 58.563488633000077 ], [ -4.795431352999969, 58.576217737000036 ], [ -4.790375802999961, 58.576800743000035 ], [ -4.781345248999969, 58.577842123000039 ], [ -4.770783606999942, 58.577259556000058 ], [ -4.76730295699997, 58.578966215000037 ], [ -4.768118631880095, 58.58206406263686 ], [ -4.76580154910198, 58.58310151112596 ], [ -4.769148996853778, 58.585977280729708 ], [ -4.769175736999955, 58.586078837000059 ], [ -4.771749557350025, 58.588211404570423 ], [ -4.777388572624204, 58.593055844251921 ], [ -4.790375802999961, 58.599000523723163 ], [ -4.790375802999961, 58.599306254000055 ], [ -4.780841653999971, 58.60144471600006 ], [ -4.775442352099342, 58.603665030313202 ], [ -4.773681574826838, 58.603965902633675 ], [ -4.771028186999956, 58.603700896000078 ], [ -4.766367441999932, 58.59804159600003 ], [ -4.764027542954125, 58.591357598884969 ], [ -4.764137148610246, 58.59058856950702 ], [ -4.763718933819532, 58.590476046935542 ], [ -4.763384401999929, 58.589520446000051 ], [ -4.75719227899998, 58.587799437000058 ], [ -4.751855059999968, 58.583464614000036 ], [ -4.742419618999975, 58.582975629000032 ], [ -4.741268721999973, 58.580479382000078 ], [ -4.742781029999946, 58.575217053000074 ], [ -4.738872166569058, 58.570716979425882 ], [ -4.7389986512664, 58.568557858458519 ], [ -4.736899514530529, 58.568847498568303 ], [ -4.733345613999973, 58.568365133000043 ], [ -4.724660479999955, 58.570352425000067 ], [ -4.72340386399255, 58.570267444346015 ], [ -4.711352137957951, 58.567602958879171 ], [ -4.707637862999945, 58.566293856000073 ], [ -4.708109812999965, 58.561930529000051 ], [ -4.705220071999975, 58.559161458000062 ], [ -4.702864483464443, 58.558715417016728 ], [ -4.702178716873959, 58.555686116521144 ], [ -4.686869538445475, 58.555686704278081 ], [ -4.685917728999925, 58.555506475000072 ], [ -4.677453575999948, 58.550712971000053 ], [ -4.663265495999951, 58.552160214000082 ], [ -4.655820314999971, 58.550905909000051 ], [ -4.658380618999956, 58.547562909000078 ], [ -4.654287414999942, 58.543445109000061 ], [ -4.654153334999933, 58.53252642800004 ], [ -4.661822081999958, 58.526508141000079 ], [ -4.669427450999933, 58.525353901000074 ], [ -4.675767759999928, 58.521303192000062 ], [ -4.683950832999926, 58.514688173000081 ], [ -4.686073833999956, 58.510030728000061 ], [ -4.687631287999977, 58.509719183000072 ], [ -4.689107987999932, 58.511199745000056 ], [ -4.691303344999938, 58.510802602000069 ], [ -4.695647075999943, 58.504920057000049 ], [ -4.710814006999954, 58.497124603000032 ], [ -4.729485916999977, 58.475715003000062 ], [ -4.744087410999953, 58.464859957000044 ], [ -4.746075860931646, 58.461862869951645 ], [ -4.750451865831124, 58.458552401264768 ], [ -4.751795993999963, 58.457919878000041 ], [ -4.75245868199994, 58.453607585000043 ], [ -4.757821303999947, 58.450718302000041 ], [ -4.756861095999966, 58.449378675000048 ], [ -4.748557505999941, 58.449619802000029 ], [ -4.735769626999968, 58.448608150000041 ], [ -4.735445073702422, 58.448891140241606 ], [ -4.735283256017055, 58.448861360463468 ], [ -4.734879752710099, 58.449384064902645 ], [ -4.727835303999939, 58.455526385000042 ], [ -4.722772417999977, 58.462769112000046 ], [ -4.714707629999964, 58.464095594000071 ], [ -4.701951365999946, 58.468513443000063 ], [ -4.700466705694169, 58.469943499954383 ], [ -4.69854795952034, 58.470644355052912 ], [ -4.697925414332655, 58.472391326821139 ], [ -4.692319801999929, 58.477790774000027 ], [ -4.683242594999967, 58.479677147000075 ], [ -4.67546044125239, 58.483080442943276 ], [ -4.665489673409297, 58.483192563186265 ], [ -4.665315374942521, 58.483985662241139 ], [ -4.665049823999937, 58.484008718000041 ], [ -4.662687806999941, 58.495208148000074 ], [ -4.662824245571977, 58.495320887305922 ], [ -4.661252425903922, 58.502473036812631 ], [ -4.65820135599995, 58.507781038000076 ], [ -4.651569214547723, 58.513147245087602 ], [ -4.643522428445743, 58.519255926994852 ], [ -4.62360945699993, 58.523395879000077 ], [ -4.614801592999925, 58.520562690000077 ], [ -4.610126614999956, 58.522807612000065 ], [ -4.603812655999945, 58.527968935000047 ], [ -4.602839553935525, 58.529462761178621 ], [ -4.595227003523178, 58.534455179762801 ], [ -4.595429786306566, 58.536378035562976 ], [ -4.594789962999926, 58.536815028000035 ], [ -4.596209933999944, 58.546130897000069 ], [ -4.602323067216085, 58.553492673492606 ], [ -4.601853376451146, 58.555981166451673 ], [ -4.596305369999925, 58.563631567000073 ], [ -4.598025324999981, 58.570241134000071 ], [ -4.589416247999964, 58.577100039000072 ], [ -4.581048433999968, 58.579442990000075 ], [ -4.570990184589257, 58.576949243600644 ], [ -4.56954765300145, 58.576399922418489 ], [ -4.553604841389813, 58.577927947017599 ], [ -4.553453345276902, 58.577983877243717 ], [ -4.552194119999967, 58.577948067000079 ], [ -4.542264960999944, 58.580711006000058 ], [ -4.528810270999941, 58.57957551800007 ], [ -4.52311538899994, 58.577842487000055 ], [ -4.514273087001393, 58.578282607173477 ], [ -4.50147271346929, 58.57669202495638 ], [ -4.490721605762323, 58.569011647295355 ], [ -4.489547252603245, 58.567833423973468 ], [ -4.475560003213396, 58.565117300015189 ], [ -4.457338315999948, 58.560922318000053 ], [ -4.452697196999964, 58.555349723000063 ], [ -4.452824540999927, 58.550357118000079 ], [ -4.438219840999977, 58.555419346000065 ], [ -4.433423497653536, 58.553517428107504 ], [ -4.430681467075601, 58.551193356288479 ], [ -4.42568218307257, 58.541335007770506 ], [ -4.425350707999939, 58.537317970000061 ], [ -4.428997164233338, 58.53067342548426 ], [ -4.430398345207209, 58.529479026735714 ], [ -4.425879737814336, 58.528447722828652 ], [ -4.421896327999946, 58.525809135000031 ], [ -4.412190975999977, 58.524332106000031 ], [ -4.410944036999979, 58.521817028000044 ], [ -4.422222737436012, 58.513802778669586 ], [ -4.427316620447562, 58.511069903346488 ], [ -4.433218848999957, 58.509204681000028 ], [ -4.444211826284817, 58.503738015130679 ], [ -4.447028637261553, 58.502679943824546 ], [ -4.451667113620966, 58.497704527365904 ], [ -4.453922359999979, 58.495553635000078 ], [ -4.453900759724632, 58.495308628642732 ], [ -4.456374645573078, 58.492655039098793 ], [ -4.453434850542693, 58.490023940846562 ], [ -4.453037468832363, 58.485516542502836 ], [ -4.453250720735195, 58.485272787827356 ], [ -4.461745380999957, 58.475917916000071 ], [ -4.467293855999969, 58.459266436000064 ], [ -4.478490025999974, 58.450915624000061 ], [ -4.473582471999975, 58.44633381500006 ], [ -4.459059791999948, 58.455276506000075 ], [ -4.453508484535941, 58.462112061234009 ], [ -4.449352502515637, 58.464043617219261 ], [ -4.448754785074017, 58.464841294035416 ], [ -4.445853846999967, 58.466170532000035 ], [ -4.439526442999977, 58.473850971000047 ], [ -4.430007424999928, 58.477595276000045 ], [ -4.424858090999976, 58.481193245000043 ], [ -4.424825415843101, 58.481434571930556 ], [ -4.424069047048647, 58.481748223202146 ], [ -4.419368743972029, 58.494119524796304 ], [ -4.397398238527074, 58.508351409422218 ], [ -4.384411607999937, 58.511079851000034 ], [ -4.376780794999945, 58.519949120000035 ], [ -4.355958019999946, 58.536445676000028 ], [ -4.342434559999958, 58.540872303000071 ], [ -4.332965651999928, 58.539522624000028 ], [ -4.330829238911511, 58.540164424924271 ], [ -4.325410764230044, 58.540864205241142 ], [ -4.320251943999949, 58.539528570000073 ], [ -4.316737006999972, 58.541750084000057 ], [ -4.307949537999946, 58.542848521000053 ], [ -4.282572751877669, 58.540155400414051 ], [ -4.277081514988512, 58.539095263211387 ], [ -4.26867206299994, 58.536740054000063 ], [ -4.263301769999941, 58.532343025000046 ], [ -4.263452752999967, 58.529316971000071 ], [ -4.270528763999948, 58.525446523000028 ], [ -4.265999014999977, 58.520398635000049 ], [ -4.258228797999948, 58.525202658000069 ], [ -4.246060831606057, 58.525738335033154 ], [ -4.244589924484956, 58.525351166423491 ], [ -4.244546393938016, 58.525805005950097 ], [ -4.241447800999936, 58.52594141700007 ], [ -4.237901847999979, 58.522748307000029 ], [ -4.230392741999935, 58.519726713000068 ], [ -4.22787445299997, 58.515487834000055 ], [ -4.223637407999945, 58.514424012000063 ], [ -4.223387380999952, 58.515612507000071 ], [ -4.238817898999969, 58.529585743000041 ], [ -4.240965227734861, 58.534765107318989 ], [ -4.226304954891694, 58.534922167209835 ], [ -4.212149925999938, 58.532344185000056 ], [ -4.211784641999941, 58.534757192000029 ], [ -4.215329252824813, 58.537140547993182 ], [ -4.214597829652532, 58.541364405986599 ], [ -4.211608943999977, 58.542110947000083 ], [ -4.213245469975991, 58.549174078206732 ], [ -4.213166100083255, 58.549632427311018 ], [ -4.211800497999945, 58.551259260000052 ], [ -4.206399784667395, 58.551463308469827 ], [ -4.198522103121321, 58.549949482089879 ], [ -4.193040934999942, 58.546828106000078 ], [ -4.183320892999973, 58.54562792300004 ], [ -4.176452591999976, 58.54366635000008 ], [ -4.173011850999956, 58.544923227000027 ], [ -4.165749981999966, 58.545577905000073 ], [ -4.160313275776607, 58.548041720961692 ], [ -4.159361720066954, 58.548183560123505 ], [ -4.159235839704057, 58.548529995310922 ], [ -4.158274501999927, 58.548965656000064 ], [ -4.152871433999962, 58.561758779000058 ], [ -4.14759468799997, 58.565425779000066 ], [ -4.145373058596172, 58.565723826796223 ], [ -4.132235646357572, 58.564079045811525 ], [ -4.130978755649917, 58.565086383995258 ], [ -4.121535796999979, 58.568759834000048 ], [ -4.115473004999956, 58.568059128000073 ], [ -4.11078410289099, 58.563128957129543 ], [ -4.109931468562024, 58.561479925958167 ], [ -4.099815216363027, 58.563004002412164 ], [ -4.09718, 58.562127627000052 ], [ -4.092657934999977, 58.559050980000052 ], [ -4.086461627060526, 58.560347669925179 ], [ -4.086103181697012, 58.560241737066178 ], [ -4.081266538118247, 58.554202350887635 ], [ -4.080681800524246, 58.552055477878241 ], [ -4.070826768739835, 58.551300525798922 ], [ -4.071164415113964, 58.555799947422493 ], [ -4.070415523999941, 58.556848142000035 ], [ -4.070230398999968, 58.563904109000077 ], [ -4.068485510999949, 58.564442518000078 ], [ -4.056906134999963, 58.568015281000044 ], [ -4.049827293999954, 58.57229284400006 ], [ -4.049454965999928, 58.580914632000031 ], [ -4.043916072999934, 58.585100708000027 ], [ -4.043915984892361, 58.585101094032247 ], [ -4.035353454181013, 58.591220125828436 ], [ -4.027086941999926, 58.592227903000037 ], [ -4.025355577906067, 58.593220548164929 ], [ -4.012768623671723, 58.590866743566949 ], [ -4.008076873078548, 58.577859827192619 ], [ -4.005524278122607, 58.56601703176085 ], [ -4.003372478754655, 58.566473853615896 ], [ -3.995290416999978, 58.566664624000055 ], [ -3.98393443599997, 58.570150832000081 ], [ -3.974245311999937, 58.57011056500005 ], [ -3.971724949057919, 58.570100090673861 ], [ -3.970832347434566, 58.5699628593988 ], [ -3.970334044750556, 58.570094310242339 ], [ -3.966887784999926, 58.570079988000032 ], [ -3.955704614999945, 58.573652449000065 ], [ -3.949464522422053, 58.570368896701325 ], [ -3.949215054730587, 58.570113778228404 ], [ -3.949043987071626, 58.570147609949665 ], [ -3.945391723999933, 58.568225780000034 ], [ -3.94010930099995, 58.57168923200004 ], [ -3.934454894999931, 58.57243692000003 ], [ -3.932584068999972, 58.57268429700008 ], [ -3.929638079707763, 58.570867237906675 ], [ -3.921076417242602, 58.560584068100582 ], [ -3.920058709567293, 58.560919421832914 ], [ -3.914505351999935, 58.559193537000056 ], [ -3.908395105999944, 58.55968336400008 ], [ -3.904390046999936, 58.56506788300004 ], [ -3.89519485302214, 58.567630462374908 ], [ -3.865317344219534, 58.564174056487843 ], [ -3.864895718289138, 58.564259344592514 ], [ -3.860986499999967, 58.563766499000053 ], [ -3.846701288999952, 58.565913582000064 ], [ -3.842316151878097, 58.568506138322277 ], [ -3.832970240906326, 58.568768320990586 ], [ -3.824617924999927, 58.568642872000055 ], [ -3.822638625963773, 58.569058155805166 ], [ -3.819977641054891, 58.569132804935236 ], [ -3.802956544659009, 58.573187723630689 ], [ -3.801121119471201, 58.573572820749447 ], [ -3.800639514549004, 58.573512690754562 ], [ -3.793548405999957, 58.571036779000053 ], [ -3.79391589599993, 58.56670033100005 ], [ -3.791246157999979, 58.564486268000053 ], [ -3.788094172540444, 58.564472795114 ], [ -3.787267208214701, 58.563064813790334 ], [ -3.785716595335265, 58.564462632368269 ], [ -3.778480660999946, 58.564431703000082 ], [ -3.77542471199996, 58.56603956500004 ], [ -3.776389324999968, 58.571316571000068 ], [ -3.772886040999936, 58.574022055000057 ], [ -3.757577106999975, 58.577674959000035 ], [ -3.750186060999965, 58.579438419000041 ], [ -3.74284401381138, 58.584015530474268 ], [ -3.738034009861224, 58.586088656966297 ], [ -3.727527558725715, 58.593522883331005 ], [ -3.702004667709194, 58.603724010562189 ], [ -3.696147492151943, 58.605454126582103 ], [ -3.683045041999947, 58.608184288000075 ], [ -3.672733741999934, 58.60734373400004 ], [ -3.669778699999938, 58.615984749000063 ], [ -3.661197450999964, 58.619663770000045 ], [ -3.652716097999928, 58.620003532000055 ], [ -3.647385482999937, 58.617050053000071 ], [ -3.640961695702278, 58.616372907347049 ], [ -3.639855504127809, 58.61574804803422 ], [ -3.636737960449744, 58.61592767405503 ], [ -3.63084405099994, 58.615306384000064 ], [ -3.606203609682633, 58.617686996294793 ], [ -3.587620784033317, 58.618757697902041 ], [ -3.584456713999941, 58.618249046000074 ], [ -3.574239843092821, 58.620245749134241 ], [ -3.546496568060204, 58.623772256418995 ], [ -3.545790716999932, 58.623795210000083 ], [ -3.538416791931934, 58.623073221604052 ], [ -3.536031607765299, 58.622640749414778 ], [ -3.536565818566749, 58.621270353875289 ], [ -3.544650800891319, 58.613080864487031 ], [ -3.549327750999964, 58.611730112000032 ], [ -3.547939195999959, 58.610141437000038 ], [ -3.550801530999934, 58.607154499000046 ], [ -3.547214998741971, 58.605120128440952 ], [ -3.547494173117229, 58.604187727182023 ], [ -3.543715173196978, 58.603134940092261 ], [ -3.541667718999975, 58.601973573000066 ], [ -3.524213458999952, 58.597341743000072 ], [ -3.523240521177536, 58.59743093115646 ], [ -3.522196054204187, 58.59713995434555 ], [ -3.521148802615315, 58.597622676731511 ], [ -3.511840649999954, 58.598475945000075 ], [ -3.490499667999927, 58.607907331000035 ], [ -3.48662749999994, 58.609203499000046 ], [ -3.482808499999976, 58.609924499000044 ], [ -3.479256499999963, 58.609311499000057 ], [ -3.460682585999962, 58.611688393000065 ], [ -3.449402984999949, 58.609442078000029 ], [ -3.448109762182392, 58.609545940400849 ], [ -3.44805657874781, 58.609532475443586 ], [ -3.43641036125871, 58.610031383125033 ], [ -3.434108785999967, 58.609092495000027 ], [ -3.431853774999979, 58.603580735000037 ], [ -3.411916699999949, 58.601640072000066 ], [ -3.408359884999925, 58.601736926000058 ], [ -3.397768945999928, 58.602025324000067 ], [ -3.381682451230439, 58.597170269991892 ], [ -3.376814245880269, 58.59481894983486 ], [ -3.365238547520562, 58.595461845487819 ], [ -3.354272842217483, 58.601688027380703 ], [ -3.345664143984663, 58.611035943154604 ], [ -3.349346795948004, 58.617709477244247 ], [ -3.349380344999929, 58.61802769600007 ], [ -3.349543728461229, 58.618066349371574 ], [ -3.349630475265826, 58.618223547978289 ], [ -3.350436039981739, 58.618277453044051 ], [ -3.369152444999941, 58.622705393000047 ], [ -3.371678593999945, 58.624595709000062 ], [ -3.376421529999959, 58.628144570000075 ], [ -3.395757065681924, 58.633229261941409 ], [ -3.397638247966143, 58.633914529240336 ], [ -3.408359884999925, 58.638804267000069 ], [ -3.411426019999965, 58.640202481000074 ], [ -3.408359884999925, 58.653889714000059 ], [ -3.407500091999964, 58.657726870000033 ], [ -3.402278680226261, 58.662889748860017 ], [ -3.392360797997795, 58.666461645370333 ], [ -3.379455637999968, 58.670656055000052 ], [ -3.366607776999956, 58.670275618000062 ], [ -3.356700496999963, 58.665221495000083 ], [ -3.342867069999954, 58.647237080000082 ], [ -3.324952675199775, 58.647965222426237 ], [ -3.321686579809034, 58.648028760646767 ], [ -3.311653143999933, 58.646194944000058 ], [ -3.309066622999978, 58.643648725000048 ], [ -3.303112211999974, 58.645555861000048 ], [ -3.297478864393621, 58.645881507280279 ], [ -3.295764923012314, 58.64564716778284 ], [ -3.294708697077808, 58.646041642025203 ], [ -3.292652073999932, 58.646160529000042 ], [ -3.275128804999952, 58.652761999000063 ], [ -3.248996973721636, 58.654011814353709 ], [ -3.243240120458751, 58.652358948321492 ], [ -3.237023420999947, 58.650334807000036 ], [ -3.228314309999973, 58.650514840000028 ], [ -3.227233859781655, 58.65101195771873 ], [ -3.225079059150914, 58.651036262513628 ], [ -3.223069674603343, 58.652927909236915 ], [ -3.220176718999937, 58.654258965000054 ], [ -3.218334613999957, 58.655106466000063 ], [ -3.197717730999955, 58.65602466100006 ], [ -3.189616885999953, 58.659262339000065 ], [ -3.183856040999956, 58.656953234000071 ], [ -3.17914161899995, 58.652136601000052 ], [ -3.173066667999933, 58.650910048000071 ], [ -3.168075378999959, 58.642720545000032 ], [ -3.165916752566023, 58.641647618346653 ], [ -3.16487276576521, 58.640022516326042 ], [ -3.160802626243241, 58.639105685961226 ], [ -3.159052264999957, 58.638235684000051 ], [ -3.140700458999959, 58.63911762500004 ], [ -3.135213977912574, 58.640595761108038 ], [ -3.115255713379952, 58.642608404454393 ], [ -3.114496660296269, 58.642842303035025 ], [ -3.113290254999924, 58.642881678000037 ], [ -3.099145266521294, 58.64628615437627 ], [ -3.080051677169007, 58.645417258820615 ], [ -3.066411665999965, 58.644494159000033 ], [ -3.059352775999969, 58.645828634000054 ], [ -3.051600836999967, 58.647294069000054 ], [ -3.041026939999938, 58.645014631000038 ], [ -3.035012791084605, 58.645455875200902 ], [ -3.027978339231903, 58.644378522987374 ], [ -3.025825038999926, 58.643699348000041 ], [ -3.025587897473908, 58.641686465677417 ], [ -3.038000941389953, 58.630395173998238 ], [ -3.037196608779338, 58.624061701522024 ], [ -3.037347509999961, 58.617646305000051 ], [ -3.03969879999994, 58.61450261400006 ], [ -3.035985820807831, 58.609551539426405 ], [ -3.036823617423674, 58.60851587791641 ], [ -3.04070528699998, 58.604830671000059 ], [ -3.042862994202186, 58.601050163737561 ], [ -3.046181213169806, 58.59694827122388 ], [ -3.059352775999969, 58.594655272000068 ], [ -3.068299884783265, 58.593097593263757 ], [ -3.071606278806371, 58.592595457914285 ], [ -3.071542074232405, 58.592533132756301 ], [ -3.071806514999935, 58.592487094000035 ], [ -3.069006221999928, 58.586251109000045 ], [ -3.060680714999933, 58.58105309900003 ], [ -3.066828800999929, 58.571244609000075 ], [ -3.067483110999945, 58.564219563000051 ], [ -3.08123878899994, 58.556256624000071 ], [ -3.082844609046074, 58.552934060633106 ], [ -3.086871855550195, 58.548496249023948 ], [ -3.090302830999974, 58.54585929600006 ], [ -3.106147986999929, 58.538291853000032 ], [ -3.108694331861317, 58.536268736813838 ], [ -3.120054242124556, 58.531138223407687 ], [ -3.120848032999959, 58.530974942000057 ], [ -3.121138430183835, 58.53064856801042 ], [ -3.121447205723484, 58.530509114704103 ], [ -3.12303145820255, 58.52852101601863 ], [ -3.125399399999935, 58.525859714000035 ], [ -3.130827069999953, 58.519758643000046 ], [ -3.133141396999974, 58.503566555000077 ], [ -3.127110259999938, 58.487005657000054 ], [ -3.126571588758869, 58.486396731020946 ], [ -3.126172065688024, 58.485311508019947 ], [ -3.121132731689841, 58.479761719727719 ], [ -3.118530678209566, 58.478750384619886 ], [ -3.116520499999979, 58.477729999000076 ], [ -3.111275186186102, 58.475930406528143 ], [ -3.10646605536374, 58.474061250926354 ], [ -3.105399951577242, 58.474112016314656 ], [ -3.103245499999957, 58.473827499000038 ], [ -3.081510699999967, 58.475121667000053 ], [ -3.057657745203284, 58.479396088051068 ], [ -3.053046531836332, 58.478605368420297 ], [ -3.049240848999943, 58.47765639000005 ], [ -3.049104440749396, 58.476899800969342 ], [ -3.052522169111979, 58.466536581254353 ], [ -3.056630351999956, 58.460653751000052 ], [ -3.05059119799995, 58.451921068000047 ], [ -3.054829692999931, 58.447421457000075 ], [ -3.059352775999969, 58.446459435000065 ], [ -3.06178608099998, 58.445941881000067 ], [ -3.060305695999944, 58.442836610000029 ], [ -3.077733252889244, 58.4418683879329 ], [ -3.085780143738248, 58.44197785869153 ], [ -3.08089194234947, 58.439239592351839 ], [ -3.08068368499994, 58.437943860000075 ], [ -3.072144833185556, 58.434339648039369 ], [ -3.070911181911265, 58.433648582862091 ], [ -3.070059080747779, 58.431985440941872 ], [ -3.069425187787215, 58.429501418628533 ], [ -3.084965324999928, 58.418916224000043 ], [ -3.084558693788277, 58.417383654973655 ], [ -3.085297932016019, 58.414385521898559 ], [ -3.089644958999941, 58.411127546000046 ], [ -3.088945267999975, 58.406024521000063 ], [ -3.092878, 58.401357999000027 ], [ -3.099777822999954, 58.395542983000041 ], [ -3.09986929799993, 58.388782398000046 ], [ -3.104055650534179, 58.382064652574037 ], [ -3.106262445255084, 58.379870414688185 ], [ -3.106311870037273, 58.378444148060147 ], [ -3.110901680999973, 58.371078982000029 ], [ -3.128328893999935, 58.359746295000036 ], [ -3.139511633948493, 58.355988398814652 ], [ -3.141982555550101, 58.355328440355379 ], [ -3.142452798875712, 58.355000037061508 ], [ -3.145340935999968, 58.354029495000077 ], [ -3.179353606999939, 58.33374094900006 ], [ -3.183904533157051, 58.330373799574986 ], [ -3.184839844782516, 58.32992160329951 ], [ -3.185527932979271, 58.329172674883139 ], [ -3.208965174421299, 58.311831876258324 ], [ -3.213114124556957, 58.309370153838067 ], [ -3.221933493999927, 58.305677070000058 ], [ -3.246411844999955, 58.299782468000046 ], [ -3.275128804999952, 58.298068570000055 ], [ -3.287380563999932, 58.295351526000047 ], [ -3.288768715997252, 58.294657354333502 ], [ -3.290899873130343, 58.294284462658027 ], [ -3.292311143056689, 58.292885896668764 ], [ -3.298517076999929, 58.289782502000037 ], [ -3.325331523999978, 58.285442261000071 ], [ -3.332152518999976, 58.28163457200003 ], [ -3.342867069999954, 58.279780333000076 ], [ -3.362779097999976, 58.276334139000028 ], [ -3.369789316618176, 58.273717148666456 ], [ -3.372991561511014, 58.273099303190236 ], [ -3.377071221784269, 58.270998734809844 ], [ -3.382970704999934, 58.268796394000049 ], [ -3.39592022599993, 58.261384403000079 ], [ -3.408359884999925, 58.251446474000034 ], [ -3.414634551999939, 58.246432644000038 ], [ -3.426049822674816, 58.244295816496042 ], [ -3.428289532335612, 58.244194268850663 ], [ -3.430921665479845, 58.239684786105137 ], [ -3.439375036999934, 58.228927312000053 ], [ -3.443564687642173, 58.226025121274084 ], [ -3.456543564533604, 58.217999458408485 ], [ -3.461794859915492, 58.213396995107423 ], [ -3.468709449999949, 58.208607226000026 ], [ -3.476429717999963, 58.19607693200004 ], [ -3.48310315277101, 58.192135464095493 ], [ -3.48544573812984, 58.191266655531933 ], [ -3.486461645596871, 58.190151869120051 ], [ -3.489918971999941, 58.188109901000075 ], [ -3.503006703999972, 58.175907110000082 ], [ -3.508792606999975, 58.172013802000038 ], [ -3.548347972999977, 58.158422712000061 ], [ -3.581748751999953, 58.140623914000059 ], [ -3.599003296999967, 58.134526168000036 ], [ -3.612277038999935, 58.132016127000043 ], [ -3.625722, 58.123278499000037 ], [ -3.639905597999928, 58.116226864000055 ], [ -3.654318051144549, 58.113083759935698 ], [ -3.659128308324455, 58.112605810609978 ], [ -3.664548193179538, 58.108347309168558 ], [ -3.675590763999935, 58.100867328000049 ], [ -3.70501285399996, 58.086925751000081 ], [ -3.733103892999964, 58.07789474100008 ], [ -3.734121605039967, 58.077193312452025 ], [ -3.736501335767628, 58.076593160745972 ], [ -3.738263365097629, 58.074338724288125 ], [ -3.745730905999949, 58.069191938000074 ], [ -3.757577106999975, 58.067261036000048 ], [ -3.759504038327568, 58.066430616726258 ], [ -3.760000467047462, 58.066375255214155 ], [ -3.760198940546043, 58.066131145651525 ], [ -3.76501590099997, 58.064055256000074 ], [ -3.78091735299995, 58.064297585000077 ], [ -3.802914047999934, 58.057347939000067 ], [ -3.815942279999945, 58.046049752000044 ], [ -3.825291044244459, 58.042071243576764 ], [ -3.830955148161195, 58.040548443755995 ], [ -3.831518005427066, 58.039421265796975 ], [ -3.832450256999948, 58.039024532000042 ], [ -3.838201425999955, 58.029051009000057 ], [ -3.839459987494613, 58.023516652531235 ], [ -3.84145474474019, 58.01952195167695 ], [ -3.840698737282951, 58.018069415401037 ], [ -3.841704320999952, 58.013647495000043 ], [ -3.848514316999967, 58.007111899000051 ], [ -3.863517656408225, 58.003250190823152 ], [ -3.870592951703031, 58.00195312533657 ], [ -3.872264556769456, 58.000998826928203 ], [ -3.872618027999977, 58.000907847000065 ], [ -3.874702747366131, 57.999606894436234 ], [ -3.885416865495586, 57.993490338508423 ], [ -3.886286173299274, 57.992378349476958 ], [ -3.892560912999954, 57.988462648000052 ], [ -3.917834859999971, 57.984146051000039 ], [ -3.934454894999931, 57.982914854000057 ], [ -3.952550488999975, 57.976841891000049 ], [ -3.964339007936972, 57.974957749860103 ], [ -3.969615339875645, 57.974520444863003 ], [ -3.971111817578696, 57.973875261945615 ], [ -3.972533290999934, 57.973648070000081 ], [ -3.981302785999958, 57.969907130000081 ], [ -3.981828880269564, 57.969254768263283 ], [ -3.98575556256867, 57.967561840706651 ], [ -3.988652633362842, 57.960793251617737 ], [ -3.991150049999931, 57.957696432000034 ], [ -3.998372248685842, 57.943707573170805 ], [ -4.004134987615539, 57.936379043038187 ], [ -4.006033206999973, 57.935110362000046 ], [ -4.025256698758797, 57.935615035806066 ], [ -4.023402020463944, 57.937430807674538 ], [ -4.014265371999954, 57.945977146000075 ], [ -4.014444846609565, 57.946200082837194 ], [ -4.012093662891971, 57.948501944709335 ], [ -4.017002008819549, 57.94937649679531 ], [ -4.017071622999936, 57.949462969000081 ], [ -4.017521685622453, 57.949469091009064 ], [ -4.018843055062462, 57.94970452804165 ], [ -4.019891798833242, 57.949501330643372 ], [ -4.023920033999957, 57.949556125000072 ], [ -4.045076990999974, 57.945707176000042 ], [ -4.056949073999931, 57.953889318000051 ], [ -4.068348386999958, 57.955115787000068 ], [ -4.06978658823228, 57.954570129869239 ], [ -4.077292441892268, 57.956372618801367 ], [ -4.081320166292244, 57.949182748585201 ], [ -4.068542719170864, 57.936972021841541 ], [ -4.04911212941166, 57.933087295661977 ], [ -4.032490340999971, 57.928827907000027 ], [ -4.017303053999967, 57.931111710000039 ], [ -4.01157301022772, 57.930845487471998 ], [ -4.003868506712974, 57.92711047896244 ], [ -4.00214101499995, 57.925926267000079 ], [ -4.000973058494663, 57.922867549257447 ], [ -4.000212430658678, 57.917072177039643 ], [ -3.996326539513256, 57.910698953949691 ], [ -3.994434636999927, 57.905744321000043 ], [ -4.009823226101975, 57.891465863929888 ], [ -4.013049126015972, 57.890281319327642 ], [ -4.012247324382232, 57.887841927649291 ], [ -4.015201998999942, 57.876305587000047 ], [ -4.014952706592591, 57.87560927370513 ], [ -4.015107870231702, 57.875392436711934 ], [ -4.011925666959451, 57.864514659403241 ], [ -4.013272541078701, 57.86131594065003 ], [ -4.034186601629983, 57.866580128370572 ], [ -4.036146512980235, 57.866600991317199 ], [ -4.038442137999937, 57.867147573000068 ], [ -4.070673069999941, 57.867171529000075 ], [ -4.081077093387949, 57.864690879451274 ], [ -4.08953893197571, 57.863259434775443 ], [ -4.09209039708792, 57.862064958128798 ], [ -4.094608656999981, 57.861464525000031 ], [ -4.098970416338028, 57.858844054858984 ], [ -4.114034533666313, 57.851791739597104 ], [ -4.118467450312266, 57.854802250723708 ], [ -4.121587978962024, 57.854949977935178 ], [ -4.122281475999955, 57.855248584000037 ], [ -4.140889253386852, 57.856661296154563 ], [ -4.141509471205778, 57.85683227580553 ], [ -4.134676411999976, 57.86309422100004 ], [ -4.136334803999944, 57.868301822000035 ], [ -4.149213241999973, 57.861394949000044 ], [ -4.16079976275768, 57.860132197980853 ], [ -4.164852194197626, 57.860474841562201 ], [ -4.17131421199997, 57.861485686000037 ], [ -4.174081637468417, 57.86396445341925 ], [ -4.173597454758351, 57.866440773023385 ], [ -4.177123350860152, 57.866688898987874 ], [ -4.177973775999931, 57.867450620000056 ], [ -4.190768491999961, 57.868266555000048 ], [ -4.214632835999964, 57.873324058000037 ], [ -4.229400662999979, 57.874170113000048 ], [ -4.232213310093526, 57.873681111072202 ], [ -4.232772349863581, 57.873716235316294 ], [ -4.232973770262922, 57.873548898790844 ], [ -4.251008, 57.870413499000051 ], [ -4.261243117199133, 57.869668999603803 ], [ -4.272031426408716, 57.869162559504787 ], [ -4.272237441770814, 57.86550346515925 ], [ -4.273993522999945, 57.862321309000038 ], [ -4.290071048999948, 57.86304595200005 ], [ -4.306238311999948, 57.873513819000038 ], [ -4.328464488999941, 57.879640488000064 ], [ -4.341215151999961, 57.886331228000074 ], [ -4.348665713232916, 57.894540725923584 ], [ -4.348959326311387, 57.895242571487472 ], [ -4.350365780023862, 57.896413966657228 ], [ -4.353127403999963, 57.899456898000039 ], [ -4.360590117735674, 57.904929525828017 ], [ -4.362809777049222, 57.906778216741429 ], [ -4.363320011196563, 57.906931437123362 ], [ -4.36396853399998, 57.907407018000072 ], [ -4.36736491276508, 57.908146097816775 ], [ -4.376988529796449, 57.911036014700642 ], [ -4.379457471213317, 57.91077753750578 ], [ -4.396080248999965, 57.914394790000074 ], [ -4.394547220999925, 57.909381429000064 ], [ -4.394283575781476, 57.909225370292191 ], [ -4.394658446229869, 57.90918612454044 ], [ -4.379530548995319, 57.90021145349607 ], [ -4.363243955457011, 57.901263356149315 ], [ -4.357214852999959, 57.899229305000063 ], [ -4.349990831999946, 57.890045512000029 ], [ -4.358306238999944, 57.885156108000047 ], [ -4.358933872752059, 57.882250549724006 ], [ -4.360101223192601, 57.881576657137316 ], [ -4.359224408899107, 57.880905546043593 ], [ -4.359269893999965, 57.880694978000065 ], [ -4.35711853681322, 57.879293717713132 ], [ -4.34863674668793, 57.872801780378211 ], [ -4.336848665111243, 57.868809227947438 ], [ -4.324975499999937, 57.864292999000043 ], [ -4.320848, 57.863193499000033 ], [ -4.320061371652147, 57.863123472477383 ], [ -4.317333459671033, 57.862199545073224 ], [ -4.312678783855069, 57.862466266373602 ], [ -4.304612972999962, 57.861748239000065 ], [ -4.30278729790558, 57.859639214419332 ], [ -4.299564719435807, 57.852997064962835 ], [ -4.29737806633748, 57.853390456151708 ], [ -4.297231078999971, 57.853220656000076 ], [ -4.282864887999949, 57.855794226000057 ], [ -4.272739557392133, 57.852512031946596 ], [ -4.270317435500999, 57.851106643257083 ], [ -4.264542491313533, 57.853079682690201 ], [ -4.247103813235167, 57.857195589995008 ], [ -4.225872278082761, 57.85867524136944 ], [ -4.221417482309772, 57.859618922259649 ], [ -4.194975781999972, 57.861946575000047 ], [ -4.188832597999976, 57.853978110000071 ], [ -4.181123579888691, 57.854199338473094 ], [ -4.171779548593819, 57.847036624922197 ], [ -4.168573951999974, 57.843062847000056 ], [ -4.166538505654576, 57.840539158756826 ], [ -4.1647398475655, 57.834658623097198 ], [ -4.140687942593956, 57.828433513196387 ], [ -4.134556984579275, 57.828732404097842 ], [ -4.131210536999959, 57.828601018000029 ], [ -4.12839395061679, 57.829032858736802 ], [ -4.119922757528684, 57.829445838654863 ], [ -4.110850333775545, 57.834514022004839 ], [ -4.087363771487456, 57.830695794987925 ], [ -4.078136638999979, 57.82792670300006 ], [ -4.059842355999933, 57.819734036000057 ], [ -4.057887696862989, 57.819349994820101 ], [ -4.048470854745744, 57.814765453063444 ], [ -4.025396109042674, 57.821187853536742 ], [ -4.0131393739781, 57.826977854832613 ], [ -3.990750526999932, 57.835897812000042 ], [ -3.956812655999954, 57.844075320000059 ], [ -3.934454894999931, 57.837484420000067 ], [ -3.931837827999971, 57.836712849000037 ], [ -3.917819454999972, 57.835554178000052 ], [ -3.916915721960402, 57.835234877524485 ], [ -3.915070096426545, 57.831583486547316 ], [ -3.922539376999964, 57.824635124000054 ], [ -3.934454894999931, 57.819992583000044 ], [ -3.935970613999928, 57.819056206000027 ], [ -3.934454894999931, 57.817801024000062 ], [ -3.924666383999977, 57.818108125000037 ], [ -3.905678519808554, 57.822073990238039 ], [ -3.897179246025075, 57.820663809587359 ], [ -3.870102047770843, 57.822405576956101 ], [ -3.856931209307334, 57.825201153710339 ], [ -3.852384015723949, 57.828363567106322 ], [ -3.842895033128887, 57.832018627422705 ], [ -3.828764557937802, 57.835430026474626 ], [ -3.829477980547529, 57.838106303603574 ], [ -3.80677815599995, 57.861436518000062 ], [ -3.793074938999951, 57.865070253000056 ], [ -3.776149988999975, 57.863809113000059 ], [ -3.780291936999959, 57.852456477000032 ], [ -3.795382996999933, 57.835824854000066 ], [ -3.869816034999928, 57.778296883000053 ], [ -3.882715954669013, 57.770879178006744 ], [ -3.885378837662699, 57.770621180923115 ], [ -3.889076619634868, 57.76722167179831 ], [ -3.912544674999936, 57.753727083000058 ], [ -3.913786182641338, 57.752208535568592 ], [ -3.918166637379841, 57.75012814959473 ], [ -3.91713316175138, 57.748114685187637 ], [ -3.934454894999931, 57.726927644000057 ], [ -3.977908513999978, 57.695566794000058 ], [ -3.989097052999966, 57.692916172000082 ], [ -4.003969339731556, 57.693233486147733 ], [ -4.007922411190066, 57.694085359352073 ], [ -4.011510638478219, 57.693394386809963 ], [ -4.017693736999945, 57.693526309000049 ], [ -4.032233325999925, 57.697643885000048 ], [ -4.031726935999927, 57.70552593900004 ], [ -4.030533412129245, 57.707711955561358 ], [ -4.026576757011355, 57.712612747880314 ], [ -4.026222394001478, 57.715607865525897 ], [ -4.026200322999955, 57.715648290000047 ], [ -4.016534299866754, 57.724779008610099 ], [ -4.012900471679131, 57.72666215923158 ], [ -4.01201147455946, 57.729051359776051 ], [ -4.011885664999966, 57.729170202000034 ], [ -4.011937388156494, 57.729250468716216 ], [ -4.010659933109082, 57.732683659023905 ], [ -4.015127229447209, 57.734200632293465 ], [ -4.017209734999938, 57.737432374000036 ], [ -4.02347797139615, 57.737036318883014 ], [ -4.023944258820052, 57.737194657507644 ], [ -4.038752436275502, 57.736111402519498 ], [ -4.040822349293999, 57.734886368787343 ], [ -4.054814591406836, 57.730940312758896 ], [ -4.07175362083251, 57.731781720849938 ], [ -4.084296464509862, 57.728263616173251 ], [ -4.107375860607078, 57.718212962058772 ], [ -4.116346556267396, 57.713011955174792 ], [ -4.132874, 57.703925499000036 ], [ -4.145652423999934, 57.696706769000059 ], [ -4.159022773999936, 57.689152110000066 ], [ -4.164455177986664, 57.687166255435471 ], [ -4.171330528167308, 57.685628057263216 ], [ -4.175479024999959, 57.685860374000072 ], [ -4.177930918090693, 57.68691902041919 ], [ -4.18025994274177, 57.688727378465899 ], [ -4.183066862812037, 57.68913655164377 ], [ -4.186887331999969, 57.69078610400004 ], [ -4.203149757999938, 57.692673715000069 ], [ -4.229853163999962, 57.690466924000077 ], [ -4.240160266999965, 57.68738985400006 ], [ -4.243028674999948, 57.684199785000033 ], [ -4.25596158299993, 57.678721143000075 ], [ -4.260490766828522, 57.678889901216678 ], [ -4.268482385759947, 57.680328552920372 ], [ -4.278300447999925, 57.683206730000052 ], [ -4.290185418999954, 57.680730250000067 ], [ -4.300855056999978, 57.674649618000046 ], [ -4.301253580165585, 57.67360651996254 ], [ -4.30214345435661, 57.673110008120659 ], [ -4.301892277999441, 57.671934786636733 ], [ -4.302141429999949, 57.671282654000038 ], [ -4.301490825702092, 57.670056443587512 ], [ -4.300123783756796, 57.663660232249597 ], [ -4.304301375018316, 57.657402034227943 ], [ -4.304642631818813, 57.657285720185179 ], [ -4.316140448999931, 57.654829264000057 ], [ -4.324794508999958, 57.655399388000035 ], [ -4.334732456999973, 57.651686797000082 ], [ -4.338285172008312, 57.648618551912122 ], [ -4.339004278224536, 57.648322701431709 ], [ -4.340052695397303, 57.647092058809413 ], [ -4.348393673999965, 57.63988850700008 ], [ -4.359583797006861, 57.634363031979404 ], [ -4.360734820754885, 57.633879304286722 ], [ -4.360823685859875, 57.633750797879607 ], [ -4.363998002999949, 57.632183379000082 ], [ -4.366754356999934, 57.627663493000057 ], [ -4.373777001934874, 57.62572624856454 ], [ -4.373996019500225, 57.62569713561453 ], [ -4.374140824418633, 57.625625885654451 ], [ -4.37903095799993, 57.624276909000059 ], [ -4.412708, 57.607848999000055 ], [ -4.414528062612995, 57.605753707687619 ], [ -4.41550743551943, 57.605271816041579 ], [ -4.415745578074725, 57.604352080319693 ], [ -4.418804487999978, 57.600830604000066 ], [ -4.417012554364396, 57.599458862679747 ], [ -4.417039513362511, 57.599354743726451 ], [ -4.41633694556508, 57.598941678065323 ], [ -4.415570461999948, 57.598354928000049 ], [ -4.408183851999979, 57.592699779000043 ], [ -4.422358025999927, 57.584509977000039 ], [ -4.428933, 57.574283499000046 ], [ -4.41458690199994, 57.578066600000056 ], [ -4.409944885343654, 57.580989805539986 ], [ -4.409422636045292, 57.580753445315565 ], [ -4.40700205324831, 57.582842987835775 ], [ -4.400288194999973, 57.587070889000074 ], [ -4.384021941999947, 57.592421107000064 ], [ -4.372631155999954, 57.598354928000049 ], [ -4.370295607999935, 57.599571469000068 ], [ -4.368064717626848, 57.601090796851167 ], [ -4.366973877342161, 57.601645946503311 ], [ -4.366142026241016, 57.602400228550188 ], [ -4.342122689435771, 57.618758382143646 ], [ -4.335142851061278, 57.622945427789375 ], [ -4.33293589196643, 57.625014968045832 ], [ -4.324225935724139, 57.630946805513247 ], [ -4.312681980506246, 57.635890622380508 ], [ -4.286617169999943, 57.646492529000056 ], [ -4.275965594978599, 57.65161478993403 ], [ -4.27405774556803, 57.652431845953231 ], [ -4.268651535696125, 57.655132065084075 ], [ -4.246987075999925, 57.66555033800006 ], [ -4.231970055289754, 57.669840307551155 ], [ -4.223686152776424, 57.67168542375839 ], [ -4.214509702999976, 57.673497414000053 ], [ -4.212652653251437, 57.67338980899963 ], [ -4.207454323557727, 57.672236442658061 ], [ -4.19250130165971, 57.673609353248452 ], [ -4.168870973870918, 57.675252386356426 ], [ -4.164840345994849, 57.664567872466137 ], [ -4.165155191999929, 57.661069611000073 ], [ -4.163269530364339, 57.660403905476549 ], [ -4.162252544918715, 57.657708048787697 ], [ -4.156496879656925, 57.658012919257331 ], [ -4.156082574999971, 57.657866655000078 ], [ -4.130850921999979, 57.659356883000044 ], [ -4.130656673303871, 57.659381643025633 ], [ -4.12099981349013, 57.659893154945223 ], [ -4.111390625760049, 57.661837401235346 ], [ -4.087885680999932, 57.664833473000044 ], [ -4.087746195647703, 57.664882425853285 ], [ -4.08605122528337, 57.664931655272028 ], [ -4.060197556512601, 57.674387425615819 ], [ -4.051596910035488, 57.676326107646119 ], [ -4.044200778342997, 57.67692673178351 ], [ -4.040417578654221, 57.679954226581046 ], [ -4.035649246999981, 57.682118115000037 ], [ -4.026589869107958, 57.680560413223205 ], [ -4.023286342690255, 57.679159641404624 ], [ -4.016442708179675, 57.679472603546593 ], [ -4.002228816999946, 57.679250160000038 ], [ -3.99715839299995, 57.676758282000037 ], [ -4.010371418999966, 57.664175723000028 ], [ -4.019590811887664, 57.659705840041511 ], [ -4.02476012737759, 57.65806782257215 ], [ -4.038450810469935, 57.650561855476859 ], [ -4.043943784999954, 57.647898670000075 ], [ -4.055400930268478, 57.638668869084427 ], [ -4.07725906355455, 57.622447609869539 ], [ -4.081718979946022, 57.619479888629094 ], [ -4.10089447699994, 57.607495736000033 ], [ -4.101954351769314, 57.605926472259227 ], [ -4.112318754006992, 57.593561172610293 ], [ -4.111842833031707, 57.591283855644789 ], [ -4.112058457999979, 57.59096452600005 ], [ -4.111681194302931, 57.590510402406878 ], [ -4.110978722789412, 57.587149024408006 ], [ -4.103717134256819, 57.580923825185927 ], [ -4.099742263999929, 57.576139155000078 ], [ -4.117580585970947, 57.577552184793113 ], [ -4.131955146912105, 57.578895807495826 ], [ -4.134162093999461, 57.5781219546937 ], [ -4.14175118199995, 57.577018568000028 ], [ -4.172134427999936, 57.565128653000045 ], [ -4.172999978098042, 57.562841210303297 ], [ -4.176620245227582, 57.559395312943536 ], [ -4.175358351947385, 57.556608590089077 ], [ -4.17662813499993, 57.553252856000029 ], [ -4.185830641237845, 57.547299756222749 ], [ -4.218253772745821, 57.549659202678107 ], [ -4.237192940999932, 57.551564989000042 ], [ -4.239150786005464, 57.551179888113779 ], [ -4.241339325848912, 57.551339149182525 ], [ -4.240343054154027, 57.550945373369572 ], [ -4.249192428999947, 57.549204734000057 ], [ -4.244317035999927, 57.545894059000034 ], [ -4.230226731999949, 57.546286985000052 ], [ -4.224752856347979, 57.544783356676007 ], [ -4.218750000012108, 57.542410731170492 ], [ -4.216583626360407, 57.542539336830487 ], [ -4.215113305999978, 57.542135452000082 ], [ -4.20233825899993, 57.54295447100003 ], [ -4.196490402060552, 57.538907424448773 ], [ -4.195165022859596, 57.537097310550948 ], [ -4.209128008622748, 57.521175605504759 ], [ -4.212764763892658, 57.518777681054544 ], [ -4.220610707999981, 57.515353983000068 ], [ -4.227130014650083, 57.509305835008227 ], [ -4.230303525586805, 57.507213354512999 ], [ -4.231705729244871, 57.505060813179519 ], [ -4.23535104399997, 57.501678950000041 ], [ -4.241396732999931, 57.501183463000075 ], [ -4.27041535799998, 57.504994708000027 ], [ -4.309629082999948, 57.50291407800006 ], [ -4.317310484820284, 57.503630760932964 ], [ -4.322409153259287, 57.504737138708322 ], [ -4.329292817830069, 57.504748725305262 ], [ -4.343330489999971, 57.506058455000073 ], [ -4.353080374762727, 57.508852416334811 ], [ -4.356366038361614, 57.510496258595424 ], [ -4.360198928974786, 57.510892334314526 ], [ -4.364706287999979, 57.512183979000042 ], [ -4.381974029999981, 57.511700259000065 ], [ -4.400025, 57.507976499000051 ], [ -4.409085054999935, 57.505046421000031 ], [ -4.415550776999964, 57.504148097000041 ], [ -4.424861337999971, 57.495424520000029 ], [ -4.432052499999941, 57.494353999000055 ], [ -4.438443399999926, 57.485652564000077 ], [ -4.453879767999979, 57.484862234000047 ], [ -4.456028109999977, 57.483046037000065 ], [ -4.453836639999963, 57.480754363000074 ], [ -4.45115896599998, 57.480384745000038 ], [ -4.449810391999961, 57.482803233000027 ], [ -4.436864275999937, 57.48330044800008 ], [ -4.431517689999964, 57.489761481000073 ], [ -4.412454219999972, 57.497024664000037 ], [ -4.400075532999949, 57.493545570000038 ], [ -4.384890331999941, 57.481763005000062 ], [ -4.378323120999937, 57.479792631000066 ], [ -4.376354788502578, 57.479984066370406 ], [ -4.374853849525152, 57.479406476028373 ], [ -4.369354109128913, 57.480664935913701 ], [ -4.331679380999958, 57.484329091000063 ], [ -4.31997971598823, 57.481962396820045 ], [ -4.316377401195666, 57.480468749832937 ], [ -4.306991249838534, 57.483100350329927 ], [ -4.306303201999981, 57.483237856000073 ], [ -4.287509499999942, 57.481492499000069 ], [ -4.285887897068928, 57.481973657353208 ], [ -4.284416555978964, 57.481843948140011 ], [ -4.280592602277938, 57.483544865244056 ], [ -4.26963552951426, 57.486796023086328 ], [ -4.24073956913626, 57.492392659367034 ], [ -4.234049739999932, 57.487642598000036 ], [ -4.233133874999965, 57.484320333000028 ], [ -4.229853163999962, 57.484176201000082 ], [ -4.234285058999944, 57.491686965000042 ], [ -4.220010628999944, 57.49590038100007 ], [ -4.215276201084498, 57.495312530546748 ], [ -4.198817014293468, 57.488967657032106 ], [ -4.194234589803157, 57.487923745708905 ], [ -4.191771, 57.483840999000051 ], [ -4.182116420616763, 57.485163134146866 ], [ -4.181140303481811, 57.484940767202886 ], [ -4.16491246253986, 57.490319967592711 ], [ -4.148182869143568, 57.502095341526967 ], [ -4.148665219462815, 57.504519337595475 ], [ -4.148610013999928, 57.504599362000079 ], [ -4.147821733285827, 57.514483803971224 ], [ -4.127520138043689, 57.515327275964069 ], [ -4.127221601999963, 57.51531178700003 ], [ -4.126889948405978, 57.515353458503085 ], [ -4.115447759805988, 57.515828848023261 ], [ -4.116027904691086, 57.516718249043855 ], [ -4.113531097999953, 57.517031967000037 ], [ -4.11186139199998, 57.518806010000048 ], [ -4.115460018999954, 57.521666573000061 ], [ -4.100336965999929, 57.535819693000064 ], [ -4.067509294398969, 57.547710153779192 ], [ -4.064522623719711, 57.548563361110439 ], [ -4.057420674010468, 57.551364337557537 ], [ -4.05473838599994, 57.552335885000048 ], [ -4.054350634850012, 57.552575146945401 ], [ -4.048425554994992, 57.554911971310617 ], [ -4.040684103588035, 57.560807824121923 ], [ -4.038898348579608, 57.568755745481383 ], [ -4.041583098236259, 57.57062168343127 ], [ -4.045129978999967, 57.574800469000081 ], [ -4.054428917968266, 57.579549704886063 ], [ -4.056312680385645, 57.580858945684156 ], [ -4.056982453817444, 57.580853869171087 ], [ -4.057582356999944, 57.581160257000079 ], [ -4.071131695999952, 57.582456481000065 ], [ -4.071459536999953, 57.584834092000051 ], [ -4.060628519563044, 57.588811555781561 ], [ -4.053589960201021, 57.590843813740399 ], [ -4.049370175973665, 57.591113001781032 ], [ -4.022318244091366, 57.59182632012886 ], [ -4.021917570275262, 57.592864255575073 ], [ -4.019338536999953, 57.593028777000029 ], [ -4.017189814999938, 57.598354928000049 ], [ -4.011387591999949, 57.600229531000082 ], [ -3.999466048999977, 57.598354928000049 ], [ -3.979744, 57.591567999000063 ], [ -3.976043594999965, 57.591823184000077 ], [ -3.977288499999929, 57.593650999000033 ], [ -3.982595175999961, 57.595370550000041 ], [ -3.98346133299998, 57.596447327000078 ], [ -3.98185375199995, 57.596582194000064 ], [ -3.97604, 57.594745499000055 ], [ -3.97352102062209, 57.594323968658131 ], [ -3.954485058538239, 57.588871955476577 ], [ -3.933346510033175, 57.585823178197415 ], [ -3.912706971049431, 57.585206270253309 ], [ -3.898570537699754, 57.588506818135386 ], [ -3.869009852622185, 57.589469552278103 ], [ -3.814599156525446, 57.603185772905306 ], [ -3.807071328278823, 57.6087639330093 ], [ -3.783840536710954, 57.619866847876949 ], [ -3.783287048058355, 57.624750136909654 ], [ -3.766745924684358, 57.628644704989426 ], [ -3.762221480942167, 57.630786395631027 ], [ -3.757577106999975, 57.631697939000048 ], [ -3.752581885999973, 57.630161461000057 ], [ -3.74482796999996, 57.631575438000027 ], [ -3.741902859094372, 57.632616523330547 ], [ -3.741777658211959, 57.632562756166465 ], [ -3.735123230426049, 57.635029482080064 ], [ -3.704463508999936, 57.645941679000032 ], [ -3.702053767340882, 57.647287981858781 ], [ -3.70158815386975, 57.647460579841947 ], [ -3.701539961339924, 57.647575041048441 ], [ -3.698359638999932, 57.649351861000071 ], [ -3.69785462599998, 57.653503410000042 ], [ -3.692223140390596, 57.65821209195331 ], [ -3.684806389177785, 57.659404399660666 ], [ -3.653012513198679, 57.662387756504977 ], [ -3.644583001030804, 57.662856272973585 ], [ -3.635956852671742, 57.662244578449361 ], [ -3.621643472816925, 57.655170683347642 ], [ -3.624218343569332, 57.649220873535789 ], [ -3.626115441573859, 57.646527648332665 ], [ -3.629562632792243, 57.644782341697159 ], [ -3.638166271999978, 57.643815549000067 ], [ -3.635333483384454, 57.641860570552758 ], [ -3.637178659467054, 57.640926361262757 ], [ -3.632709268515154, 57.640049534077093 ], [ -3.632063867999932, 57.639604127000041 ], [ -3.63238737699993, 57.635476555000082 ], [ -3.628616466999972, 57.635088759000041 ], [ -3.622023786999932, 57.637455807000038 ], [ -3.591461199588521, 57.631957284242525 ], [ -3.589464545551834, 57.631565570794635 ], [ -3.581642746914895, 57.63602173311682 ], [ -3.584780454553822, 57.645655632401542 ], [ -3.585378091301218, 57.645849081105382 ], [ -3.592745885999932, 57.650347166000074 ], [ -3.602099092999936, 57.652766065000037 ], [ -3.616446351043513, 57.662854767736377 ], [ -3.616793301753759, 57.663125512725117 ], [ -3.598869947711558, 57.662824896791584 ], [ -3.587903619256281, 57.661901712494284 ], [ -3.551130652857069, 57.661580443183254 ], [ -3.5301865341807, 57.663924217628676 ], [ -3.523131828081725, 57.666279138281659 ], [ -3.514832499999955, 57.668517999000073 ], [ -3.509584338871621, 57.670801404934494 ], [ -3.505682826001305, 57.672103762978509 ], [ -3.495401859108199, 57.679892659019231 ], [ -3.49428914409925, 57.68279804838879 ], [ -3.493122, 57.684566499000027 ], [ -3.490499667999927, 57.690920084000027 ], [ -3.489253750999978, 57.694596030000071 ], [ -3.4893484864518, 57.695698507259294 ], [ -3.486563206026858, 57.702971100935827 ], [ -3.48630325669495, 57.702982234545772 ], [ -3.482510136999963, 57.702541724000071 ], [ -3.458017096999924, 57.704155266000043 ], [ -3.438940849999938, 57.709574908000036 ], [ -3.437536555999941, 57.711451557000032 ], [ -3.428397132999976, 57.711248058000081 ], [ -3.419197019999956, 57.714609375000066 ], [ -3.411524420999967, 57.713548298000035 ], [ -3.408359884999925, 57.71403726300008 ], [ -3.392489980999926, 57.716489286000069 ], [ -3.38432219699996, 57.71948109200008 ], [ -3.345273511999949, 57.724606709000057 ], [ -3.342867069999954, 57.724614691000056 ], [ -3.330426612999929, 57.724655958000028 ], [ -3.318316269883691, 57.722840959707881 ], [ -3.30722737334429, 57.721044063832721 ], [ -3.306901484581526, 57.721130205881188 ], [ -3.304791527999953, 57.720813983000028 ], [ -3.291184241999929, 57.724940293000031 ], [ -3.281846419999965, 57.724804910000046 ], [ -3.278849499999978, 57.723139891000073 ], [ -3.281963, 57.719226999000057 ], [ -3.278992259380199, 57.718226815600282 ], [ -3.279911040861407, 57.716271638725345 ], [ -3.237155670525466, 57.704138230639487 ], [ -3.229519055999958, 57.701566522000064 ], [ -3.222775127013564, 57.700057222767128 ], [ -3.220291852786261, 57.699352502416161 ], [ -3.167425512976649, 57.686599254252485 ], [ -3.133129481289737, 57.679989085398475 ], [ -3.126228863999927, 57.678444226000067 ], [ -3.124033012433241, 57.678235844800092 ], [ -3.115170717554292, 57.676527738564403 ], [ -3.108808409752417, 57.676791065460783 ], [ -3.103945450999959, 57.676329582000051 ], [ -3.075447852731116, 57.671716629309728 ], [ -3.065055250998682, 57.669442653755766 ], [ -3.032329559361415, 57.664371013411653 ], [ -3.030908615681724, 57.66450620061709 ], [ -3.027158461999932, 57.66389905300008 ], [ -3.016842582999971, 57.66429047500003 ], [ -3.007865310647139, 57.666698518339558 ], [ -3.006027817729262, 57.666873335636069 ], [ -3.00510522587619, 57.667438877269085 ], [ -2.998892, 57.669105499000068 ], [ -2.99390881599993, 57.672473653000054 ], [ -2.972452610999937, 57.678528297000071 ], [ -2.966525114169366, 57.678890955917659 ], [ -2.964400052819826, 57.678186654990498 ], [ -2.934914459776667, 57.686650411463859 ], [ -2.93285513099994, 57.687034299000061 ], [ -2.922616053999946, 57.696706769000059 ], [ -2.906649450999964, 57.698737096000059 ], [ -2.903532450783824, 57.699727482794266 ], [ -2.892492056163178, 57.700958966783219 ], [ -2.891065799286852, 57.701353328426777 ], [ -2.885219499999948, 57.701733999000055 ], [ -2.877146768999978, 57.705071329000077 ], [ -2.867028516999937, 57.70361691100004 ], [ -2.865780135738356, 57.704115050808497 ], [ -2.864812850831868, 57.704008936563412 ], [ -2.855237903132732, 57.706409100173772 ], [ -2.852503452992948, 57.706404639694973 ], [ -2.845637205990915, 57.69939558544759 ], [ -2.845404447999954, 57.698349954000037 ], [ -2.844159363802132, 57.697887006442613 ], [ -2.843124627699069, 57.696830749439926 ], [ -2.839440307254985, 57.696132332354559 ], [ -2.834266096999954, 57.69420834500005 ], [ -2.825945723999951, 57.692977720000044 ], [ -2.807052731999931, 57.696654392000028 ], [ -2.801509, 57.695247499000061 ], [ -2.798605781999925, 57.696706769000059 ], [ -2.7966647789087, 57.697682329418548 ], [ -2.788172744121823, 57.697862155948108 ], [ -2.785898498999927, 57.696706769000059 ], [ -2.779019103999929, 57.693211499000029 ], [ -2.770979704472556, 57.693425085518648 ], [ -2.769959330258416, 57.693144440963522 ], [ -2.752039703493917, 57.691205624528152 ], [ -2.748465375999956, 57.689722999000082 ], [ -2.746755933999964, 57.68328874000008 ], [ -2.743577330999926, 57.682705247000058 ], [ -2.741242309999961, 57.682276603000048 ], [ -2.738968475090962, 57.683150736473408 ], [ -2.737941264777135, 57.682393312102192 ], [ -2.718057719129954, 57.691189487073302 ], [ -2.714961830095819, 57.692379643941699 ], [ -2.705749154399541, 57.687139869109899 ], [ -2.705320524979686, 57.687086950006915 ], [ -2.69457502299997, 57.685501262000059 ], [ -2.693779719138792, 57.685662108256544 ], [ -2.68459713875803, 57.684528415853869 ], [ -2.683130823999932, 57.683427491000032 ], [ -2.668797230735167, 57.689609140759345 ], [ -2.667254227814339, 57.69013685738728 ], [ -2.65978359199994, 57.686788836000062 ], [ -2.655485433747268, 57.68706424359214 ], [ -2.647530542613045, 57.684512949386139 ], [ -2.64741481599998, 57.684279192000076 ], [ -2.637607383999978, 57.680734059000031 ], [ -2.629911960999948, 57.680898806000073 ], [ -2.622564739411814, 57.681056097086476 ], [ -2.614579682424329, 57.680250750497784 ], [ -2.613058698999964, 57.679435930000068 ], [ -2.599065304999954, 57.681800464000048 ], [ -2.591924603999928, 57.678748043000041 ], [ -2.583931457999938, 57.678216098000064 ], [ -2.577581725499143, 57.680732086914638 ], [ -2.573925000882709, 57.681297630648508 ], [ -2.566388819258051, 57.676359050280965 ], [ -2.565716147581611, 57.67559730986801 ], [ -2.56456644671408, 57.675164820402195 ], [ -2.561720763999972, 57.673299999000051 ], [ -2.557665149930852, 57.672568720630963 ], [ -2.552927732328612, 57.670786619507112 ], [ -2.54892354001165, 57.670992498106834 ], [ -2.541988810999953, 57.669742079000059 ], [ -2.529923440999937, 57.670416011000043 ], [ -2.52571624899997, 57.67065100800005 ], [ -2.514073, 57.664413499000034 ], [ -2.507433293999952, 57.666201819000037 ], [ -2.500559374627952, 57.670969522054527 ], [ -2.496048808205671, 57.673328757416527 ], [ -2.495465106455684, 57.673335133820927 ], [ -2.48890957499998, 57.672221383000078 ], [ -2.478148381797016, 57.673524303100152 ], [ -2.475325941638516, 57.673555135661218 ], [ -2.47527322342268, 57.673549515834807 ], [ -2.471621085999971, 57.671871811000074 ], [ -2.461923007215336, 57.672126366426511 ], [ -2.452379549619162, 57.67110902215132 ], [ -2.448688215999937, 57.670232482000074 ], [ -2.447023425880918, 57.670538052796928 ], [ -2.446061849374416, 57.670435547562931 ], [ -2.42831569455491, 57.673652955602336 ], [ -2.42099473199994, 57.671227152000029 ], [ -2.413862510884726, 57.671465459912703 ], [ -2.398736953946752, 57.668945312476524 ], [ -2.398556346856359, 57.668959117840927 ], [ -2.396479467999939, 57.66856279700005 ], [ -2.381847467999933, 57.670052592000047 ], [ -2.378434268027395, 57.671344445481651 ], [ -2.365855501298848, 57.67535744917658 ], [ -2.363837438510948, 57.675608891675509 ], [ -2.356119866694785, 57.674196531870201 ], [ -2.34935373199994, 57.670427640000071 ], [ -2.342362070999968, 57.67114537100008 ], [ -2.326724369999965, 57.677367566000044 ], [ -2.326616217969013, 57.677990738650522 ], [ -2.325568914473251, 57.678446650792637 ], [ -2.324399620381498, 57.685919653136864 ], [ -2.322002428999951, 57.688437002000057 ], [ -2.299415033359994, 57.694994650134802 ], [ -2.290108442050496, 57.689611912060343 ], [ -2.276084432857178, 57.686995456877071 ], [ -2.263950496999939, 57.680167963000031 ], [ -2.263728626274177, 57.680196710770524 ], [ -2.263571142793637, 57.680065870243936 ], [ -2.246751423524582, 57.682266911083786 ], [ -2.221357354999952, 57.678538961000072 ], [ -2.215208522928111, 57.678756485866884 ], [ -2.194309830234033, 57.672786354706716 ], [ -2.193207408302193, 57.672877401857384 ], [ -2.190396847999978, 57.672019264000028 ], [ -2.175742429999957, 57.674343152000063 ], [ -2.163369242999977, 57.68318731100004 ], [ -2.160480688441708, 57.683337643093466 ], [ -2.156644702190931, 57.682592034395213 ], [ -2.153284192204625, 57.684309259920035 ], [ -2.146335317999956, 57.686655644000041 ], [ -2.138401595894142, 57.691914288431818 ], [ -2.130498489312824, 57.695952787469793 ], [ -2.12239801605606, 57.699237274773274 ], [ -2.11006665235368, 57.69722521277356 ], [ -2.09589102222533, 57.698830136100533 ], [ -2.079505106999932, 57.700300847000051 ], [ -2.063849880644377, 57.698242867222341 ], [ -2.061076265649665, 57.697726810476439 ], [ -2.05505949999997, 57.695003499000052 ], [ -2.04154387899996, 57.692077607000044 ], [ -2.017894897999952, 57.697711573000049 ], [ -2.01253851599995, 57.695821125000066 ], [ -2.005289458733928, 57.697818426258507 ], [ -2.002074119223316, 57.697704674649543 ], [ -1.999892373365189, 57.695661742600691 ], [ -2.000437021451035, 57.683708667721135 ], [ -1.99437437174355, 57.682005067725086 ], [ -1.98307480099993, 57.678220242000066 ], [ -1.979588810274009, 57.677850336101706 ], [ -1.972329854838449, 57.675810575098183 ], [ -1.953692912697363, 57.674440145896256 ], [ -1.946861046791057, 57.678343415444779 ], [ -1.941607251999926, 57.680470656000068 ], [ -1.928827933999969, 57.677027257000077 ], [ -1.918985998999972, 57.67323723100003 ], [ -1.918084901999976, 57.668558262000033 ], [ -1.917238750419175, 57.667738390968886 ], [ -1.917339444059792, 57.667487621157022 ], [ -1.91633488828465, 57.666862601811168 ], [ -1.911142, 57.661830999000074 ], [ -1.899713709394095, 57.655814589110086 ], [ -1.886013030976073, 57.637453556336823 ], [ -1.878603212976262, 57.633416596247478 ], [ -1.875284892999957, 57.631118013000048 ], [ -1.868594439060195, 57.627963692971917 ], [ -1.862338662298953, 57.624555468759979 ], [ -1.82464071351921, 57.612754306019617 ], [ -1.823420469451272, 57.611897750894947 ], [ -1.825695258024812, 57.599682936192075 ], [ -1.827917800999955, 57.595704266000041 ], [ -1.827537886653485, 57.589788668422642 ], [ -1.827917337614792, 57.587751150195629 ], [ -1.8271556682266, 57.5838371943045 ], [ -1.827094969999962, 57.582892070000071 ], [ -1.826869973474857, 57.582369107659588 ], [ -1.826304435900738, 57.579463005413402 ], [ -1.824056242905254, 57.575829117215356 ], [ -1.821460609999974, 57.569796054000051 ], [ -1.81916202368613, 57.567918299285253 ], [ -1.817105531494747, 57.564594268510916 ], [ -1.808001041514331, 57.557489276309411 ], [ -1.805615806294494, 57.552184019445704 ], [ -1.805818974999966, 57.551083919000064 ], [ -1.802194752999981, 57.544447203000061 ], [ -1.806171561999975, 57.538183848000074 ], [ -1.806030986845208, 57.532153879791849 ], [ -1.806639909503815, 57.530272721808785 ], [ -1.805967888165317, 57.529447263289434 ], [ -1.805963585999962, 57.529262722000055 ], [ -1.795927648999964, 57.51673033000003 ], [ -1.795572445312291, 57.516678313296538 ], [ -1.794942021156942, 57.515903949507731 ], [ -1.780442304186809, 57.512862706451777 ], [ -1.775932826999963, 57.511173228000075 ], [ -1.768686643999956, 57.506940739000072 ], [ -1.767835381502618, 57.504654168320045 ], [ -1.768710329551803, 57.502264349275052 ], [ -1.77101877299998, 57.50117197700007 ], [ -1.78944, 57.503555499000072 ], [ -1.793140453999968, 57.496158698000045 ], [ -1.78647440973317, 57.493333132927688 ], [ -1.785014541977286, 57.49188260055174 ], [ -1.78414347599994, 57.490459732000033 ], [ -1.793898117999959, 57.485469872000067 ], [ -1.794105827845836, 57.484530546597576 ], [ -1.794281840534097, 57.484466552889387 ], [ -1.794135775681727, 57.484395113619499 ], [ -1.794383294999932, 57.483275758000048 ], [ -1.777537547999941, 57.474795788000051 ], [ -1.774072759249843, 57.470734217131977 ], [ -1.774530505357847, 57.469962902443456 ], [ -1.777968832999932, 57.468664327000056 ], [ -1.782800210999937, 57.460883845000069 ], [ -1.798249422999959, 57.453438524000035 ], [ -1.799003822999964, 57.447370410000076 ], [ -1.815781438999977, 57.436062205000042 ], [ -1.816750063999962, 57.427678574000026 ], [ -1.82695022799993, 57.421055082000066 ], [ -1.835287191999953, 57.412179579000053 ], [ -1.841337459676416, 57.410646989015554 ], [ -1.843321938308395, 57.411107323537642 ], [ -1.848696116999974, 57.413015238000071 ], [ -1.849551869354609, 57.412552464989218 ], [ -1.850011348344651, 57.412659049176057 ], [ -1.853736830699872, 57.410289325248414 ], [ -1.860225078999974, 57.406780616000049 ], [ -1.860709664774407, 57.405854009180743 ], [ -1.863007545661276, 57.404392361318457 ], [ -1.862916397292213, 57.401634377678405 ], [ -1.863580769999942, 57.400363989000027 ], [ -1.862804345353442, 57.398243890090484 ], [ -1.862486355268354, 57.388622089268466 ], [ -1.875297499999931, 57.381335999000044 ], [ -1.882013350998499, 57.377073149451491 ], [ -1.899835986980976, 57.368839651272445 ], [ -1.909959191999974, 57.364823457000057 ], [ -1.910545617730452, 57.36330902778095 ], [ -1.915029148331456, 57.358965888796817 ], [ -1.91772132899996, 57.358020482000029 ], [ -1.922053682564418, 57.352161311960501 ], [ -1.923762679103845, 57.350505828781138 ], [ -1.928062551939678, 57.348033065911331 ], [ -1.946027109999932, 57.339126431000068 ], [ -1.950735767999959, 57.336791498000082 ], [ -1.952077228861193, 57.334222750190591 ], [ -1.953057646892603, 57.333658933213314 ], [ -1.952806360466178, 57.332826544555921 ], [ -1.953548861999934, 57.331404737000071 ], [ -1.969599499999958, 57.32673304900004 ], [ -1.972320807083558, 57.324271041438593 ], [ -1.972875118291597, 57.324087142907558 ], [ -1.98947702214687, 57.314189534037062 ], [ -1.986361414999976, 57.317906678000043 ], [ -1.99389066599997, 57.327470049000055 ], [ -1.994195753999975, 57.331320608000055 ], [ -1.998153330999969, 57.331502275000048 ], [ -1.998791015999927, 57.324177908000081 ], [ -1.992362296999943, 57.317392921000078 ], [ -1.994434585999954, 57.312299061000033 ], [ -1.993947886752531, 57.311524124722233 ], [ -1.994412541305337, 57.311247110166335 ], [ -1.990867422366563, 57.304803818117058 ], [ -1.995780297274112, 57.299389808220752 ], [ -2.000553727372278, 57.295733213117558 ], [ -2.013339046032887, 57.280002103415498 ], [ -2.02229, 57.269714499000031 ], [ -2.035721731318632, 57.252462353566202 ], [ -2.040393948521455, 57.246713637924415 ], [ -2.04126417146502, 57.245343466120083 ], [ -2.043382918999953, 57.242622079000057 ], [ -2.047001099441265, 57.236310634919029 ], [ -2.056311368674415, 57.221651554176219 ], [ -2.059911401692162, 57.213790295746513 ], [ -2.060910499999977, 57.21204749900005 ], [ -2.077448499999946, 57.176978999000028 ], [ -2.078181491460061, 57.16295645340675 ], [ -2.078481674289492, 57.160430669939785 ], [ -2.078329514227929, 57.160124693250978 ], [ -2.078402, 57.158737999000039 ], [ -2.07583832399996, 57.149487247000081 ], [ -2.070103992999975, 57.143424271000072 ], [ -2.075593, 57.140859499000044 ], [ -2.071263277999947, 57.140278917000046 ], [ -2.05816085999993, 57.142602167000064 ], [ -2.053154628538632, 57.141276371338535 ], [ -2.057170152879905, 57.13583695850906 ], [ -2.056803830553056, 57.135350816726771 ], [ -2.057852834999949, 57.134864370000059 ], [ -2.057007, 57.130898499000068 ], [ -2.052135739037081, 57.129155850809809 ], [ -2.051154598615379, 57.127853791616801 ], [ -2.054804536548361, 57.119993125444694 ], [ -2.056000961368837, 57.11831783586485 ], [ -2.06435734799993, 57.107416855000054 ], [ -2.072573507999948, 57.103543400000035 ], [ -2.072714781999935, 57.097239416000036 ], [ -2.080441269999938, 57.092894909000051 ], [ -2.084482051983605, 57.086930602345021 ], [ -2.085678326969354, 57.085323638991063 ], [ -2.094797918999973, 57.074510751000048 ], [ -2.092939121999962, 57.071839040000043 ], [ -2.095079045999967, 57.067245857000046 ], [ -2.104236535999974, 57.063701563000052 ], [ -2.106216567999979, 57.057611002000044 ], [ -2.120407607999937, 57.048792463000041 ], [ -2.120477001202625, 57.04842291194484 ], [ -2.126353886981519, 57.041638913221952 ], [ -2.126385077999942, 57.041626441000062 ], [ -2.134818066999969, 57.033478141000046 ], [ -2.13983766015826, 57.032235488240232 ], [ -2.141870141393497, 57.031829357539095 ], [ -2.141935201666807, 57.03171621991266 ], [ -2.141975647999971, 57.03170620700007 ], [ -2.146839711999974, 57.024105267000039 ], [ -2.15901320699993, 57.018287674000078 ], [ -2.159087964113842, 57.018071879124037 ], [ -2.15925383599523, 57.018004656190385 ], [ -2.159399609739409, 57.017172278729902 ], [ -2.161853247999943, 57.010089574000062 ], [ -2.166025368999954, 57.007829566000055 ], [ -2.166780106025574, 57.003690428969946 ], [ -2.174991249645984, 56.995909571669642 ], [ -2.175992177953843, 56.99325717892625 ], [ -2.181404615999952, 56.986672234000082 ], [ -2.181034660775941, 56.979894938353176 ], [ -2.181247547872164, 56.979330801856335 ], [ -2.187113701999976, 56.978531548000035 ], [ -2.19616779699993, 56.974016492000032 ], [ -2.201782349930559, 56.969548736129333 ], [ -2.205990671931659, 56.967766523006787 ], [ -2.207150340515398, 56.963357329577377 ], [ -2.205760179757159, 56.962848289223842 ], [ -2.205724778999979, 56.962661732000072 ], [ -2.194710441999973, 56.95874059700003 ], [ -2.199384822999946, 56.954247972000076 ], [ -2.198795632080703, 56.95399863923538 ], [ -2.19899845111712, 56.953786611263354 ], [ -2.197359698332031, 56.949251178706959 ], [ -2.199758915999951, 56.948404144000051 ], [ -2.196339268155047, 56.946427023478456 ], [ -2.19600186746155, 56.945493229129632 ], [ -2.195566756999938, 56.941467850000038 ], [ -2.199426174999928, 56.93766716500005 ], [ -2.198777364741994, 56.934295431554702 ], [ -2.200023651270158, 56.932102203054399 ], [ -2.198691110334702, 56.92523616831771 ], [ -2.200278462999961, 56.923364761000073 ], [ -2.197013382999955, 56.91137264300005 ], [ -2.196723377999945, 56.910307315000068 ], [ -2.197549259458328, 56.908696237746739 ], [ -2.201961308399313, 56.907141134700488 ], [ -2.20330649999994, 56.907150499000068 ], [ -2.203331893816836, 56.905809290780098 ], [ -2.209659885658964, 56.897487579370413 ], [ -2.215627180999945, 56.894299550000028 ], [ -2.214456397528703, 56.891179861448371 ], [ -2.218397140615252, 56.885997533859438 ], [ -2.21589737720696, 56.884559895600603 ], [ -2.214595616999929, 56.882563791000052 ], [ -2.2291784415783, 56.866762014879704 ], [ -2.240961859253463, 56.859352849256474 ], [ -2.242969554999945, 56.859003689000076 ], [ -2.256672591999973, 56.847324774000072 ], [ -2.27353096959746, 56.842213303370372 ], [ -2.273767828821917, 56.842170000245574 ], [ -2.273763426595375, 56.842142822263241 ], [ -2.273933093999972, 56.842091379000067 ], [ -2.277188902343778, 56.832202634709262 ], [ -2.284816339084397, 56.828165755648442 ], [ -2.290104175999943, 56.826840333000064 ], [ -2.31646312099997, 56.801690999000073 ], [ -2.326062069999978, 56.796388648000061 ], [ -2.35704267999995, 56.787150697000072 ], [ -2.377424944999973, 56.774501734000069 ], [ -2.386642097801883, 56.775263885654383 ], [ -2.386855840424403, 56.775318145915946 ], [ -2.387003790581051, 56.775293793453017 ], [ -2.388483907999955, 56.775416182000072 ], [ -2.400845969239757, 56.773015383275784 ], [ -2.403249740282774, 56.772619724720641 ], [ -2.424273371618312, 56.756593823846003 ], [ -2.42498176548987, 56.755470817773066 ], [ -2.425346, 56.755187999000043 ], [ -2.438819819999935, 56.733815848000063 ], [ -2.439178969416903, 56.732964205464718 ], [ -2.443153858263713, 56.726662874392503 ], [ -2.444742482098194, 56.719771579160778 ], [ -2.44853722199997, 56.710773202000041 ], [ -2.45497964499998, 56.704321439000068 ], [ -2.458890574573608, 56.704134277039714 ], [ -2.468372117345206, 56.70546454963722 ], [ -2.473537214999965, 56.707090537000056 ], [ -2.473863873514001, 56.71063084303244 ], [ -2.473214149113289, 56.711859941783246 ], [ -2.474131163669534, 56.713527718238097 ], [ -2.474608201999956, 56.718697832000032 ], [ -2.477741497115996, 56.720093839871808 ], [ -2.478041768312664, 56.720639943778735 ], [ -2.479071539533226, 56.72068642678606 ], [ -2.480817100999957, 56.721464144000038 ], [ -2.513890987999957, 56.723036212000068 ], [ -2.514703778660842, 56.722294836109612 ], [ -2.515838742363599, 56.722346067417163 ], [ -2.522697901228213, 56.715003106489689 ], [ -2.526508022999963, 56.711527756000066 ], [ -2.529923440999937, 56.711277092000046 ], [ -2.53290057199996, 56.710320633000038 ], [ -2.532061804692201, 56.708973105411225 ], [ -2.533344269022393, 56.708620071159714 ], [ -2.531090578192554, 56.707412774564808 ], [ -2.529923440999937, 56.705537702000072 ], [ -2.518186366230108, 56.700500020181693 ], [ -2.514812112288666, 56.698692440703667 ], [ -2.503954032586026, 56.699318608212145 ], [ -2.483875474999934, 56.699840198000061 ], [ -2.48275274704391, 56.700541251304486 ], [ -2.482306123228739, 56.700567007361656 ], [ -2.480494811222301, 56.701951150613063 ], [ -2.476471731999936, 56.704463240000052 ], [ -2.469481384385884, 56.703138304235644 ], [ -2.4631624221077, 56.701456546582619 ], [ -2.443242670326642, 56.702023202953058 ], [ -2.438430392999976, 56.700845825000044 ], [ -2.442238663999944, 56.694579083000065 ], [ -2.441684732361746, 56.693606346543852 ], [ -2.441988944833497, 56.693222880032124 ], [ -2.441086107528029, 56.692555126214131 ], [ -2.439290409999956, 56.689401776000068 ], [ -2.446712866999974, 56.684554942000034 ], [ -2.448249526999973, 56.680431527000053 ], [ -2.469569104999948, 56.67334631500006 ], [ -2.481397258999948, 56.671387938000066 ], [ -2.500076499999977, 56.662480999000081 ], [ -2.501955951735328, 56.659334973190838 ], [ -2.508457660991894, 56.65016973014923 ], [ -2.505164861668618, 56.632298708219025 ], [ -2.502427637951279, 56.631987281003205 ], [ -2.500937288999978, 56.630137105000074 ], [ -2.48506286790223, 56.628630027518625 ], [ -2.480956468546917, 56.625870014511683 ], [ -2.480563763999953, 56.62520095900004 ], [ -2.482176925999966, 56.622552774000042 ], [ -2.504410029999974, 56.599516268000059 ], [ -2.517504435999967, 56.592479316000038 ], [ -2.522547544171681, 56.582147457821371 ], [ -2.523131043963112, 56.581097645803133 ], [ -2.537741400999948, 56.575139761000059 ], [ -2.539506134999954, 56.566606419000038 ], [ -2.549334082999962, 56.561969196000064 ], [ -2.557401248999952, 56.56117503300004 ], [ -2.56596843899996, 56.560745678000046 ], [ -2.57476507399997, 56.557625030000054 ], [ -2.589853962999939, 56.552301242000055 ], [ -2.600479499999949, 56.551795999000035 ], [ -2.605112, 56.550876499000083 ], [ -2.608468092195582, 56.549187580033383 ], [ -2.608507513810309, 56.549184918749063 ], [ -2.608601622232529, 56.549120382412198 ], [ -2.613677499999937, 56.546565999000052 ], [ -2.629287, 56.534900499000059 ], [ -2.635956, 56.527301999000031 ], [ -2.645415303999926, 56.523745818000066 ], [ -2.654813130999969, 56.520904616000053 ], [ -2.67280872799995, 56.510261090000029 ], [ -2.682091, 56.506999999000072 ], [ -2.684721365999962, 56.506261022000047 ], [ -2.688063679999971, 56.505322009000054 ], [ -2.707607051999958, 56.499152328000037 ], [ -2.715257179999981, 56.494826547000059 ], [ -2.721886777999941, 56.477773034000052 ], [ -2.733560499614426, 56.465639795245949 ], [ -2.745198406140799, 56.465505928391543 ], [ -2.780769345885039, 56.476155724997973 ], [ -2.786946654064479, 56.478198408829769 ], [ -2.787922822030191, 56.478297447047566 ], [ -2.788753, 56.478545999000062 ], [ -2.802615788999958, 56.480099851000034 ], [ -2.824285978999967, 56.477725588000055 ], [ -2.838613, 56.474189999000032 ], [ -2.846664589506765, 56.469906644465631 ], [ -2.865670823809546, 56.464080155192249 ], [ -2.868492789897444, 56.463297663373169 ], [ -2.889966606972962, 56.468397974886784 ], [ -2.896441768679394, 56.467968798133064 ], [ -2.909446499999945, 56.467544499000041 ], [ -2.920774132756527, 56.466356037634043 ], [ -2.93318057092614, 56.465533733095526 ], [ -2.938603798352423, 56.464485402419726 ], [ -2.943125499999951, 56.464010999000038 ], [ -2.947191967770276, 56.462825276309928 ], [ -2.951453208498435, 56.462001562122566 ], [ -2.957071279239529, 56.459944613180795 ], [ -2.966971, 56.457057999000028 ], [ -2.972573752999949, 56.454527395000071 ], [ -2.989619859999948, 56.451508717000081 ], [ -3.027158461999932, 56.451411544000052 ], [ -3.034478054999965, 56.451392597000051 ], [ -3.038996703028094, 56.452368221108976 ], [ -3.048768238956059, 56.456546540987624 ], [ -3.051892499999951, 56.458499999000082 ], [ -3.058473460817714, 56.454248127050953 ], [ -3.062009233577, 56.453076800802116 ], [ -3.084060318999946, 56.450806784000065 ], [ -3.103180584999961, 56.437451167000063 ], [ -3.126302425999938, 56.430887169000073 ], [ -3.14203839399994, 56.421625878000043 ], [ -3.160316060999946, 56.40579567900005 ], [ -3.194882539999981, 56.385771336000062 ], [ -3.203686753999932, 56.38384575200007 ], [ -3.208854722999945, 56.378135322000048 ], [ -3.22911387299996, 56.37219841600006 ], [ -3.231141788999935, 56.369672335000075 ], [ -3.25362630199993, 56.368890012000065 ], [ -3.278831815999979, 56.360576746000049 ], [ -3.298878976999958, 56.358085354000082 ], [ -3.317619506999961, 56.363092168000037 ], [ -3.34006489899997, 56.375813763000053 ], [ -3.380838598999958, 56.385282704000076 ], [ -3.408359884999925, 56.380217470000048 ], [ -3.415776499999936, 56.380588499000055 ], [ -3.416084499999954, 56.379127499000049 ], [ -3.418743499999948, 56.378654499000049 ], [ -3.418376499999965, 56.377147499000046 ], [ -3.409819, 56.378566499000044 ], [ -3.381668806999926, 56.383045903000038 ], [ -3.340613575999953, 56.372042861000068 ], [ -3.324334587999942, 56.361124959000051 ], [ -3.304568629999949, 56.353614402000062 ], [ -3.308240134999949, 56.350258616000076 ], [ -3.323722404999955, 56.350416358000075 ], [ -3.322003666999933, 56.349103134000075 ], [ -3.310355146999939, 56.348172720000036 ], [ -3.296643569999958, 56.351132853000081 ], [ -3.276975499999935, 56.350532499000053 ], [ -3.266023512629043, 56.350929138953845 ], [ -3.261474251834727, 56.35075485665152 ], [ -3.24218523466061, 56.352987766272634 ], [ -3.237653245871663, 56.354021223148131 ], [ -3.235285662999956, 56.35434876000005 ], [ -3.225103117960867, 56.356883104891836 ], [ -3.211469650103822, 56.359992027210467 ], [ -3.206777627480756, 56.361444156476637 ], [ -3.196397832999935, 56.364027595000039 ], [ -3.181998968161089, 56.371007777859958 ], [ -3.178587458923603, 56.372586089382914 ], [ -3.116996879999931, 56.391366989000062 ], [ -3.098059153353703, 56.393699925306862 ], [ -3.094977140682033, 56.394030928684458 ], [ -3.082364229935475, 56.398965142424537 ], [ -3.078879014999927, 56.400192673000049 ], [ -3.06271505899997, 56.403448197000046 ], [ -3.050086702877401, 56.407936784030767 ], [ -3.048857450110859, 56.40825355036128 ], [ -3.048459298055194, 56.408515224178302 ], [ -3.048215125999945, 56.408602012000074 ], [ -3.047247533181273, 56.409311621271769 ], [ -3.036995197824587, 56.416049669431985 ], [ -3.027158461999932, 56.416858822000052 ], [ -3.015923100999942, 56.417783001000032 ], [ -3.014288510549083, 56.418115572364606 ], [ -2.992048144306125, 56.419953942420591 ], [ -2.966468773039506, 56.431196705448876 ], [ -2.959371336465135, 56.433079509390787 ], [ -2.946871161774311, 56.436237931635389 ], [ -2.946665891940472, 56.436450002495455 ], [ -2.946419300999935, 56.436515418000056 ], [ -2.937190441999974, 56.446162119000064 ], [ -2.9204741677984, 56.451291235056942 ], [ -2.888490659677237, 56.452593822789915 ], [ -2.882925489864455, 56.452238122260816 ], [ -2.878714119406856, 56.450160028340761 ], [ -2.864058517999979, 56.440810041000077 ], [ -2.855361900999981, 56.439028463000056 ], [ -2.81699128799994, 56.444773458000043 ], [ -2.805784090999964, 56.442574358000059 ], [ -2.803828909709939, 56.43982752738286 ], [ -2.806387543350127, 56.426776647324743 ], [ -2.806250851182799, 56.419060571068385 ], [ -2.812466265999944, 56.39385298500008 ], [ -2.825582708999946, 56.379070273000082 ], [ -2.852802606999944, 56.369456457000069 ], [ -2.855975260721952, 56.370072753907557 ], [ -2.857493877540094, 56.370488524725886 ], [ -2.857822260316734, 56.370431538772891 ], [ -2.859784873999956, 56.37081278200003 ], [ -2.86498031778246, 56.36918936422758 ], [ -2.871755108912889, 56.368013699861606 ], [ -2.882616669999948, 56.367956808000031 ], [ -2.88859520699998, 56.365358532000073 ], [ -2.890832714999931, 56.357512178000036 ], [ -2.903424, 56.354003999000042 ], [ -2.889020118999952, 56.355893117000051 ], [ -2.884870442999954, 56.359001555000077 ], [ -2.887311757999953, 56.36020772300003 ], [ -2.886074592999933, 56.361953300000039 ], [ -2.875030261443662, 56.360514079281948 ], [ -2.87248921380575, 56.359609365679887 ], [ -2.871107458049094, 56.360002886740354 ], [ -2.871019540999953, 56.359991430000036 ], [ -2.869875832918591, 56.360353650922164 ], [ -2.862937330892692, 56.362329721339904 ], [ -2.862387708006092, 56.362087758743051 ], [ -2.857863336999969, 56.359279186000037 ], [ -2.853014240658483, 56.357961241168411 ], [ -2.841159343728293, 56.352742314306681 ], [ -2.837328634217845, 56.353698021285041 ], [ -2.836839357999963, 56.353565040000035 ], [ -2.828000291999956, 56.355898602000082 ], [ -2.827923453464216, 56.356044478737488 ], [ -2.827890753455222, 56.356052636919856 ], [ -2.822845893465334, 56.365358548628109 ], [ -2.821555683604887, 56.365759144845711 ], [ -2.816391058573963, 56.364432980858361 ], [ -2.813171889999978, 56.362447802000077 ], [ -2.812345154715065, 56.360905661791264 ], [ -2.804467916160945, 56.344460248941573 ], [ -2.797159239956947, 56.344060222346563 ], [ -2.790012998999941, 56.342565960000059 ], [ -2.782589777031023, 56.337164220756463 ], [ -2.778202534119202, 56.333122014769458 ], [ -2.776984919473287, 56.333085671152105 ], [ -2.776863879999951, 56.332997593000073 ], [ -2.75060211999994, 56.332050016000039 ], [ -2.747222, 56.329856999000071 ], [ -2.743577330999926, 56.329310366000072 ], [ -2.739050007417974, 56.32865201572676 ], [ -2.737957954395711, 56.328184842856331 ], [ -2.731751339527911, 56.327590664596613 ], [ -2.724204808999957, 56.326493270000071 ], [ -2.721448892561951, 56.326604379779617 ], [ -2.705273270944417, 56.32505583795654 ], [ -2.704299139906134, 56.325194708551734 ], [ -2.703657071999942, 56.325010992000045 ], [ -2.688468410999974, 56.325603885000078 ], [ -2.684721365999962, 56.323723309000059 ], [ -2.678128040999979, 56.320414010000036 ], [ -2.661750201999951, 56.317646712000055 ], [ -2.652777660999959, 56.308132577000038 ], [ -2.645415303999926, 56.303272685000081 ], [ -2.631218898999975, 56.293899894000049 ], [ -2.613937242999953, 56.287401389000081 ], [ -2.599069743999962, 56.285443437000026 ], [ -2.587898836999955, 56.278165043000058 ], [ -2.603172188999963, 56.264551461000053 ], [ -2.616311220339245, 56.260957123082541 ], [ -2.617195963922256, 56.26095426063074 ], [ -2.617863972860769, 56.260532349206862 ], [ -2.625308201999928, 56.258495892000042 ], [ -2.641550086999928, 56.246393436000062 ], [ -2.645415303999926, 56.244780142000081 ], [ -2.673938737999947, 56.232872712000074 ], [ -2.684721365999962, 56.225685297000041 ], [ -2.689597056999958, 56.222434848000034 ], [ -2.702968154999951, 56.22097900600005 ], [ -2.713188078999963, 56.215254170000037 ], [ -2.743577330999926, 56.210225558000047 ], [ -2.782159627999931, 56.200381507000031 ], [ -2.799099527999942, 56.193577042000072 ], [ -2.809938818731141, 56.185180722407665 ], [ -2.817990920610559, 56.187402227416861 ], [ -2.818598634999944, 56.188697725000054 ], [ -2.821911169999964, 56.189572436000049 ], [ -2.824824509650606, 56.189287555311438 ], [ -2.82553136318154, 56.189482570064513 ], [ -2.826105567820868, 56.189162287139013 ], [ -2.831126598999958, 56.18867130600006 ], [ -2.839931341999943, 56.184311825000066 ], [ -2.851920810999957, 56.188540294000063 ], [ -2.854341835198087, 56.188445150145341 ], [ -2.867131352529611, 56.192651748579522 ], [ -2.868342123303402, 56.193291078427023 ], [ -2.868423863999965, 56.193561671000055 ], [ -2.868922760559425, 56.193597675461227 ], [ -2.879772984977762, 56.199326978210252 ], [ -2.880296252999926, 56.20081401300007 ], [ -2.888839609113742, 56.204114476844737 ], [ -2.894302249348925, 56.206998944346026 ], [ -2.89721751866343, 56.207351025479056 ], [ -2.89919249999997, 56.208113999000034 ], [ -2.926047731999972, 56.212326458000064 ], [ -2.954948676999948, 56.210488927000029 ], [ -2.972311419999926, 56.205415902000027 ], [ -2.998352499999953, 56.191814499000031 ], [ -2.998169467999958, 56.187397579000049 ], [ -3.00717407999997, 56.181421232000048 ], [ -3.013300664999974, 56.179647867000028 ], [ -3.019205951999936, 56.174173929000062 ], [ -3.027158461999932, 56.17083309800006 ], [ -3.036452033999979, 56.166928523000081 ], [ -3.046300605999932, 56.167271464000066 ], [ -3.062468923999973, 56.158878514000037 ], [ -3.083976659999962, 56.14035335300008 ], [ -3.095613306999951, 56.139642989000038 ], [ -3.102862499999958, 56.136054999000066 ], [ -3.107737375898014, 56.132682713956498 ], [ -3.115211248200296, 56.128592610260853 ], [ -3.117022114701064, 56.126259825158158 ], [ -3.12265703787889, 56.122361763432771 ], [ -3.122849248759429, 56.122295748822509 ], [ -3.141133885057636, 56.119108420211205 ], [ -3.144302248849328, 56.11915600334703 ], [ -3.14973106810686, 56.114658413936823 ], [ -3.154290499999945, 56.112209499000073 ], [ -3.155273418832068, 56.110066767623543 ], [ -3.155493855756617, 56.109884143238673 ], [ -3.155694342937581, 56.109149166639064 ], [ -3.160186, 56.099357499000064 ], [ -3.159850885334162, 56.09391147721626 ], [ -3.160614848196417, 56.091110825204339 ], [ -3.15946612343349, 56.087658627352482 ], [ -3.159219332999953, 56.083647982000059 ], [ -3.164851880999947, 56.07504147700007 ], [ -3.172982974999968, 56.068380956000055 ], [ -3.173361789108881, 56.067417227265189 ], [ -3.173478841574934, 56.067335129012974 ], [ -3.173483739681484, 56.067106976753699 ], [ -3.175058565999962, 56.063100512000062 ], [ -3.215327098999978, 56.063914710000063 ], [ -3.224095252999973, 56.061464031000071 ], [ -3.22324869299996, 56.057149619000029 ], [ -3.234952460999978, 56.054321586000071 ], [ -3.251706363999972, 56.06068401400006 ], [ -3.267268, 56.059252499000081 ], [ -3.283413373999963, 56.056120150000027 ], [ -3.285849187436432, 56.05185244895722 ], [ -3.286946434086703, 56.050747923521406 ], [ -3.292636644999959, 56.051819876000081 ], [ -3.296666024999979, 56.050856157000055 ], [ -3.309813343999963, 56.043406950000076 ], [ -3.309684461908656, 56.04286340150599 ], [ -3.3111528160494, 56.041965842249908 ], [ -3.311178801874373, 56.038611795563597 ], [ -3.317089907485229, 56.036250304624438 ], [ -3.325299240153387, 56.038065515639133 ], [ -3.32631430899994, 56.038779730000044 ], [ -3.329087697178938, 56.038903202354909 ], [ -3.329674958832129, 56.039033055031666 ], [ -3.329870366111961, 56.038938047089935 ], [ -3.337902456999927, 56.039295639000045 ], [ -3.34592979699994, 56.036972725000055 ], [ -3.343432589999964, 56.032798949000039 ], [ -3.355400803999942, 56.026975049000043 ], [ -3.362816861532968, 56.026645764138649 ], [ -3.365807793411978, 56.027117268373239 ], [ -3.375221481999972, 56.029144940000037 ], [ -3.376308152060922, 56.028772593124167 ], [ -3.376617431948603, 56.028821349425755 ], [ -3.377930455875252, 56.028216711648568 ], [ -3.385416274999955, 56.025651700000083 ], [ -3.394083287999933, 56.027091996000081 ], [ -3.399585839999929, 56.025838905000057 ], [ -3.400170355999933, 56.023755116000075 ], [ -3.389383285128207, 56.022479240954588 ], [ -3.389352762456198, 56.020779736478438 ], [ -3.390415499999961, 56.017230999000049 ], [ -3.389239017569956, 56.014446413391518 ], [ -3.389162718083078, 56.010198052715836 ], [ -3.390494569740345, 56.007404426932681 ], [ -3.392777369052531, 56.007728267173405 ], [ -3.395828040999959, 56.009535774000028 ], [ -3.403552329999968, 56.010052792000067 ], [ -3.408359884999925, 56.014274943000032 ], [ -3.414063803999966, 56.017076788000054 ], [ -3.441530494999938, 56.02276326100008 ], [ -3.443644249973161, 56.022533893089062 ], [ -3.445195555630107, 56.022828340155741 ], [ -3.453985384948562, 56.020613073147956 ], [ -3.456530616999942, 56.022385462000045 ], [ -3.455938709999941, 56.026715936000073 ], [ -3.459278499999925, 56.02823199900007 ], [ -3.486081246999959, 56.034414208000044 ], [ -3.492608549099074, 56.034345814625553 ], [ -3.505135620306074, 56.034715175815784 ], [ -3.512047260487996, 56.038114273384799 ], [ -3.514632225196692, 56.040070771948706 ], [ -3.515988499909842, 56.040052548090237 ], [ -3.518629188999967, 56.04135122100007 ], [ -3.529401485186615, 56.03987232181089 ], [ -3.530593106760286, 56.039856310347503 ], [ -3.545555209999975, 56.040680240000029 ], [ -3.549960564183811, 56.042371668625663 ], [ -3.559383697760645, 56.049434658719825 ], [ -3.560215760999938, 56.050384842000028 ], [ -3.576488316999928, 56.05883682800004 ], [ -3.589553208999973, 56.059220435000043 ], [ -3.586393935323768, 56.055037108499498 ], [ -3.590553168971541, 56.047188905190225 ], [ -3.594806990999928, 56.046014011000068 ], [ -3.607418682999935, 56.046562693000055 ], [ -3.614075969999931, 56.05431791400008 ], [ -3.61809343699997, 56.055715621000047 ], [ -3.636357697042793, 56.054093289339974 ], [ -3.637937426470785, 56.054071306945445 ], [ -3.638528745231234, 56.053900444943139 ], [ -3.650163457999952, 56.052866986000026 ], [ -3.670053334999977, 56.046582598000043 ], [ -3.685171464999939, 56.048066965000032 ], [ -3.706821558999934, 56.05570460000007 ], [ -3.72563217499993, 56.069668106000051 ], [ -3.739320499999963, 56.077136999000061 ], [ -3.74052114899996, 56.079498662000049 ], [ -3.749379741999974, 56.080058567000037 ], [ -3.757577106999975, 56.082596607000028 ], [ -3.761849358999939, 56.083919301000037 ], [ -3.775874499999929, 56.09371199900005 ], [ -3.792418539999971, 56.105503700000042 ], [ -3.795408501729706, 56.106764270675576 ], [ -3.795791030231499, 56.107039808840284 ], [ -3.796511819282028, 56.10722943039265 ], [ -3.80413380799996, 56.110442868000064 ], [ -3.809294528353385, 56.110592241100903 ], [ -3.810919046176707, 56.111019611066183 ], [ -3.812730564116996, 56.110691694526288 ], [ -3.81972789799994, 56.110894227000074 ], [ -3.822398133522086, 56.108941694795114 ], [ -3.823114752443644, 56.108811974193429 ], [ -3.823040792406058, 56.108471769143485 ], [ -3.829944, 56.103423999000029 ], [ -3.832300782999937, 56.106044607000058 ], [ -3.827070869999943, 56.109899774000041 ], [ -3.827732849999961, 56.11426943500004 ], [ -3.835030763999953, 56.118082430000072 ], [ -3.848851300999968, 56.121200332000058 ], [ -3.856715185999974, 56.119924320000052 ], [ -3.859270673999958, 56.111278119000076 ], [ -3.863715026999955, 56.108357554000065 ], [ -3.868245637999962, 56.108769055000039 ], [ -3.86923608099994, 56.111138954000069 ], [ -3.862586479999948, 56.115639858000065 ], [ -3.866839499999969, 56.120662499000048 ], [ -3.864813703999971, 56.115778865000038 ], [ -3.871529402999954, 56.11162472400008 ], [ -3.870112371999937, 56.107399992000069 ], [ -3.864815642999929, 56.106476369000063 ], [ -3.85904031299998, 56.107684565000056 ], [ -3.854078584999968, 56.112050718000035 ], [ -3.854577147999976, 56.117605992000051 ], [ -3.84862420099995, 56.118122364000044 ], [ -3.838197081999965, 56.11492938400005 ], [ -3.840854472999979, 56.107039591000046 ], [ -3.837532959999976, 56.101524963000031 ], [ -3.832020352999962, 56.099220456000069 ], [ -3.820153, 56.099117499000045 ], [ -3.811777591999942, 56.10161430900007 ], [ -3.811283925897967, 56.101947917658002 ], [ -3.800572931096028, 56.104782537123114 ], [ -3.789793991999943, 56.093620224000063 ], [ -3.789341459498668, 56.093276448702298 ], [ -3.788622379518813, 56.092495441211611 ], [ -3.785565344968439, 56.090407848340192 ], [ -3.770747446999962, 56.079151138000043 ], [ -3.762672241906778, 56.074774567797022 ], [ -3.761572718505818, 56.074023723416303 ], [ -3.760987796385325, 56.073861638157126 ], [ -3.760045206999962, 56.07335077700003 ], [ -3.757577106999975, 56.072513891000028 ], [ -3.734615183999949, 56.064727062000031 ], [ -3.729437750469124, 56.051410687803262 ], [ -3.727887042482786, 56.039742309717255 ], [ -3.727904837999972, 56.032794663000061 ], [ -3.722245271536303, 56.029702325930486 ], [ -3.717468977011379, 56.026555180177581 ], [ -3.716373973420804, 56.026494300558639 ], [ -3.715523361999942, 56.026029534000031 ], [ -3.712947323718493, 56.026303786911086 ], [ -3.707091331199763, 56.025978207528397 ], [ -3.70572622948443, 56.027072566679998 ], [ -3.702802338999959, 56.02738385300006 ], [ -3.692889394600018, 56.035888141178354 ], [ -3.685628559544094, 56.035754651617005 ], [ -3.682292791999942, 56.035430242000075 ], [ -3.678041680999968, 56.026689327000042 ], [ -3.683155708999948, 56.022892616000036 ], [ -3.681413562154874, 56.021829236177666 ], [ -3.681719422013373, 56.021465301582566 ], [ -3.679504185311398, 56.02066378171876 ], [ -3.672052573999963, 56.016115432000049 ], [ -3.675982, 56.012061999000082 ], [ -3.660819385943736, 56.014594839617324 ], [ -3.642378538030707, 56.014568934794404 ], [ -3.633456587999945, 56.014471567000044 ], [ -3.632857164074069, 56.015278292378611 ], [ -3.627169637896944, 56.017564457035292 ], [ -3.615406914999937, 56.016736311000045 ], [ -3.607696536999981, 56.020171128000072 ], [ -3.596303520999925, 56.020761907000065 ], [ -3.590190162999932, 56.018603637000069 ], [ -3.572684338097585, 56.016765634148101 ], [ -3.570037291556407, 56.015870465203072 ], [ -3.561703809999926, 56.011515647000067 ], [ -3.544981501346948, 56.008957768276083 ], [ -3.526709640199611, 56.005013787044049 ], [ -3.524620829999947, 56.004353300000048 ], [ -3.523999246287084, 56.004376353228821 ], [ -3.515207776367941, 56.000948231942573 ], [ -3.510022759042783, 55.998926400732842 ], [ -3.507638295825025, 55.998821754961135 ], [ -3.506326297999976, 55.998264104000043 ], [ -3.489167720041364, 55.998011145830198 ], [ -3.483489870960398, 55.997761964842937 ], [ -3.483113225106154, 55.997921888202804 ], [ -3.481889052999975, 55.997903841000038 ], [ -3.472517575568873, 55.999496635022759 ], [ -3.443188411620488, 55.99490253754751 ], [ -3.43713491699998, 55.993838888000028 ], [ -3.436467003388629, 55.993849701379311 ], [ -3.433167457811692, 55.993332863121282 ], [ -3.425648335123373, 55.99335575857252 ], [ -3.407792618624014, 55.99341012857063 ], [ -3.393135171999972, 55.99010919300008 ], [ -3.390486350114281, 55.990258655300266 ], [ -3.389220356633814, 55.990027665744321 ], [ -3.386318400968769, 55.990493835804372 ], [ -3.382570653999949, 55.990705306000052 ], [ -3.379177596594758, 55.991640934377912 ], [ -3.37559187386546, 55.99221694475608 ], [ -3.374728644591332, 55.992867723450146 ], [ -3.372556313999951, 55.993466739000041 ], [ -3.36405076099993, 55.999176671000043 ], [ -3.351867630999948, 56.00112880100005 ], [ -3.337456345095946, 55.993484120539947 ], [ -3.320127845023762, 55.983824849137648 ], [ -3.31557501167624, 55.98317439029114 ], [ -3.29052255299996, 55.979391799000041 ], [ -3.270746544505749, 55.979915482646014 ], [ -3.264079809035763, 55.979120850746881 ], [ -3.260897463268472, 55.980319846357574 ], [ -3.249927168871995, 55.98370344914634 ], [ -3.242129857355021, 55.983916470561077 ], [ -3.234693012999969, 55.984101629000065 ], [ -3.234655460379142, 55.984120669997587 ], [ -3.224980353089555, 55.984384992519274 ], [ -3.219450158999962, 55.980721097000071 ], [ -3.219239038943694, 55.980720189460072 ], [ -3.219005465229827, 55.98033511627267 ], [ -3.180665969758422, 55.980507016285856 ], [ -3.174074053374511, 55.984107136435398 ], [ -3.158419097097174, 55.982317458471883 ], [ -3.158245798999928, 55.982257633000074 ], [ -3.154567312999973, 55.979090720000045 ], [ -3.151879711999925, 55.976776725000036 ], [ -3.143046783197798, 55.973016823012507 ], [ -3.138646585471248, 55.970320357614384 ], [ -3.137724499999933, 55.968348499000058 ], [ -3.12246266209721, 55.960402760248108 ], [ -3.117959618641066, 55.957643270420533 ], [ -3.098619222298851, 55.950119375808697 ], [ -3.077861035594358, 55.946762843135296 ], [ -3.067476749352181, 55.945083737124833 ], [ -3.066052068113421, 55.945986875997875 ], [ -3.065039843999955, 55.945907544000079 ], [ -3.049538499999926, 55.949089499000081 ], [ -3.046768648999944, 55.952283601000033 ], [ -3.040257804328494, 55.954018245814183 ], [ -3.039760729711597, 55.954077362816236 ], [ -3.034394866541779, 55.953441069857973 ], [ -3.0213797091061, 55.95114254978904 ], [ -2.990299344238963, 55.957896828875676 ], [ -2.986747391158324, 55.960213050306919 ], [ -2.984745443999941, 55.960772573000042 ], [ -2.971976024999947, 55.969833616000074 ], [ -2.960496920732338, 55.972376513763017 ], [ -2.955998208652989, 55.973300120167657 ], [ -2.937323696999954, 55.972465494000062 ], [ -2.93048913385018, 55.97305283304599 ], [ -2.923295020648311, 55.972964644203046 ], [ -2.92114513170315, 55.973855824720211 ], [ -2.920819876999929, 55.973883776000037 ], [ -2.916082261196383, 55.975954505941267 ], [ -2.898171067140709, 55.98337912534663 ], [ -2.897673012181932, 55.984000225169837 ], [ -2.897514499999943, 55.984069499000043 ], [ -2.897537658151708, 55.984169018518358 ], [ -2.892234778183661, 55.990781979101499 ], [ -2.88943622499994, 55.991763527000046 ], [ -2.88529811199993, 55.997208034000039 ], [ -2.885281440180317, 55.999453144659547 ], [ -2.884812236195444, 56.000038265853334 ], [ -2.885274113159933, 56.000439837890973 ], [ -2.885266430999934, 56.001474356000074 ], [ -2.889771915999972, 56.005850236000072 ], [ -2.889337599717192, 56.009880835437514 ], [ -2.876464333106966, 56.013239888115571 ], [ -2.874421147999954, 56.01364678200008 ], [ -2.872158831796253, 56.012841993786544 ], [ -2.867425322920042, 56.010062575227778 ], [ -2.860938783008532, 56.011331836480686 ], [ -2.857889347999958, 56.011400012000081 ], [ -2.848253070999931, 56.014667128000042 ], [ -2.856902852999951, 56.017543076000038 ], [ -2.866076127999975, 56.025539251000055 ], [ -2.866100132266292, 56.033905644853007 ], [ -2.862703825177734, 56.03680318976371 ], [ -2.850012599378685, 56.038976169758065 ], [ -2.845255851875663, 56.03872621084605 ], [ -2.843673336823256, 56.040061572455173 ], [ -2.840265932999955, 56.040644985000029 ], [ -2.835724368999934, 56.043666716000075 ], [ -2.832686285889529, 56.049332691862283 ], [ -2.830385953792057, 56.051273763554796 ], [ -2.82412420199995, 56.053051394000079 ], [ -2.814597119999974, 56.062375294000049 ], [ -2.808479201487075, 56.063008425665231 ], [ -2.806164265068332, 56.062863349963663 ], [ -2.789144203805846, 56.065009367530081 ], [ -2.785609830999931, 56.065375133000032 ], [ -2.75637603399997, 56.059563274000027 ], [ -2.754388118115447, 56.059926889322433 ], [ -2.754197955071334, 56.059860944427044 ], [ -2.753486692503488, 56.060091771633132 ], [ -2.743577330999926, 56.061904321000043 ], [ -2.74109412699994, 56.062358515000028 ], [ -2.700828160999947, 56.057663994000052 ], [ -2.700259416055056, 56.057815623691042 ], [ -2.700200677319231, 56.057800769390099 ], [ -2.696769580778582, 56.058746027819161 ], [ -2.688063679999971, 56.06106705600007 ], [ -2.684721365999962, 56.061248836000061 ], [ -2.679322852999974, 56.061542445000043 ], [ -2.67088658199998, 56.058290298000031 ], [ -2.656300514999941, 56.059270386000037 ], [ -2.64839838599994, 56.054613129000074 ], [ -2.645415303999926, 56.054168185000037 ], [ -2.62825625499994, 56.051608715000043 ], [ -2.621438198999954, 56.047994730000028 ], [ -2.609862985990062, 56.034587844266461 ], [ -2.610377311363493, 56.033572673740025 ], [ -2.598532313653209, 56.026546011638793 ], [ -2.596856597999931, 56.025360421000073 ], [ -2.596287195186919, 56.025214167663329 ], [ -2.595338940739055, 56.024651646356517 ], [ -2.593624575548826, 56.024530263408444 ], [ -2.584888276999948, 56.022286311000073 ], [ -2.589446333999945, 56.016259254000033 ], [ -2.586068731999944, 56.010459628000035 ], [ -2.599234121999928, 56.004115841000043 ], [ -2.597779973999934, 55.998669306000068 ], [ -2.589351191999981, 55.998905905000072 ], [ -2.579821637999942, 56.001596556000038 ], [ -2.57476507399997, 56.006375848000062 ], [ -2.570932144999972, 56.009998207000081 ], [ -2.558532876833393, 56.004651319414556 ], [ -2.557140427148712, 56.003855172302679 ], [ -2.554082880999943, 56.000242697000033 ], [ -2.54898071599996, 55.99910840900003 ], [ -2.537736267999946, 56.004996952000056 ], [ -2.514817324999967, 56.00592466900008 ], [ -2.507758758777123, 56.001117298628124 ], [ -2.506795406282549, 55.999555945050872 ], [ -2.505207815728297, 55.999379930493248 ], [ -2.504705348999948, 55.999037716000032 ], [ -2.491229283999928, 55.996344513000054 ], [ -2.475877854999965, 55.995490632000042 ], [ -2.46811762530419, 55.991213046556162 ], [ -2.464473009521441, 55.987593054376021 ], [ -2.458381513714274, 55.987879646659572 ], [ -2.446420910999962, 55.987077800000066 ], [ -2.440737827143824, 55.982633457714549 ], [ -2.439946651016669, 55.98091793091794 ], [ -2.437771175596253, 55.98031344709127 ], [ -2.437553156999968, 55.980142950000072 ], [ -2.420078461999935, 55.972030916000051 ], [ -2.403168975999961, 55.970483630000047 ], [ -2.39362828209937, 55.958545777556914 ], [ -2.392231225889986, 55.955753326255092 ], [ -2.384351930443616, 55.952249993243861 ], [ -2.377568605999954, 55.948737296000047 ], [ -2.375144711319053, 55.948156231952602 ], [ -2.372589349818327, 55.947020053932363 ], [ -2.366715736480211, 55.945359588196851 ], [ -2.355282677121881, 55.942127471572256 ], [ -2.352278154999965, 55.938986987000078 ], [ -2.339022221999926, 55.936846579000076 ], [ -2.33605945499994, 55.932712172000038 ], [ -2.335466449248906, 55.932497486921626 ], [ -2.335346579380825, 55.931970953496887 ], [ -2.333899673628413, 55.931930269240588 ], [ -2.330274517999953, 55.930617859000051 ], [ -2.299517402874934, 55.930642610130199 ], [ -2.2801078796422, 55.926180208293886 ], [ -2.278342213999963, 55.925512468000079 ], [ -2.258542478999971, 55.92424344300008 ], [ -2.257006303809352, 55.92473619696657 ], [ -2.256024956686133, 55.92469465753237 ], [ -2.250644195854011, 55.926776949837333 ], [ -2.238094737999972, 55.930802399000072 ], [ -2.223756653999942, 55.932567388000052 ], [ -2.221871607403712, 55.932376134502263 ], [ -2.209141630180266, 55.929867973051088 ], [ -2.199293236999949, 55.923257142000068 ], [ -2.166124550999939, 55.915065040000059 ], [ -2.153980183659508, 55.915123654075131 ], [ -2.151957869160015, 55.914912104810014 ], [ -2.137149903415768, 55.916004964792499 ], [ -2.129418382999972, 55.90873791100006 ], [ -2.133050543576039, 55.903303431680555 ], [ -2.133168936197023, 55.903213262282577 ], [ -2.128272734015136, 55.89707459132913 ], [ -2.131549440478873, 55.893574713631885 ], [ -2.133820653300063, 55.89242434480758 ], [ -2.133140146868015, 55.891875666776194 ], [ -2.133568590999971, 55.891418042000055 ], [ -2.131820065583983, 55.890811312986024 ], [ -2.125970760777925, 55.886095141477867 ], [ -2.125292699999932, 55.884122593000029 ], [ -2.110276347999957, 55.879928458000052 ], [ -2.104963956999939, 55.876457962000075 ], [ -2.092525978999959, 55.877633316000072 ], [ -2.090641404999928, 55.873823578000042 ], [ -2.08404733160775, 55.875558169071617 ], [ -2.077008793883437, 55.872952581854435 ], [ -2.075511619122033, 55.871077514246146 ], [ -2.073823895133706, 55.861311345614013 ], [ -2.074049493999951, 55.858159347000083 ], [ -2.072995889992958, 55.857171204461686 ], [ -2.071064602391787, 55.854116483549205 ], [ -2.069220468999958, 55.843420571000081 ], [ -2.056977267999969, 55.836931167000046 ], [ -2.053954788554343, 55.831620809581722 ], [ -2.053969979230715, 55.830231547048527 ], [ -2.051974679060418, 55.828141848242424 ], [ -2.047435990999929, 55.820167582000067 ], [ -2.038500525990064, 55.81403022634035 ], [ -2.038020134021508, 55.813527106790673 ], [ -2.037203904268536, 55.813139637137404 ], [ -2.034329, 55.811164999000027 ], [ -2.030130861999965, 55.804382297000075 ], [ -2.024244084999964, 55.801827419000062 ], [ -2.01343869599998, 55.792194081000048 ], [ -2.012945462817684, 55.791942114492677 ], [ -2.012769341031856, 55.791759729827902 ], [ -2.009717452433936, 55.790293096277075 ], [ -2.000421837999966, 55.785544463000065 ], [ -1.992044204740875, 55.768807396412065 ], [ -1.995790584731873, 55.767628778024111 ], [ -2.003477976999932, 55.76609462600004 ], [ -2.013919840999961, 55.77391722200008 ], [ -2.022221698999942, 55.773948676000032 ], [ -2.035252039999932, 55.770368129000076 ], [ -2.03997222199996, 55.761120597000058 ], [ -2.053047, 55.758067999000048 ], [ -2.039530395999975, 55.759828784000035 ], [ -2.031257025999935, 55.769514885000035 ], [ -2.026552541999934, 55.770900543000039 ], [ -2.025311, 55.769431999000062 ], [ -2.017740426999978, 55.771354199000029 ], [ -2.013004369999976, 55.770825964000039 ], [ -2.002979876999973, 55.761899371000027 ], [ -1.992308896089348, 55.760669363240069 ], [ -1.986057520238091, 55.753283620143236 ], [ -1.984098440488706, 55.752008659400126 ], [ -1.983206499999937, 55.751064499000051 ], [ -1.981627774921993, 55.75040076078961 ], [ -1.978780611450302, 55.748547838948745 ], [ -1.977083, 55.747123499000054 ], [ -1.975742499999967, 55.746154999000055 ], [ -1.974654555654491, 55.745862619439329 ], [ -1.973595470927819, 55.745173371617454 ], [ -1.971599, 55.741817499000035 ], [ -1.963111499999968, 55.738338499000065 ], [ -1.962284395999973, 55.736626585000067 ], [ -1.96173332509221, 55.735890191820495 ], [ -1.961228132472002, 55.734353780502545 ], [ -1.960054066676991, 55.733646207559509 ], [ -1.959360490999927, 55.732719386000042 ], [ -1.953156288300748, 55.729489131042286 ], [ -1.933767438116206, 55.717804073999048 ], [ -1.92254996310993, 55.713529348101304 ], [ -1.911926627011837, 55.705407142625859 ], [ -1.911428396929152, 55.705232184202224 ], [ -1.885097898936121, 55.694606314057857 ], [ -1.884103892213141, 55.693758248463951 ], [ -1.879892866999967, 55.685111387000063 ], [ -1.873419246844741, 55.682155392478293 ], [ -1.873315355048433, 55.681974663296806 ], [ -1.873170125999934, 55.674952578000045 ], [ -1.868230340999958, 55.668678745000079 ], [ -1.867347540999958, 55.667557428000066 ], [ -1.861132324969506, 55.660781179956963 ], [ -1.860252141622539, 55.65925002137169 ], [ -1.858978942268265, 55.658433416782863 ], [ -1.85698679099994, 55.656261439000048 ], [ -1.852619302555433, 55.654354471128883 ], [ -1.844998158713726, 55.64946642196962 ], [ -1.842600117915203, 55.646638713863958 ], [ -1.841381072678018, 55.642871022379893 ], [ -1.837781114072416, 55.641803821816758 ], [ -1.831212058999938, 55.638822989000062 ], [ -1.813378834067886, 55.634569814480635 ], [ -1.813297033031176, 55.634545564726125 ], [ -1.81328860056869, 55.634548294042183 ], [ -1.811197749999963, 55.634049632000028 ], [ -1.804159116999926, 55.63545674900007 ], [ -1.792054691999965, 55.645309647000033 ], [ -1.788127560999953, 55.645657938000056 ], [ -1.781195528141144, 55.641366387056571 ], [ -1.774369910278976, 55.63549263110535 ], [ -1.765583566999965, 55.627093081000055 ], [ -1.765787857759668, 55.625284749826889 ], [ -1.77305185245792, 55.617988603097139 ], [ -1.783278377999977, 55.616472424000051 ], [ -1.768665131999967, 55.604962656000055 ], [ -1.763232827999957, 55.605344334000051 ], [ -1.757771323120262, 55.611198481986598 ], [ -1.751517105248541, 55.61423494270457 ], [ -1.742345436999926, 55.618131589000029 ], [ -1.726632405158536, 55.617104849486246 ], [ -1.724165554417906, 55.616877104004857 ], [ -1.721857215133737, 55.61562788590971 ], [ -1.720023632084576, 55.612785935422778 ], [ -1.701287951949275, 55.608619445307284 ], [ -1.699713546972401, 55.608212489444526 ], [ -1.677557527970337, 55.595559903044666 ], [ -1.672358989265053, 55.59190650683388 ], [ -1.667243003961005, 55.586930274612712 ], [ -1.654755364585965, 55.58322875761926 ], [ -1.644268393999937, 55.579837369000074 ], [ -1.64019969243486, 55.577888228498388 ], [ -1.641229791486982, 55.57707033899743 ], [ -1.645033276999925, 55.574663433000069 ], [ -1.644923091712266, 55.574137891412001 ], [ -1.646325349634594, 55.57302451107256 ], [ -1.639879465164825, 55.564891457974738 ], [ -1.62380421129501, 55.551781535090015 ], [ -1.63298165787694, 55.549834012729605 ], [ -1.635127492091458, 55.545157502547156 ], [ -1.637264499999958, 55.541373999000029 ], [ -1.637016391687102, 55.541040941196385 ], [ -1.63828062974676, 55.53828573200127 ], [ -1.628007412311888, 55.528839945707148 ], [ -1.618856079040456, 55.524241960999802 ], [ -1.618386846999954, 55.522800309000047 ], [ -1.613572439066263, 55.521587255386983 ], [ -1.611692468659469, 55.520642685352833 ], [ -1.618042279999941, 55.514208263000057 ], [ -1.613875303999976, 55.508923959000072 ], [ -1.616236054999945, 55.503119326000046 ], [ -1.614556481933385, 55.499357342177561 ], [ -1.614858746633502, 55.497655868323875 ], [ -1.610868752618359, 55.496392410114197 ], [ -1.608918763999952, 55.495097305000058 ], [ -1.603939268999966, 55.493818028000078 ], [ -1.597575717118216, 55.492183081786777 ], [ -1.591779351435605, 55.490347623943933 ], [ -1.591779400744241, 55.490294791377586 ], [ -1.592674547999934, 55.473845350000033 ], [ -1.591797366056529, 55.471045555657966 ], [ -1.591799378438054, 55.468889355659542 ], [ -1.589790620613357, 55.464640414079284 ], [ -1.589175522999938, 55.462677142000075 ], [ -1.592759789999945, 55.457031702000052 ], [ -1.591251171869274, 55.45492267441535 ], [ -1.591273546636387, 55.454876542218926 ], [ -1.587008382797172, 55.447228371209292 ], [ -1.58791684746432, 55.445971374419443 ], [ -1.592008233392903, 55.441215157753447 ], [ -1.591631434359547, 55.440831687680109 ], [ -1.592492980999964, 55.439639609000039 ], [ -1.58635066599993, 55.434334988000046 ], [ -1.584688743731378, 55.433766080158179 ], [ -1.578198313300959, 55.427160739876456 ], [ -1.582250237558071, 55.417948127104466 ], [ -1.579662718513301, 55.408986987895481 ], [ -1.579486243999952, 55.408190554000043 ], [ -1.592542, 55.402824499000076 ], [ -1.593172684317814, 55.40162438605708 ], [ -1.593828559240251, 55.401365637614447 ], [ -1.595586973361605, 55.397030297623715 ], [ -1.596566678999977, 55.395166041000039 ], [ -1.597813797602256, 55.39424989644521 ], [ -1.610443949528417, 55.387080311607008 ], [ -1.606553961980753, 55.375709542624627 ], [ -1.605985499999974, 55.373958499000082 ], [ -1.605749695003965, 55.373358600910507 ], [ -1.601459145822616, 55.360816955737903 ], [ -1.586414054832252, 55.340630094746373 ], [ -1.591767, 55.341083499000035 ], [ -1.591722180999966, 55.338475288000041 ], [ -1.583831499999974, 55.33567799900004 ], [ -1.571414114999925, 55.336549280000042 ], [ -1.555379389971605, 55.325430400887178 ], [ -1.551033854728303, 55.322126150002134 ], [ -1.550618768141248, 55.311884045512613 ], [ -1.558857321607661, 55.306543827136295 ], [ -1.567574525290813, 55.294485326477172 ], [ -1.569898389999935, 55.291518113000052 ], [ -1.569914480748601, 55.29124846802398 ], [ -1.570951819070842, 55.289813518779113 ], [ -1.572007536817864, 55.275529980624412 ], [ -1.566798784508695, 55.265503491152145 ], [ -1.565630078999959, 55.262604665000026 ], [ -1.564570735014404, 55.26121464931974 ], [ -1.560153126864805, 55.252711057869135 ], [ -1.546358823500611, 55.239005326934432 ], [ -1.528518822859077, 55.228752642153893 ], [ -1.526511556999935, 55.227309664000074 ], [ -1.528591186999961, 55.222899114000029 ], [ -1.526733769999964, 55.217120326000042 ], [ -1.525728319543428, 55.21592526207229 ], [ -1.525973439222525, 55.213911056450456 ], [ -1.518251502026279, 55.207038424485177 ], [ -1.518236, 55.207019999000067 ], [ -1.511318855999946, 55.200040508000029 ], [ -1.509832916173532, 55.199545765484764 ], [ -1.508985042525353, 55.19879114609472 ], [ -1.504332738370556, 55.192186641950734 ], [ -1.504342774999941, 55.191171076000046 ], [ -1.501017434999937, 55.186040913000056 ], [ -1.512215654999977, 55.183226680000075 ], [ -1.512441608801382, 55.182438921367996 ], [ -1.513785719834573, 55.182024479046675 ], [ -1.513787815429321, 55.177745546504958 ], [ -1.514720009999962, 55.17449557100008 ], [ -1.516921318203122, 55.172185682124478 ], [ -1.520140051521821, 55.169828653169873 ], [ -1.52101722760119, 55.167887739864298 ], [ -1.5272, 55.161399999000082 ], [ -1.524161809847342, 55.156844989639488 ], [ -1.517685056120001, 55.143600344780168 ], [ -1.513078765538356, 55.140228725339142 ], [ -1.510773333999964, 55.136772305000079 ], [ -1.51468897899997, 55.136903422000046 ], [ -1.523616918999949, 55.141384733000052 ], [ -1.554873, 55.134040999000035 ], [ -1.534720499999935, 55.135075999000037 ], [ -1.525113828999963, 55.136299161000068 ], [ -1.514376, 55.133781499000065 ], [ -1.5102, 55.131572499000072 ], [ -1.504563499999961, 55.129440499000054 ], [ -1.49729083099993, 55.124460235000072 ], [ -1.498292207121986, 55.113989788296273 ], [ -1.498657702990101, 55.113608956388532 ], [ -1.498404004415568, 55.112820829322423 ], [ -1.498412499999972, 55.112731999000061 ], [ -1.497678, 55.10819649900003 ], [ -1.495865553202772, 55.104935006114772 ], [ -1.494328975501446, 55.100161552114002 ], [ -1.479572177213697, 55.086827754697424 ], [ -1.462547980835805, 55.074374827940638 ], [ -1.456800341162364, 55.070170521652756 ], [ -1.454484923652488, 55.063248445614043 ], [ -1.454607301999943, 55.062975580000057 ], [ -1.453785947826401, 55.061158816509675 ], [ -1.451902508293756, 55.055528163893598 ], [ -1.450622725547917, 55.054162045892767 ], [ -1.450417, 55.053706999000042 ], [ -1.445716499999946, 55.048328499000036 ], [ -1.444533985864731, 55.047662554544999 ], [ -1.443185448948952, 55.046223044158239 ], [ -1.437782632911974, 55.043860463788555 ], [ -1.432798422999952, 55.041053557000055 ], [ -1.430777219803287, 55.037367700904952 ], [ -1.431018948165388, 55.033573746831166 ], [ -1.430000574089807, 55.032005382910597 ], [ -1.429814, 55.03056699900003 ], [ -1.428010111831193, 55.028939938427555 ], [ -1.424311161330706, 55.023243308232395 ], [ -1.41622508624044, 55.017023555342114 ], [ -1.416308056999981, 55.015781101000073 ], [ -1.423194921755547, 55.014399120151097 ], [ -1.428799629099331, 55.013355731781814 ], [ -1.428871504896579, 55.013260005406288 ], [ -1.428964744999973, 55.013241295000057 ], [ -1.433630684999969, 55.009207034000042 ], [ -1.440987499999949, 55.007026499000062 ], [ -1.448766001999957, 54.993375492000041 ], [ -1.455402439999943, 54.989151599000081 ], [ -1.502184499999942, 54.988761999000076 ], [ -1.519534246999967, 54.987698060000071 ], [ -1.530777, 54.98407749900008 ], [ -1.534014, 54.98108299900008 ], [ -1.535068, 54.977592499000082 ], [ -1.536076499999979, 54.971061499000029 ], [ -1.537442, 54.964523499000052 ], [ -1.541764499999942, 54.962672999000063 ], [ -1.545613499999945, 54.962062999000068 ], [ -1.551554, 54.960124999000072 ], [ -1.554413, 54.96016699900008 ], [ -1.560750499999926, 54.96318799900007 ], [ -1.565403, 54.964648999000076 ], [ -1.570142499999974, 54.965495999000041 ], [ -1.57841, 54.965430999000034 ], [ -1.580589499999974, 54.966144499000052 ], [ -1.588276499999949, 54.970702999000082 ], [ -1.603939268999966, 54.968572169000026 ], [ -1.589378887999942, 54.96918091100008 ], [ -1.578954499999952, 54.963851999000042 ], [ -1.576376, 54.963382499000033 ], [ -1.572, 54.96414549900004 ], [ -1.568184499999973, 54.963939499000048 ], [ -1.56278, 54.962287999000068 ], [ -1.55849749999993, 54.959743499000069 ], [ -1.555947, 54.95857249900007 ], [ -1.552453, 54.958228999000028 ], [ -1.547768499999961, 54.95997249900006 ], [ -1.539362, 54.960647499000061 ], [ -1.53582149999994, 54.961757499000043 ], [ -1.534284499999956, 54.963683999000068 ], [ -1.534101, 54.965163999000026 ], [ -1.531644823999954, 54.977384565000079 ], [ -1.52808841999996, 54.982037277000074 ], [ -1.518713749999961, 54.985315805000027 ], [ -1.506336, 54.98612599900008 ], [ -1.492965499999968, 54.986312999000063 ], [ -1.481297499999926, 54.985831999000027 ], [ -1.472995988999969, 54.986161523000078 ], [ -1.464424306999945, 54.984190609000052 ], [ -1.449041, 54.98545849900006 ], [ -1.447844499999974, 54.986663999000029 ], [ -1.449324499999932, 54.987266499000043 ], [ -1.445032, 54.991973999000038 ], [ -1.443863499999964, 54.993331999000077 ], [ -1.439275236999947, 55.003870178000057 ], [ -1.431504470245829, 55.006279789953219 ], [ -1.415242314181114, 55.001132368664059 ], [ -1.40552914145627, 54.994172215875153 ], [ -1.39938437287387, 54.992298001974255 ], [ -1.381575182999939, 54.985575747000041 ], [ -1.380844499999967, 54.980334999000036 ], [ -1.380754846193694, 54.980292379494664 ], [ -1.380757451494787, 54.980264544873137 ], [ -1.380427356753738, 54.980136698006874 ], [ -1.362067320999927, 54.971408729000075 ], [ -1.355708142999958, 54.962987479000049 ], [ -1.353910286999962, 54.957278043000031 ], [ -1.355439228140882, 54.953247531749959 ], [ -1.360073761022772, 54.947377942016345 ], [ -1.36390149999994, 54.944183499000076 ], [ -1.364563499999974, 54.942096499000058 ], [ -1.36654, 54.939422499000045 ], [ -1.366639496135021, 54.939062503893318 ], [ -1.367149114439769, 54.938417077386305 ], [ -1.367057462146769, 54.93755022686895 ], [ -1.367832499999963, 54.934745999000029 ], [ -1.367485, 54.933192999000028 ], [ -1.366500940062859, 54.932286621992695 ], [ -1.365527152955394, 54.923076510273006 ], [ -1.363064872203002, 54.920207672342009 ], [ -1.362788154999976, 54.918864534000079 ], [ -1.367906171999948, 54.916953928000055 ], [ -1.372342840999977, 54.911763905000043 ], [ -1.379572499999938, 54.910396499000058 ], [ -1.371029372999942, 54.910395197000071 ], [ -1.361922344999925, 54.916524468000034 ], [ -1.35259565257106, 54.908009837323043 ], [ -1.352045498158642, 54.907368844680462 ], [ -1.351713462233132, 54.906139812518312 ], [ -1.356884031128233, 54.901710633651511 ], [ -1.360743173999936, 54.898887971000079 ], [ -1.359929143249373, 54.895081777421204 ], [ -1.360479950788658, 54.891053676586182 ], [ -1.358385789535847, 54.887865461587573 ], [ -1.357932499999947, 54.885745999000051 ], [ -1.35398349999997, 54.88003149900004 ], [ -1.355463499999928, 54.878684999000029 ], [ -1.355504499999938, 54.875648499000079 ], [ -1.354437411090194, 54.87397646283506 ], [ -1.354593872708733, 54.872866511480368 ], [ -1.347651367262397, 54.864154233862003 ], [ -1.348224499999958, 54.862323999000068 ], [ -1.347372499999949, 54.860690999000042 ], [ -1.347231499999964, 54.858527999000046 ], [ -1.345376499999929, 54.855037499000048 ], [ -1.343437414388315, 54.852835162056181 ], [ -1.342254757850469, 54.849503636483803 ], [ -1.338687539113051, 54.847440441093461 ], [ -1.335804499999938, 54.84416599900004 ], [ -1.329848145999961, 54.839612716000033 ], [ -1.326872558139175, 54.838891873649757 ], [ -1.324045419959816, 54.835510253795462 ], [ -1.323831228168984, 54.83461978571821 ], [ -1.324801913999977, 54.833202523000068 ], [ -1.322570539249902, 54.829378673379452 ], [ -1.320355653590127, 54.820170640862727 ], [ -1.312570978941847, 54.81103549704833 ], [ -1.312329499999976, 54.806640499000082 ], [ -1.311499499999968, 54.800800499000047 ], [ -1.31021436901682, 54.798714382000909 ], [ -1.310210123772402, 54.79865208530466 ], [ -1.311574, 54.794879999000045 ], [ -1.310586499999943, 54.792583499000045 ], [ -1.310669, 54.79017649900004 ], [ -1.309509615081328, 54.788372494106525 ], [ -1.30909371340374, 54.782269358943893 ], [ -1.308768494295131, 54.781817559919183 ], [ -1.30878415799998, 54.781185013000027 ], [ -1.303864135020395, 54.775004354057408 ], [ -1.301131966558844, 54.771208786658121 ], [ -1.300678, 54.769862999000054 ], [ -1.298251643402015, 54.767207400642825 ], [ -1.295963406485555, 54.764028549278351 ], [ -1.292929795528541, 54.761713940784567 ], [ -1.29225, 54.76102049900004 ], [ -1.291252, 54.760184999000046 ], [ -1.286802499999965, 54.756721499000037 ], [ -1.285788471549014, 54.756265196903399 ], [ -1.266572343105989, 54.741603523161402 ], [ -1.266592, 54.741183999000043 ], [ -1.262481967999975, 54.738224347000028 ], [ -1.242229499999951, 54.72259499900008 ], [ -1.240822491388955, 54.721956697532647 ], [ -1.23966026341003, 54.721069931632258 ], [ -1.229002897068634, 54.716622848471502 ], [ -1.217639499999962, 54.71159749900005 ], [ -1.216480051177404, 54.711397341971704 ], [ -1.210193753538533, 54.70877420906271 ], [ -1.193819102522195, 54.704111373961041 ], [ -1.180376211543406, 54.700040175798243 ], [ -1.180394787757793, 54.694059755921813 ], [ -1.189246712999932, 54.695669475000045 ], [ -1.194698289999963, 54.692399125000065 ], [ -1.194532855389372, 54.69189488499341 ], [ -1.197204113178884, 54.691673159688833 ], [ -1.196632166402373, 54.686117214468126 ], [ -1.198487870999941, 54.684690756000066 ], [ -1.198468499999933, 54.679572999000072 ], [ -1.195574760142928, 54.675845469797508 ], [ -1.195479154139321, 54.674916744012819 ], [ -1.193791103143083, 54.673547877794483 ], [ -1.185377900107838, 54.66271053181638 ], [ -1.181293249083922, 54.655740260804521 ], [ -1.168537258887, 54.645564675569688 ], [ -1.170808228066803, 54.633343174527148 ], [ -1.184861827922564, 54.632024832136182 ], [ -1.188413143051832, 54.631881833280261 ], [ -1.189602034583479, 54.630816954023622 ], [ -1.200744499999928, 54.622935999000049 ], [ -1.198585068921993, 54.62277093243619 ], [ -1.200192451519968, 54.621331214564123 ], [ -1.182582075627736, 54.621547666205792 ], [ -1.167074831999969, 54.620362295000064 ], [ -1.161615432999952, 54.621774326000036 ], [ -1.159415272376599, 54.614041872972344 ], [ -1.159499729535382, 54.613568573470566 ], [ -1.165871521999975, 54.609632002000069 ], [ -1.169241974999977, 54.603618149000056 ], [ -1.197892086999957, 54.585435588000053 ], [ -1.206438575999925, 54.582508462000078 ], [ -1.229223264999973, 54.585692549000044 ], [ -1.244327001999977, 54.591515404000063 ], [ -1.253900039999962, 54.591297921000034 ], [ -1.258561164999946, 54.587505190000059 ], [ -1.262148, 54.572047999000063 ], [ -1.261252, 54.571902999000031 ], [ -1.260359499999936, 54.571754499000065 ], [ -1.25698754299998, 54.586900165000031 ], [ -1.252083769999956, 54.590360125000075 ], [ -1.24588794999994, 54.590003985000067 ], [ -1.233089778999954, 54.584985041000039 ], [ -1.229223264999973, 54.58408232000005 ], [ -1.215352152999969, 54.580843644000026 ], [ -1.204704, 54.580238991000044 ], [ -1.196843, 54.58174499900008 ], [ -1.170381412016299, 54.598004516275118 ], [ -1.163158274127075, 54.602088203760538 ], [ -1.153379585999971, 54.601782419000074 ], [ -1.15544723708921, 54.606447730871068 ], [ -1.139770031261605, 54.615311026882637 ], [ -1.150775909280412, 54.618936419780141 ], [ -1.152182900385925, 54.621286642609114 ], [ -1.152853217363953, 54.625060447320919 ], [ -1.12644755810777, 54.633749246730588 ], [ -1.123927354663408, 54.630458951119692 ], [ -1.104877948358194, 54.623913407378211 ], [ -1.086902022310198, 54.619962453604614 ], [ -1.074517607701125, 54.620865941310456 ], [ -1.05439809263693, 54.616670219301042 ], [ -1.052872066979108, 54.616241348413084 ], [ -1.046401619638573, 54.609089851515762 ], [ -1.031613002181784, 54.604001985743771 ], [ -1.030763365999974, 54.603618149000056 ], [ -1.025141, 54.60107799900004 ], [ -1.016309, 54.598304499000051 ], [ -1.002332, 54.593642999000053 ], [ -0.984348499999953, 54.589366999000049 ], [ -0.967972499999973, 54.585910999000077 ], [ -0.960204, 54.585082999000065 ], [ -0.94931349999996, 54.58676549900008 ], [ -0.944071505321911, 54.5886323573014 ], [ -0.94179311874045, 54.589043439926058 ], [ -0.940949499999931, 54.589141999000049 ], [ -0.938256, 54.588809999000034 ], [ -0.928112710674833, 54.586578812950499 ], [ -0.921076798139112, 54.584997542086796 ], [ -0.906245672580962, 54.576584082464045 ], [ -0.899274349531197, 54.572381735229044 ], [ -0.898762524653572, 54.572339012682171 ], [ -0.898142, 54.571986999000046 ], [ -0.873406199999977, 54.569829534000064 ], [ -0.859763912063689, 54.571080751548642 ], [ -0.852913567647307, 54.571675192038057 ], [ -0.835325875685403, 54.567261777010927 ], [ -0.824619650675913, 54.562357067924609 ], [ -0.824434377978686, 54.562317088875794 ], [ -0.824159217999977, 54.562156294000033 ], [ -0.809049711999933, 54.558897197000078 ], [ -0.803823700548068, 54.559395631161969 ], [ -0.793016671781743, 54.560194611192685 ], [ -0.791096977026947, 54.559848067686737 ], [ -0.790906499999949, 54.559482499000069 ], [ -0.776201669999978, 54.556773713000041 ], [ -0.768868642574458, 54.551338479117966 ], [ -0.766265389550277, 54.548401474158908 ], [ -0.76549857699996, 54.545832491000056 ], [ -0.763504215855801, 54.545286302195919 ], [ -0.762439131360395, 54.544084667773234 ], [ -0.752880419315204, 54.542376799699412 ], [ -0.751662600999964, 54.54204328000003 ], [ -0.750236167628502, 54.539873940636568 ], [ -0.748563271366647, 54.532599747715111 ], [ -0.748620516999949, 54.532361980000076 ], [ -0.748482801613934, 54.532249844066612 ], [ -0.748282551398347, 54.531379103463053 ], [ -0.746474594708906, 54.530614644381274 ], [ -0.744323171999952, 54.528862830000037 ], [ -0.741625201735177, 54.528564173525666 ], [ -0.738259315814503, 54.527140974576639 ], [ -0.735585704350002, 54.5278956209402 ], [ -0.734082570999931, 54.527729229000045 ], [ -0.715283897999939, 54.533243022000079 ], [ -0.711266041195671, 54.532374987012631 ], [ -0.697218271674707, 54.523373856405257 ], [ -0.693921476999947, 54.521036648000063 ], [ -0.680899594999971, 54.51856689400006 ], [ -0.680291929704781, 54.51805518277056 ], [ -0.673997377499293, 54.508164002927337 ], [ -0.674393883999926, 54.506235298000036 ], [ -0.671311184790394, 54.503942953627892 ], [ -0.6709524396029, 54.503379225970775 ], [ -0.669987306734651, 54.502958496759348 ], [ -0.669069070999967, 54.502275682000061 ], [ -0.666852233015485, 54.50159182784045 ], [ -0.660122037301846, 54.49865794171086 ], [ -0.626355052143481, 54.491629362205401 ], [ -0.607025623033621, 54.490728139892269 ], [ -0.583598355936468, 54.484730249373456 ], [ -0.57271359288392, 54.48116931520412 ], [ -0.564625284474191, 54.476222933910911 ], [ -0.560113937999972, 54.46998437700006 ], [ -0.557046628999956, 54.465742137000063 ], [ -0.554356745290366, 54.464269870788769 ], [ -0.55383455781822, 54.46362745764128 ], [ -0.551930252210986, 54.462941767361848 ], [ -0.53677537445725, 54.454646979608164 ], [ -0.533355355365075, 54.451598643962427 ], [ -0.527223082895702, 54.449418680683429 ], [ -0.521527836999951, 54.446301476000031 ], [ -0.522202377999974, 54.443026908000036 ], [ -0.522603635999928, 54.441078874000027 ], [ -0.531938474999947, 54.435137087000044 ], [ -0.531133623128719, 54.428069251330392 ], [ -0.531358957549571, 54.426510334184684 ], [ -0.530888383356039, 54.425915669441686 ], [ -0.530846523999969, 54.425548080000056 ], [ -0.529002581298653, 54.423532580842235 ], [ -0.523586630618183, 54.416688442417808 ], [ -0.517999795253723, 54.414510543326003 ], [ -0.502697, 54.407451499000047 ], [ -0.499705471903839, 54.407378922719772 ], [ -0.499032377841729, 54.407116532502243 ], [ -0.496242033454723, 54.407294897609013 ], [ -0.490752037999926, 54.407161707000057 ], [ -0.483750509199268, 54.403339825286508 ], [ -0.469622992672965, 54.394299210853852 ], [ -0.44920553399993, 54.371485804000031 ], [ -0.448442954999962, 54.367652639000028 ], [ -0.447569132999945, 54.363259859000038 ], [ -0.446801, 54.359397999000066 ], [ -0.444696, 54.357688999000061 ], [ -0.439099, 54.356631999000058 ], [ -0.43299, 54.350352999000052 ], [ -0.43090449999994, 54.344920999000067 ], [ -0.43254, 54.340183499000034 ], [ -0.42838, 54.340232999000079 ], [ -0.423223499999949, 54.339069499000061 ], [ -0.420682499999941, 54.332885499000042 ], [ -0.417122499999948, 54.331542999000078 ], [ -0.419713, 54.32735449900008 ], [ -0.421478499999978, 54.326194999000052 ], [ -0.420459, 54.322543999000061 ], [ -0.419651956092415, 54.322067973397928 ], [ -0.417706250842286, 54.312153101284764 ], [ -0.417593453691774, 54.312078512881385 ], [ -0.417421898999976, 54.310938469000064 ], [ -0.408556387999965, 54.305166371000041 ], [ -0.409443, 54.302562499000032 ], [ -0.408631, 54.301563499000054 ], [ -0.410109, 54.300460999000052 ], [ -0.409516, 54.297389999000075 ], [ -0.405795, 54.292140999000083 ], [ -0.403108732380176, 54.290667674513919 ], [ -0.401882052614383, 54.289175153211261 ], [ -0.400518025346562, 54.289246761690144 ], [ -0.400224, 54.289085499000066 ], [ -0.396847499999978, 54.288051499000062 ], [ -0.394913, 54.28809349900007 ], [ -0.391076205640561, 54.289742436786227 ], [ -0.39062633133428, 54.28976605421348 ], [ -0.386405432701107, 54.28913227782629 ], [ -0.386726921335083, 54.284140724854005 ], [ -0.397104, 54.279472499000065 ], [ -0.397530499999959, 54.277065499000059 ], [ -0.396518499999956, 54.274436999000045 ], [ -0.396090725666431, 54.274072435038434 ], [ -0.395887017171731, 54.272764563733915 ], [ -0.387090607727789, 54.266402225786628 ], [ -0.386184903999947, 54.265630354000052 ], [ -0.385881471636682, 54.265527672085497 ], [ -0.384733438097442, 54.264697313130739 ], [ -0.381340698082209, 54.263991068286444 ], [ -0.375811108999926, 54.262119848000054 ], [ -0.372966034058432, 54.2591005900629 ], [ -0.368111952107477, 54.251052092679146 ], [ -0.368874223999967, 54.249347458000045 ], [ -0.36557002198024, 54.246837347607787 ], [ -0.364399075956101, 54.244895815489656 ], [ -0.353228450232336, 54.240506172422158 ], [ -0.344449542251568, 54.241808522842483 ], [ -0.338308208999933, 54.242322714000068 ], [ -0.334405321999952, 54.238559096000074 ], [ -0.33243249299265, 54.237979125343344 ], [ -0.331223845603745, 54.236915707394303 ], [ -0.31337975355476, 54.230215365007041 ], [ -0.311411401999976, 54.228709199000036 ], [ -0.30449244753082, 54.227571145150208 ], [ -0.295800266156952, 54.225188097459409 ], [ -0.27209045799998, 54.21789625200006 ], [ -0.277715617999945, 54.21574922800005 ], [ -0.278197800078309, 54.21522761225156 ], [ -0.281021833690261, 54.214098334171069 ], [ -0.282501190946883, 54.210572282761568 ], [ -0.283058267999934, 54.209969647000037 ], [ -0.283507577914821, 54.20817355711845 ], [ -0.285098552256102, 54.20438146613202 ], [ -0.282733152657815, 54.195431667925391 ], [ -0.282655, 54.195113999000057 ], [ -0.282644521831526, 54.195096321622486 ], [ -0.281916260726518, 54.192340850649941 ], [ -0.279928815446914, 54.190514741621691 ], [ -0.279403499999944, 54.189628499000037 ], [ -0.275065499999926, 54.184512999000049 ], [ -0.268466499999931, 54.179157499000041 ], [ -0.265641970123036, 54.177387669647004 ], [ -0.264805317011394, 54.176618934116846 ], [ -0.259904158860016, 54.174229882614014 ], [ -0.251311, 54.16973099900008 ], [ -0.243334785091511, 54.166153202351907 ], [ -0.237404703663742, 54.163262605984812 ], [ -0.232802125779295, 54.161879922759589 ], [ -0.232756499999937, 54.161861499000054 ], [ -0.232496709915437, 54.161788171266778 ], [ -0.223211407979704, 54.158998727709275 ], [ -0.221435235983032, 54.15876151954221 ], [ -0.218163499999946, 54.157989499000053 ], [ -0.21338413023273, 54.157686292570126 ], [ -0.21248123345099, 54.157565710503164 ], [ -0.209508167215676, 54.157168656843062 ], [ -0.172591393999937, 54.151415988000053 ], [ -0.150833351699135, 54.143848380914491 ], [ -0.130706429157897, 54.136216640285795 ], [ -0.120070116393783, 54.133640951047809 ], [ -0.118440308999936, 54.133107897000059 ], [ -0.116499663959169, 54.132776330373844 ], [ -0.11349797285277, 54.132049440929165 ], [ -0.112143962473642, 54.132032142118895 ], [ -0.099086565999926, 54.129801236000048 ], [ -0.083810672999959, 54.122387071000048 ], [ -0.08181661499998, 54.118089362000035 ], [ -0.077199487999962, 54.116599726000061 ], [ -0.077708787972245, 54.114589820614874 ], [ -0.07969141238603, 54.112773366231686 ], [ -0.084415020999927, 54.109991142000069 ], [ -0.104254260999937, 54.104432880000047 ], [ -0.140251110999941, 54.104183655000043 ], [ -0.164521521999973, 54.09947345900008 ], [ -0.168005196065223, 54.097645044214552 ], [ -0.168139219149168, 54.097619772334838 ], [ -0.16833103671486, 54.097474025959009 ], [ -0.172862437999925, 54.095095709000077 ], [ -0.181051671283381, 54.087808663040214 ], [ -0.183019638245298, 54.086313366968568 ], [ -0.183484086295328, 54.085644221098946 ], [ -0.184625, 54.084628999000074 ], [ -0.187584575999949, 54.080427779000047 ], [ -0.198320010999964, 54.077566992000072 ], [ -0.200915294146119, 54.074352446948197 ], [ -0.208214879212903, 54.066231966132307 ], [ -0.208799090640105, 54.064587493537516 ], [ -0.20928349999997, 54.063987499000064 ], [ -0.212169, 54.057590499000071 ], [ -0.213166098752374, 54.052294982936942 ], [ -0.214867472855076, 54.047505855311044 ], [ -0.216394543273168, 54.023297667953045 ], [ -0.212454914662317, 54.005128144848129 ], [ -0.208387516054767, 53.998017729438629 ], [ -0.208244, 53.997623499000042 ], [ -0.194711, 53.972060999000064 ], [ -0.188556, 53.959975999000051 ], [ -0.184898096869137, 53.953631453021323 ], [ -0.17963290203636, 53.943058252036792 ], [ -0.174583557271233, 53.935741129415945 ], [ -0.173273, 53.933467999000072 ], [ -0.162375038999926, 53.917958531000068 ], [ -0.158134377365132, 53.909739782887279 ], [ -0.155882954334629, 53.902483462841644 ], [ -0.126600622919966, 53.868507623628091 ], [ -0.111336946042911, 53.854451059968767 ], [ -0.082770886542354, 53.83163102607341 ], [ -0.071967229390192, 53.821483770254325 ], [ -0.069877147511932, 53.818827509882055 ], [ -0.03175497051501, 53.784911751676304 ], [ -0.019540866623815, 53.775911799358113 ], [ 0.006724101157979, 53.754207099333414 ], [ 0.013379931838642, 53.748437404263143 ], [ 0.017529960653618, 53.745277412428386 ], [ 0.043967454959268, 53.723430140881128 ], [ 0.045291424060281, 53.721060872061742 ], [ 0.067367315249896, 53.703113556145865 ], [ 0.077486887149727, 53.695714240764133 ], [ 0.111394769000071, 53.66765059100004 ], [ 0.129451811000024, 53.64564329600006 ], [ 0.130474470000024, 53.643511707000073 ], [ 0.145502110000052, 53.61217629600003 ], [ 0.142144772000051, 53.612335003000055 ], [ 0.133852246160035, 53.616551304329896 ], [ 0.125057220114968, 53.622026443765492 ], [ 0.113100508633509, 53.627100387356641 ], [ 0.103520849000063, 53.631969994000031 ], [ 0.092467351441406, 53.635856262737803 ], [ 0.090022802410829, 53.636893630236898 ], [ 0.088013200755649, 53.637422285299571 ], [ 0.077776721000021, 53.64102130100008 ], [ 0.067725971091086, 53.642759137328042 ], [ 0.066818952732717, 53.642997741752879 ], [ 0.065098162729311, 53.643213501517316 ], [ 0.037612513000056, 53.647965939000073 ], [ 0.032868263594543, 53.647254619510441 ], [ 0.032100320273969, 53.647350907418684 ], [ 0.018057573781512, 53.645034008531049 ], [ -0.008436765999932, 53.641061633000049 ], [ -0.057956110999953, 53.629722915000059 ], [ -0.07693913199995, 53.63111004700005 ], [ -0.10215586399994, 53.635550127000045 ], [ -0.131953499999952, 53.650882499000033 ], [ -0.176170335629667, 53.681662757565086 ], [ -0.176337361579613, 53.681873321297019 ], [ -0.17684411896914, 53.682131792155879 ], [ -0.179171313999973, 53.683751801000028 ], [ -0.204853097502264, 53.698824023207081 ], [ -0.205391049357047, 53.699403047812893 ], [ -0.206798163573781, 53.699965550937613 ], [ -0.21218855799998, 53.703129086000047 ], [ -0.220088524999937, 53.706339473000071 ], [ -0.227370142999973, 53.709298359000059 ], [ -0.235010927999951, 53.719591593000075 ], [ -0.236183195999956, 53.728113034000046 ], [ -0.242735707999941, 53.730017187000044 ], [ -0.245361537999941, 53.734776633000081 ], [ -0.250096, 53.733318499000063 ], [ -0.273510762878774, 53.739809002624192 ], [ -0.274729252152952, 53.740185021921377 ], [ -0.274926643575961, 53.740201480602465 ], [ -0.276406151999936, 53.740611596000065 ], [ -0.29461624399994, 53.742565669000044 ], [ -0.307125, 53.74192799900004 ], [ -0.331995499999948, 53.738570999000046 ], [ -0.35388949999998, 53.731979499000033 ], [ -0.384182259769442, 53.724532003878394 ], [ -0.386049266463891, 53.724134481700283 ], [ -0.396595, 53.723106499000039 ], [ -0.419136499999979, 53.719619999000031 ], [ -0.446879864999971, 53.714109213000029 ], [ -0.463185499999952, 53.716781499000035 ], [ -0.46490086741886, 53.716755801920989 ], [ -0.466384053081242, 53.717047333568019 ], [ -0.478868603602791, 53.717075943700081 ], [ -0.482830263893294, 53.716487210414989 ], [ -0.486759062999965, 53.716428355000062 ], [ -0.535920500554104, 53.709248413369629 ], [ -0.537923330350523, 53.709149581557668 ], [ -0.550393232999966, 53.70933126400007 ], [ -0.559118499999954, 53.711509499000044 ], [ -0.592155909999974, 53.728261884000062 ], [ -0.604006853646058, 53.729552731207121 ], [ -0.605453729505541, 53.729866146805591 ], [ -0.606413245389536, 53.729814844010448 ], [ -0.615600603999951, 53.730815564000068 ], [ -0.632204955927348, 53.728435828963192 ], [ -0.6375149489553, 53.728151917577179 ], [ -0.654424240821683, 53.724596065153712 ], [ -0.672285723999948, 53.721367602000043 ], [ -0.673067123247733, 53.720675656234228 ], [ -0.674633741553464, 53.720346212308186 ], [ -0.679057247164144, 53.715371273241274 ], [ -0.687397964999946, 53.707985389000044 ], [ -0.699118498999951, 53.70413052300006 ], [ -0.717295553789412, 53.706235547750964 ], [ -0.718113422795909, 53.706386447176953 ], [ -0.71852694819848, 53.706378151475235 ], [ -0.725829897999972, 53.707223882000051 ], [ -0.742525694999927, 53.706858513000043 ], [ -0.746823104208078, 53.705810504436734 ], [ -0.747979760457042, 53.705787300843497 ], [ -0.750516178763205, 53.704909874878034 ], [ -0.778584796999951, 53.698064785000042 ], [ -0.80435208199998, 53.706660673000044 ], [ -0.814774351999972, 53.706396539000082 ], [ -0.825800338999954, 53.702996210000038 ], [ -0.844749627999931, 53.689347099000031 ], [ -0.851371824999944, 53.686841040000047 ], [ -0.857757136999965, 53.690456219000055 ], [ -0.863256939999928, 53.700312918000066 ], [ -0.843462623999926, 53.708140778000029 ], [ -0.84051068499997, 53.717648602000054 ], [ -0.846145505999971, 53.728658752000058 ], [ -0.851261529999931, 53.731479212000067 ], [ -0.858213499999977, 53.732181499000035 ], [ -0.862546, 53.730495499000028 ], [ -0.872211, 53.724036999000077 ], [ -0.88709149999994, 53.728305999000042 ], [ -0.893935, 53.72788999900007 ], [ -0.90131, 53.728439499000046 ], [ -0.908267, 53.727821499000072 ], [ -0.911604, 53.728412499000058 ], [ -0.905781499999932, 53.725761499000043 ], [ -0.904864499999974, 53.727126999000063 ], [ -0.897926, 53.726398499000027 ], [ -0.893606, 53.726924999000062 ], [ -0.888843, 53.726657999000054 ], [ -0.88408, 53.725532499000053 ], [ -0.877780499999972, 53.72282399900007 ], [ -0.861125758999947, 53.722409948000063 ], [ -0.857902111999977, 53.724663864000036 ], [ -0.857087556999943, 53.729669553000065 ], [ -0.853155998999966, 53.73013932200007 ], [ -0.846873423999966, 53.724857390000068 ], [ -0.843974499999945, 53.713344499000073 ], [ -0.844864499999971, 53.71023199900003 ], [ -0.847116, 53.708617999000069 ], [ -0.851136499999939, 53.707343999000045 ], [ -0.856491739999967, 53.706339473000071 ], [ -0.859413, 53.705791499000043 ], [ -0.864014, 53.703826999000057 ], [ -0.866496, 53.70194249900004 ], [ -0.867280499999936, 53.697269499000072 ], [ -0.860242, 53.689014499000052 ], [ -0.854361295999979, 53.685341913000059 ], [ -0.846502167999972, 53.685726005000049 ], [ -0.82576208699993, 53.699712874000056 ], [ -0.811716647999958, 53.704214540000066 ], [ -0.800740842999971, 53.703301976000034 ], [ -0.784858152999959, 53.696463590000064 ], [ -0.775200158999951, 53.694939171000044 ], [ -0.766642559132764, 53.696236948261237 ], [ -0.766257405454553, 53.6959189177241 ], [ -0.75521914315211, 53.700014960752888 ], [ -0.745893966999972, 53.703190624000058 ], [ -0.735327201420568, 53.703879322813627 ], [ -0.728348071888072, 53.704071419114875 ], [ -0.717511288958834, 53.702975837730634 ], [ -0.700079752067626, 53.698257641819858 ], [ -0.698366, 53.684653999000034 ], [ -0.690080118999958, 53.677142094000033 ], [ -0.690050096999926, 53.672355495000033 ], [ -0.698283015999948, 53.654966296000055 ], [ -0.712976427999934, 53.644591848000061 ], [ -0.714892499999962, 53.634449450000034 ], [ -0.712679529999946, 53.624325433000081 ], [ -0.701053921999971, 53.613410030000068 ], [ -0.708586046999926, 53.608418265000068 ], [ -0.725338358999977, 53.608923121000032 ], [ -0.733332623999956, 53.604471914000044 ], [ -0.739063962999978, 53.59276274900003 ], [ -0.731876172999932, 53.583495882000079 ], [ -0.733149, 53.581027999000071 ], [ -0.735001499999953, 53.579337999000074 ], [ -0.743834499999934, 53.574825499000042 ], [ -0.746262499999943, 53.57279599900005 ], [ -0.748229499999979, 53.568385999000043 ], [ -0.74891249999996, 53.563243999000065 ], [ -0.74667489199993, 53.555948329000046 ], [ -0.739213358999962, 53.547162367000055 ], [ -0.742911804999949, 53.536638087000028 ], [ -0.738867851999942, 53.525025650000032 ], [ -0.744822909999925, 53.50946502100004 ], [ -0.752569639999933, 53.50157037300005 ], [ -0.760205, 53.50085049900008 ], [ -0.75456853299994, 53.500029485000027 ], [ -0.750423729999966, 53.501495879000061 ], [ -0.742477429999951, 53.510201668000036 ], [ -0.738485499999967, 53.519866999000044 ], [ -0.736846, 53.527190999000027 ], [ -0.741133499999933, 53.533591999000066 ], [ -0.741735499999947, 53.536491499000078 ], [ -0.740887, 53.53854749900006 ], [ -0.737427, 53.542602499000054 ], [ -0.736858, 53.54543699900006 ], [ -0.738157, 53.549365999000031 ], [ -0.742361499999959, 53.553859499000055 ], [ -0.745061, 53.557124999000052 ], [ -0.746054499999957, 53.560489499000028 ], [ -0.746057499999949, 53.566650499000048 ], [ -0.745050499999934, 53.57120149900004 ], [ -0.741980499999954, 53.573985999000058 ], [ -0.733444499999962, 53.57828149900007 ], [ -0.730105499999979, 53.581672499000035 ], [ -0.729547409999952, 53.583495882000079 ], [ -0.729186499999969, 53.584674999000072 ], [ -0.731106499999953, 53.587951499000042 ], [ -0.7363, 53.591617499000051 ], [ -0.737040499999978, 53.594646499000078 ], [ -0.735181, 53.598479999000062 ], [ -0.729293499999926, 53.605380999000033 ], [ -0.72726849999998, 53.606979499000033 ], [ -0.725584499999968, 53.60751699900004 ], [ -0.723046, 53.607558999000048 ], [ -0.714588, 53.60610949900007 ], [ -0.705693499999938, 53.606914499000027 ], [ -0.698886141999935, 53.61390069600003 ], [ -0.709949541999947, 53.626297163000061 ], [ -0.711198443999933, 53.639708182000049 ], [ -0.70743614099996, 53.645212889000049 ], [ -0.695379220999939, 53.653465881000045 ], [ -0.68581822699997, 53.670994785000062 ], [ -0.685734335999939, 53.679783275000034 ], [ -0.693705566999938, 53.691932737000059 ], [ -0.691549250999969, 53.696027459000049 ], [ -0.669384376629869, 53.701969636177829 ], [ -0.659932374778862, 53.703812837492649 ], [ -0.645084315591259, 53.70848423516501 ], [ -0.639351591999969, 53.710021120000079 ], [ -0.614576787144666, 53.71364267630419 ], [ -0.609863896576807, 53.713048637257849 ], [ -0.606502436886293, 53.711743016383878 ], [ -0.594200253738336, 53.701539158905348 ], [ -0.593542773695935, 53.70127944272722 ], [ -0.590690083999959, 53.698931783000035 ], [ -0.560328755089794, 53.683873276236284 ], [ -0.558022379528779, 53.682403802593626 ], [ -0.549953102753022, 53.67943990242992 ], [ -0.546670958546336, 53.67923704952247 ], [ -0.545471, 53.678901499000062 ], [ -0.537665, 53.678352499000027 ], [ -0.534736819669621, 53.678499460124613 ], [ -0.526873111304667, 53.678013443665634 ], [ -0.525970003465568, 53.678082333767634 ], [ -0.525462499999946, 53.678008999000042 ], [ -0.52358948134736, 53.678263922725712 ], [ -0.507802724715589, 53.679468154631934 ], [ -0.505313334089957, 53.680751363810899 ], [ -0.503433838999968, 53.681007169000054 ], [ -0.495376227439253, 53.685873656124215 ], [ -0.480708405746529, 53.693434495808312 ], [ -0.480673, 53.693443499000068 ], [ -0.480615722180231, 53.693482271517674 ], [ -0.47213162769584, 53.697855577902565 ], [ -0.47076383229259, 53.698166662352484 ], [ -0.446354746373913, 53.697178959641519 ], [ -0.441331673629347, 53.697366850787368 ], [ -0.413765, 53.697917999000026 ], [ -0.406442, 53.698657999000034 ], [ -0.406337602902745, 53.698675825668076 ], [ -0.401183128298499, 53.698868631981838 ], [ -0.375106215379219, 53.702898025523723 ], [ -0.336141943795326, 53.710446357413559 ], [ -0.299763918269946, 53.71421885511603 ], [ -0.288271874681871, 53.712280372144939 ], [ -0.27832393008827, 53.706774054965997 ], [ -0.274984472582691, 53.704308249249365 ], [ -0.257922009286083, 53.684577228222693 ], [ -0.250857830324094, 53.676118254653886 ], [ -0.248712534737767, 53.674679229315153 ], [ -0.227710684348683, 53.657516796013461 ], [ -0.224908352238231, 53.654015064543842 ], [ -0.212821546189429, 53.645349589989053 ], [ -0.203922, 53.638076999000077 ], [ -0.184411010287273, 53.629502140005343 ], [ -0.183267950954701, 53.628634452618144 ], [ -0.153079831741986, 53.615453104353662 ], [ -0.139094389266788, 53.606888313601637 ], [ -0.120586156725324, 53.594706058937788 ], [ -0.095353722495815, 53.581755280082405 ], [ -0.092096975901687, 53.581308565515812 ], [ -0.078963489999978, 53.577629920000049 ], [ -0.070481890803963, 53.582769313569351 ], [ -0.050316929882001, 53.572581648424716 ], [ -0.032661317553901, 53.566216384210556 ], [ -0.027984499999945, 53.561732999000071 ], [ -0.025745420913345, 53.55991570395512 ], [ -0.018862247394452, 53.553139447927379 ], [ 0.01345698751141, 53.530464398188926 ], [ 0.015076, 53.528877499000032 ], [ 0.017114733911062, 53.525768916885418 ], [ 0.01715396822761, 53.525276007656537 ], [ 0.017651677383469, 53.519023179576209 ], [ 0.026376128255947, 53.514333248380979 ], [ 0.040523767158675, 53.511982559947398 ], [ 0.060066938139016, 53.512247562275377 ], [ 0.069444656546182, 53.507783531784696 ], [ 0.083393574054696, 53.493094206032993 ], [ 0.110349416892177, 53.486137747659029 ], [ 0.119744300659306, 53.488107800734724 ], [ 0.133670449132467, 53.478032946763221 ], [ 0.154913902654471, 53.475826979031865 ], [ 0.170623540744202, 53.458449244237443 ], [ 0.176758169853827, 53.441189765795286 ], [ 0.201151251529609, 53.418844938643304 ], [ 0.216357350211865, 53.409178375981526 ], [ 0.216931820047819, 53.399215341015577 ], [ 0.231781959869522, 53.378803133557938 ], [ 0.246892214204706, 53.366940975046134 ], [ 0.266808113338829, 53.33980751289954 ], [ 0.278187582421219, 53.323814304486916 ], [ 0.282835164012525, 53.316833154527515 ], [ 0.28933150000006, 53.305686999000045 ], [ 0.294218, 53.299941999000055 ], [ 0.298262554019357, 53.296163738832369 ], [ 0.308051615439826, 53.285653380177912 ], [ 0.314406718787826, 53.278629828151963 ], [ 0.325623861618294, 53.259934327857117 ], [ 0.326861, 53.257472999000072 ], [ 0.336226944945315, 53.242070213003061 ], [ 0.339405179005894, 53.221163750107337 ], [ 0.343773505051305, 53.215208148333609 ], [ 0.347498, 53.208335499000043 ], [ 0.351018795808819, 53.200982031837988 ], [ 0.354678794080194, 53.188479988620578 ], [ 0.352675500000032, 53.171870499000079 ], [ 0.352386437012136, 53.168422219490381 ], [ 0.349952459438953, 53.158305406369607 ], [ 0.349315009812875, 53.133859280159761 ], [ 0.345629871000028, 53.127128792000065 ], [ 0.342529500000069, 53.121465499000067 ], [ 0.342702988917952, 53.10916791735545 ], [ 0.339532017588738, 53.105128407450138 ], [ 0.337846597395037, 53.096440349274346 ], [ 0.335445500000048, 53.09502849900008 ], [ 0.328642518000038, 53.09140300100006 ], [ 0.316968363000058, 53.092645814000036 ], [ 0.300047815000028, 53.088377439000055 ], [ 0.277047808562968, 53.072894159988657 ], [ 0.272225379697716, 53.070856332454014 ], [ 0.269297731474875, 53.067676917713399 ], [ 0.262559, 53.063140499000042 ], [ 0.258646677097683, 53.061152645792525 ], [ 0.247882247268421, 53.057211279676949 ], [ 0.246739019622674, 53.055102359122237 ], [ 0.244095316000028, 53.053759092000064 ], [ 0.237796499705862, 53.050558135732253 ], [ 0.234127879198525, 53.050011754339096 ], [ 0.232045064853276, 53.048369994539428 ], [ 0.224417348000031, 53.046534836000035 ], [ 0.207692475000044, 53.035983240000064 ], [ 0.19748050000004, 53.034239999000079 ], [ 0.191992280000022, 53.029848232000063 ], [ 0.17909686400003, 53.023869543000046 ], [ 0.170062211000072, 53.019680323000046 ], [ 0.168814178000048, 53.016742066000063 ], [ 0.162515, 53.01351949900004 ], [ 0.150366908000024, 53.008222826000065 ], [ 0.14755012400002, 53.003115004000051 ], [ 0.131777269000054, 52.993949971000063 ], [ 0.130474470000024, 52.992850826000051 ], [ 0.111222948000034, 52.976605444000029 ], [ 0.093777402000057, 52.961329870000043 ], [ 0.090190014000029, 52.958188032000066 ], [ 0.09238773900006, 52.956629860000078 ], [ 0.089735139000027, 52.954777614000079 ], [ 0.076500425000063, 52.93872103700005 ], [ 0.077865504000044, 52.933924199000046 ], [ 0.074119500000052, 52.932492499000034 ], [ 0.067964242000073, 52.931199820000074 ], [ 0.067863742000043, 52.929967630000078 ], [ 0.066044724000051, 52.929044776000069 ], [ 0.066819365000072, 52.928063602000066 ], [ 0.065313917000026, 52.92781461800007 ], [ 0.064672726000026, 52.926660913000035 ], [ 0.062882198000068, 52.92569986500007 ], [ 0.063995860000034, 52.924585124000032 ], [ 0.061480630000062, 52.923860096000055 ], [ 0.060719601000073, 52.922249983000029 ], [ 0.057185205000053, 52.920771951000063 ], [ 0.054490713000064, 52.920259189000035 ], [ 0.053389237000033, 52.91937110300006 ], [ 0.048486900000057, 52.919228116000056 ], [ 0.048048556000026, 52.920297534000042 ], [ 0.045630062000043, 52.922342392000076 ], [ 0.044638470000052, 52.925668644000041 ], [ 0.042175, 52.928302999000039 ], [ 0.044571500000075, 52.925323499000058 ], [ 0.045044500000074, 52.922695499000042 ], [ 0.048155674000043, 52.918470984000066 ], [ 0.043389896000065, 52.918144468000037 ], [ 0.041876995000052, 52.911614661000044 ], [ 0.025872846000027, 52.898907395000037 ], [ 0.011612, 52.894003499000064 ], [ 0.001010500000064, 52.888499999000032 ], [ 0.02855999600007, 52.897249141000032 ], [ 0.040428587000065, 52.903076519000081 ], [ 0.044518098000026, 52.900913790000061 ], [ 0.064551340000037, 52.899740939000026 ], [ 0.076408628000024, 52.894364471000074 ], [ 0.090723483000033, 52.890744675000064 ], [ 0.093777402000057, 52.890595976000043 ], [ 0.124603462000039, 52.889094988000068 ], [ 0.130474470000024, 52.887648240000033 ], [ 0.138988525000059, 52.885550100000046 ], [ 0.14538910944205, 52.882373742993963 ], [ 0.145364761774488, 52.881040811484411 ], [ 0.154227443112652, 52.878773119362393 ], [ 0.157047999000042, 52.876621672000056 ], [ 0.165648892788341, 52.875850715807154 ], [ 0.172600350607547, 52.874072047982864 ], [ 0.175008587000036, 52.872795798000027 ], [ 0.17909686400003, 52.860869454000067 ], [ 0.194444998000051, 52.849878368000077 ], [ 0.198299508000048, 52.839797736000037 ], [ 0.208582283000055, 52.830036070000062 ], [ 0.209534500000075, 52.829131999000026 ], [ 0.214848, 52.823074499000029 ], [ 0.214372319000063, 52.816221606000056 ], [ 0.22277465600007, 52.81764643300005 ], [ 0.230949340000052, 52.81585491900006 ], [ 0.244095316000028, 52.812973773000067 ], [ 0.255367986000067, 52.810503039000082 ], [ 0.26596, 52.810115999000061 ], [ 0.294967684000028, 52.816526717000045 ], [ 0.312600099000065, 52.813705275000075 ], [ 0.316866952000055, 52.816248937000069 ], [ 0.322870695000063, 52.815589208000063 ], [ 0.353450723000037, 52.801831248000042 ], [ 0.368684500000029, 52.788432999000065 ], [ 0.374888500000054, 52.779021999000065 ], [ 0.37562, 52.777969499000051 ], [ 0.387935500000026, 52.75939549900005 ], [ 0.390031500000021, 52.752727499000059 ], [ 0.39166350000005, 52.74993149900007 ], [ 0.392292500000053, 52.747340999000073 ], [ 0.389585, 52.744132999000044 ], [ 0.384933, 52.740066499000079 ], [ 0.3643, 52.725517499000034 ], [ 0.366646500000058, 52.725528499000063 ], [ 0.389563340000052, 52.741673537000054 ], [ 0.394805500000075, 52.747752999000056 ], [ 0.392052, 52.754184499000075 ], [ 0.391540500000076, 52.75732399900005 ], [ 0.390938, 52.758350499000073 ], [ 0.371969500000034, 52.788902499000073 ], [ 0.370378500000072, 52.791606499000068 ], [ 0.367687812000042, 52.79593305700007 ], [ 0.368479613000034, 52.801547653000057 ], [ 0.377223617000027, 52.809281274000057 ], [ 0.376374223000028, 52.815132815000027 ], [ 0.382756087000075, 52.820508524000047 ], [ 0.392280736000032, 52.821255296000061 ], [ 0.390953199000023, 52.824354516000028 ], [ 0.395167579000031, 52.829590397000061 ], [ 0.39725904900007, 52.830036070000062 ], [ 0.416613, 52.834159999000065 ], [ 0.420484834000035, 52.833668616000068 ], [ 0.424918747000049, 52.835677538000027 ], [ 0.422544881000022, 52.83880199500004 ], [ 0.424286652566134, 52.840173895318948 ], [ 0.425631642586723, 52.840211033912169 ], [ 0.426868152227602, 52.842207204552899 ], [ 0.430104842000048, 52.844756572000051 ], [ 0.434285289000059, 52.844366002000072 ], [ 0.436240635000047, 52.840297415000066 ], [ 0.44483850000006, 52.845046999000033 ], [ 0.445021914711434, 52.853489524759297 ], [ 0.447725176676045, 52.85810494448782 ], [ 0.445228277609113, 52.862988348852319 ], [ 0.445395858320373, 52.870702040196761 ], [ 0.44857388207235, 52.877088646577626 ], [ 0.456925539357697, 52.887443849516892 ], [ 0.459327340284915, 52.889424443583493 ], [ 0.463493089765986, 52.895586941955692 ], [ 0.46556750000002, 52.898158999000032 ], [ 0.469094524758381, 52.903873286148837 ], [ 0.471773148012801, 52.907835841151268 ], [ 0.472013829437116, 52.908602725320009 ], [ 0.472064, 52.908683999000061 ], [ 0.4720904964352, 52.908847009677487 ], [ 0.47411377585831, 52.915293792859607 ], [ 0.475356500000032, 52.917262999000059 ], [ 0.476036863219158, 52.921421333679753 ], [ 0.477607257676745, 52.926425087715323 ], [ 0.477780500000051, 52.926803499000073 ], [ 0.479487, 52.931571999000028 ], [ 0.484337500000038, 52.936805499000059 ], [ 0.486551500000076, 52.942065999000079 ], [ 0.490182, 52.947913999000036 ], [ 0.497805500000027, 52.953738999000052 ], [ 0.500343566000026, 52.954777614000079 ], [ 0.524385073000076, 52.968654504000028 ], [ 0.536433071000033, 52.972374448000039 ], [ 0.539618981349918, 52.974971706179389 ], [ 0.564970373683991, 52.974795460342477 ], [ 0.569831221629387, 52.97281771810524 ], [ 0.569729, 52.972133499000051 ], [ 0.56711, 52.972881499000039 ], [ 0.563290500000051, 52.972205999000039 ], [ 0.564427, 52.970905499000082 ], [ 0.575283442000057, 52.968645791000029 ], [ 0.595382195356242, 52.975194635041788 ], [ 0.606822132735601, 52.973522663340475 ], [ 0.623396635346694, 52.973590612516716 ], [ 0.632031811233453, 52.974600623827321 ], [ 0.668606578000038, 52.976119285000038 ], [ 0.670357750000051, 52.972911830000044 ], [ 0.660877049000021, 52.969691201000046 ], [ 0.665724318000059, 52.967846156000064 ], [ 0.677978504000066, 52.969139449000068 ], [ 0.692656757000066, 52.975739001000079 ], [ 0.70432543000004, 52.975864720000061 ], [ 0.710752, 52.978214499000046 ], [ 0.69393913600004, 52.980497680000042 ], [ 0.683010720000027, 52.979076407000036 ], [ 0.681276791000073, 52.983977909000032 ], [ 0.68567396800006, 52.987045789000035 ], [ 0.693207951000034, 52.987524155000074 ], [ 0.738859783000066, 52.981743288000075 ], [ 0.745347394000021, 52.979002259000026 ], [ 0.739288632000068, 52.97558116600004 ], [ 0.74873728700004, 52.972916334000047 ], [ 0.751450957000031, 52.96918297700006 ], [ 0.756132667000031, 52.970789240000045 ], [ 0.756121993000022, 52.977039467000054 ], [ 0.77050245305237, 52.978221782764287 ], [ 0.771832634190424, 52.978232292073294 ], [ 0.781874975000051, 52.977162126000053 ], [ 0.79783853400005, 52.976406797000038 ], [ 0.81276783800007, 52.97249694900006 ], [ 0.815788667000049, 52.973928833000059 ], [ 0.81340960700004, 52.975812208000036 ], [ 0.814123499448095, 52.976265306460867 ], [ 0.831616043645852, 52.976210951874464 ], [ 0.844440937199749, 52.974852443186023 ], [ 0.838976026023147, 52.967168212043418 ], [ 0.850280523028118, 52.963172912699974 ], [ 0.851969023203575, 52.964557220207624 ], [ 0.852591238000059, 52.961697058000027 ], [ 0.860718176000034, 52.965911538000057 ], [ 0.857450594475228, 52.969051256024372 ], [ 0.861213766240202, 52.972136471532529 ], [ 0.87075528500003, 52.97875515800007 ], [ 0.877981093000074, 52.976697197000078 ], [ 0.879655152987, 52.974793037518062 ], [ 0.87999176990445, 52.971725106528652 ], [ 0.882314761992984, 52.97176786533381 ], [ 0.883901298000069, 52.969963260000043 ], [ 0.894586577000041, 52.969155810000075 ], [ 0.906312401000037, 52.963336042000037 ], [ 0.920535518000065, 52.964944879000029 ], [ 0.936163638000039, 52.962698085000056 ], [ 0.950877840000032, 52.963533701000074 ], [ 0.963783500000034, 52.960731499000076 ], [ 0.970062265000024, 52.963384371000075 ], [ 0.982702477000032, 52.963385667000068 ], [ 0.984715032000054, 52.959140006000041 ], [ 0.990893701000061, 52.957721415000037 ], [ 0.993914355000072, 52.958859281000059 ], [ 0.989192150000065, 52.963651328000026 ], [ 1.014470004000032, 52.962545906000059 ], [ 1.023068035000051, 52.965503012000056 ], [ 1.025579, 52.964496499000063 ], [ 1.039945279196054, 52.968009521428563 ], [ 1.044805049813249, 52.966951966460385 ], [ 1.127206325312045, 52.951179027790204 ], [ 1.128204434640324, 52.951053972366559 ], [ 1.128889196000046, 52.950922128000059 ], [ 1.130098898644403, 52.950816610594771 ], [ 1.144387603205473, 52.949026345789548 ], [ 1.163885516414647, 52.947869530677494 ], [ 1.165124, 52.94776149900008 ], [ 1.180848132000051, 52.946675093000067 ], [ 1.184670500000038, 52.946410999000079 ], [ 1.18651, 52.946380499000043 ], [ 1.206857, 52.946037499000056 ], [ 1.222314500000039, 52.944656499000075 ], [ 1.229926500000033, 52.943530999000075 ], [ 1.24203650000004, 52.942428499000073 ], [ 1.245020539205943, 52.94222259172885 ], [ 1.25314520570426, 52.941296358955142 ], [ 1.254392, 52.940967499000067 ], [ 1.269309, 52.938956999000027 ], [ 1.283425500000021, 52.935775999000043 ], [ 1.29556, 52.933959999000081 ], [ 1.301095500000031, 52.932769999000072 ], [ 1.302510500000039, 52.931831499000054 ], [ 1.306521, 52.930919499000026 ], [ 1.315788071000043, 52.927969167000072 ], [ 1.321637500000065, 52.925895499000035 ], [ 1.342401255418298, 52.920280807587098 ], [ 1.353691220673568, 52.913902044444058 ], [ 1.420587913496297, 52.887538766950946 ], [ 1.4302950120521, 52.8828989054578 ], [ 1.444034223812273, 52.874664761178565 ], [ 1.446560500000032, 52.872653999000079 ], [ 1.465595943000039, 52.861231924000037 ], [ 1.467088, 52.860336499000027 ], [ 1.473492333761417, 52.857010012729461 ], [ 1.485362410247376, 52.849896073145658 ], [ 1.519774032574005, 52.834576127378753 ], [ 1.525557145505386, 52.831313978882243 ], [ 1.548588752968612, 52.817564606521557 ], [ 1.591428637621789, 52.796517372479002 ], [ 1.629626035713102, 52.774901270477642 ], [ 1.652390822509074, 52.759835014936122 ], [ 1.666474156787096, 52.749377049366693 ], [ 1.674878785332671, 52.742581348596232 ], [ 1.683449625600133, 52.735651254601805 ], [ 1.685853390961503, 52.733354035209082 ], [ 1.69892560777154, 52.719736676213053 ], [ 1.704713464055487, 52.70632994207341 ], [ 1.705590824894187, 52.704789149022332 ], [ 1.708080500000051, 52.698951499000032 ], [ 1.714803500000073, 52.687892999000042 ], [ 1.717297500000029, 52.682777499000053 ], [ 1.722913, 52.674178999000048 ], [ 1.723406522635263, 52.673501790311107 ], [ 1.72683811198965, 52.667475342812907 ], [ 1.729562653079644, 52.660062663931711 ], [ 1.730079, 52.658515999000031 ], [ 1.730277250149059, 52.658118454455675 ], [ 1.730956554601676, 52.656270265860428 ], [ 1.73990327112995, 52.639429332771478 ], [ 1.741695500000048, 52.634376499000041 ], [ 1.743963, 52.629390499000067 ], [ 1.744299, 52.626296999000033 ], [ 1.743532, 52.623172999000076 ], [ 1.741063500000052, 52.618083999000078 ], [ 1.739587500000027, 52.608386999000061 ], [ 1.739281301559631, 52.599260987377939 ], [ 1.736360907230562, 52.586658954247639 ], [ 1.738116590438296, 52.572396307537112 ], [ 1.732126, 52.569350999000051 ], [ 1.732786500000032, 52.556888499000081 ], [ 1.733496881024322, 52.553365070930312 ], [ 1.733633041332041, 52.551651715854234 ], [ 1.737550139228063, 52.537516236685178 ], [ 1.738764748525121, 52.535679361155765 ], [ 1.739017, 52.534980999000027 ], [ 1.740543500000058, 52.53210049900008 ], [ 1.746600498551934, 52.521029097074916 ], [ 1.750079866436224, 52.513153581559983 ], [ 1.750975500000038, 52.510249999000052 ], [ 1.757724, 52.497169499000051 ], [ 1.757747, 52.495792499000061 ], [ 1.760395500000072, 52.489974999000026 ], [ 1.762579692000031, 52.48141465100008 ], [ 1.757476496167997, 52.473373653076713 ], [ 1.749827861866606, 52.470316767404995 ], [ 1.743714400522276, 52.461939716421398 ], [ 1.741455500000029, 52.459186499000054 ], [ 1.739723410374911, 52.456471009569995 ], [ 1.737307548904766, 52.45316064354904 ], [ 1.736805419714846, 52.451896319738999 ], [ 1.735275, 52.449496999000075 ], [ 1.733506, 52.444820499000059 ], [ 1.732938603421769, 52.442159965018853 ], [ 1.731821060293953, 52.439346074861476 ], [ 1.730798192653894, 52.432123431098411 ], [ 1.729042500000048, 52.423888999000042 ], [ 1.729244, 52.42132949900008 ], [ 1.729265416056039, 52.421300232767457 ], [ 1.729010939703187, 52.419503331613498 ], [ 1.731600336480816, 52.410852857564407 ], [ 1.728566, 52.400165499000082 ], [ 1.724905, 52.393241999000054 ], [ 1.71891754078553, 52.385702192720458 ], [ 1.713962673838637, 52.380250454095517 ], [ 1.711909998793179, 52.376836015815023 ], [ 1.704949500000055, 52.366298499000038 ], [ 1.701128, 52.362071999000079 ], [ 1.699527822400239, 52.359628517304323 ], [ 1.692520022281712, 52.352033138518777 ], [ 1.683698639675682, 52.328135739744049 ], [ 1.678740309354477, 52.319922576694822 ], [ 1.67406082125035, 52.313968658426973 ], [ 1.674005476910674, 52.313937513357814 ], [ 1.673500500000046, 52.314105999000049 ], [ 1.667272500000024, 52.311652999000046 ], [ 1.66080450000004, 52.307807999000033 ], [ 1.65316753487215, 52.302210945660107 ], [ 1.651419877925377, 52.301227450386875 ], [ 1.641987323356489, 52.291511535629184 ], [ 1.640862870624551, 52.289465008506284 ], [ 1.637365, 52.284618499000032 ], [ 1.634186, 52.27865599900008 ], [ 1.63272795386737, 52.274659292522649 ], [ 1.631201624555786, 52.27188134175077 ], [ 1.631108442661791, 52.270219987907559 ], [ 1.630462, 52.268447999000045 ], [ 1.629886, 52.264102999000045 ], [ 1.629409500000065, 52.245899499000075 ], [ 1.62525073200004, 52.22454811700004 ], [ 1.624632500000075, 52.220832999000038 ], [ 1.624362721365567, 52.218629806818257 ], [ 1.623958825639761, 52.21657812607981 ], [ 1.623956172939126, 52.215309661335695 ], [ 1.623915500000066, 52.214977499000042 ], [ 1.623154500000055, 52.20405499900005 ], [ 1.621052577101385, 52.18510272451725 ], [ 1.610945105932387, 52.170104861650373 ], [ 1.610347912506103, 52.168433628814888 ], [ 1.604906923000044, 52.156505727000081 ], [ 1.599201815000072, 52.143995094000047 ], [ 1.582904221000035, 52.142834932000028 ], [ 1.576508858000068, 52.144343242000048 ], [ 1.575455239516464, 52.145520754435218 ], [ 1.579486250590321, 52.151834845601911 ], [ 1.578655336845955, 52.153103209626714 ], [ 1.577732238000067, 52.156103889000065 ], [ 1.576246048135028, 52.156780914017851 ], [ 1.575144648407161, 52.158462166495895 ], [ 1.572445944172858, 52.158512028940038 ], [ 1.570268640000052, 52.159503887000028 ], [ 1.557081520000054, 52.159538393000048 ], [ 1.554801173590708, 52.162455640837535 ], [ 1.554844021634665, 52.165143847810441 ], [ 1.537932753493806, 52.164828300885517 ], [ 1.537171134652789, 52.164609506925267 ], [ 1.53580682200004, 52.164587683000036 ], [ 1.531429296105147, 52.162960020952376 ], [ 1.522000551185045, 52.160251379398176 ], [ 1.522486387298404, 52.159634847416029 ], [ 1.514065981000044, 52.156503952000037 ], [ 1.511935471000072, 52.158449061000056 ], [ 1.508729500000072, 52.159850999000071 ], [ 1.511618700000042, 52.155299829000057 ], [ 1.516174897000042, 52.153461854000057 ], [ 1.53354581900004, 52.154950764000034 ], [ 1.545697487689575, 52.153913910034504 ], [ 1.550277232808469, 52.151227712389186 ], [ 1.556695260325433, 52.152975513468498 ], [ 1.564769470000044, 52.152286573000026 ], [ 1.570459093225097, 52.14833510343211 ], [ 1.572459458937431, 52.143228650182266 ], [ 1.584020852680453, 52.140140175928707 ], [ 1.586323809850106, 52.135961095585188 ], [ 1.582595340000069, 52.124058340000033 ], [ 1.572696282777419, 52.114507139621175 ], [ 1.568620920419448, 52.112687349741634 ], [ 1.568043976873408, 52.108997167456472 ], [ 1.564205073000039, 52.099682181000048 ], [ 1.564610961505614, 52.099777335034091 ], [ 1.550960540396886, 52.091311812790138 ], [ 1.536005258136527, 52.089142442070283 ], [ 1.537324547390369, 52.08149504625959 ], [ 1.524925708554861, 52.081272244618674 ], [ 1.509980440245556, 52.069311141795936 ], [ 1.506946900875814, 52.070143666943594 ], [ 1.506954664000034, 52.070202186000074 ], [ 1.506277159379471, 52.070327470932988 ], [ 1.50309693847305, 52.071200251390735 ], [ 1.502729137740791, 52.070983575171233 ], [ 1.50052050000005, 52.07139199900007 ], [ 1.4977894113834, 52.068073517798858 ], [ 1.470885265348679, 52.052223933661708 ], [ 1.465595943000039, 52.049520728000061 ], [ 1.461222102000022, 52.046719080000059 ], [ 1.455216392000068, 52.033964922000052 ], [ 1.448219782948003, 52.028683644471378 ], [ 1.444836259086287, 52.02668154201973 ], [ 1.444340098268613, 52.025755127047709 ], [ 1.444218592000027, 52.02566341000005 ], [ 1.432642545214114, 52.006769304064434 ], [ 1.424286001868218, 52.001082726337046 ], [ 1.410933273000069, 51.993161355000041 ], [ 1.39498199600007, 51.987794550000046 ], [ 1.394022308000046, 51.994057840000039 ], [ 1.389155149000032, 51.999073472000077 ], [ 1.386903396925187, 51.999998903059357 ], [ 1.385886907655106, 52.000904560197625 ], [ 1.365206452188536, 52.00895439138646 ], [ 1.365763595000033, 52.015896006000048 ], [ 1.362974601000076, 52.02235402000008 ], [ 1.359231893520932, 52.025547020543804 ], [ 1.359189748508584, 52.025609255163261 ], [ 1.359138768513307, 52.025626467896188 ], [ 1.358685112000046, 52.02601349400004 ], [ 1.346108790537724, 52.031036237631191 ], [ 1.351723075060193, 52.038275718749503 ], [ 1.351530013808803, 52.041266687338734 ], [ 1.351602288000038, 52.044441765000045 ], [ 1.35130753255852, 52.044713440255236 ], [ 1.351248741136715, 52.045624256354643 ], [ 1.343360710381849, 52.052038003736342 ], [ 1.341944566000052, 52.053343260000076 ], [ 1.344409193000047, 52.057037438000066 ], [ 1.34326715900005, 52.063697300000058 ], [ 1.330742533000034, 52.068805800000064 ], [ 1.32729594400007, 52.074409719000073 ], [ 1.31962162800005, 52.080332381000062 ], [ 1.320082592000063, 52.08734271000003 ], [ 1.32607076100004, 52.08940732700006 ], [ 1.331137757000022, 52.093866358000071 ], [ 1.335923, 52.10174949900005 ], [ 1.332014923000031, 52.10096475000006 ], [ 1.325858500000038, 52.095562999000038 ], [ 1.323711030000027, 52.09039834500004 ], [ 1.317273112000066, 52.088208184000052 ], [ 1.312943078000046, 52.07822892400003 ], [ 1.295087500000022, 52.077297499000053 ], [ 1.317025379000029, 52.075631936000036 ], [ 1.323178297000027, 52.069845414000042 ], [ 1.325304, 52.063765999000054 ], [ 1.332846797000059, 52.058871808000049 ], [ 1.333474497597088, 52.052899858307569 ], [ 1.333264708599643, 52.051786303095753 ], [ 1.333623383098253, 52.051483360175958 ], [ 1.333725640000068, 52.050510487000054 ], [ 1.338519739005396, 52.047347810086372 ], [ 1.346425824411112, 52.040670188437147 ], [ 1.340359067000065, 52.033681695000041 ], [ 1.340421268903496, 52.03345465241356 ], [ 1.340288877829551, 52.033356309346289 ], [ 1.34053284636473, 52.033047384564924 ], [ 1.341780378000067, 52.028493781000066 ], [ 1.345653194866307, 52.026563751172567 ], [ 1.346215128625602, 52.025852203416605 ], [ 1.349570414304373, 52.024611593191068 ], [ 1.35712311829209, 52.020847680649368 ], [ 1.358530484890076, 52.01476300409908 ], [ 1.359166928000036, 52.009763861000067 ], [ 1.362662023000041, 52.005580179000049 ], [ 1.363587533353286, 52.005179195566555 ], [ 1.364084601023876, 52.004660844922284 ], [ 1.36677957652593, 52.003796221916673 ], [ 1.380526759348823, 51.997840164753306 ], [ 1.387016534386078, 51.990439653167584 ], [ 1.388066291825164, 51.979516566913475 ], [ 1.369846068659196, 51.964913816593189 ], [ 1.347730040209285, 51.958396672868446 ], [ 1.34411770851618, 51.955265353851459 ], [ 1.32373679265323, 51.939198472804954 ], [ 1.315077543494112, 51.952279210017821 ], [ 1.295334111665265, 51.961133675584612 ], [ 1.292802061000032, 51.964443735000032 ], [ 1.285210382257301, 51.967306462841499 ], [ 1.282735258596601, 51.97074229880959 ], [ 1.281311648641406, 51.977639549961161 ], [ 1.283800125475523, 51.991774917078942 ], [ 1.275003826936868, 51.993453429557817 ], [ 1.265796095000042, 51.995623919000082 ], [ 1.257772691000071, 52.000121842000055 ], [ 1.255614621268548, 51.997153283937116 ], [ 1.254874172453206, 51.997294576615062 ], [ 1.237943500000029, 52.003043499000057 ], [ 1.230071, 52.006339999000033 ], [ 1.226907500000038, 52.006564999000034 ], [ 1.219447907498947, 52.005871129921438 ], [ 1.219445659446508, 52.005871149244498 ], [ 1.216423282391803, 52.006411382858644 ], [ 1.214090051639748, 52.008073163213304 ], [ 1.210503500000073, 52.011428999000032 ], [ 1.200245500000051, 52.014781999000036 ], [ 1.197626500000069, 52.015380999000058 ], [ 1.189486424413813, 52.014813121595388 ], [ 1.189456642808888, 52.014818405913225 ], [ 1.187027, 52.015506499000026 ], [ 1.185025, 52.016795999000067 ], [ 1.182518500000072, 52.01953499900003 ], [ 1.180848132000051, 52.020439011000065 ], [ 1.17886, 52.021514999000033 ], [ 1.169897604000028, 52.029573887000026 ], [ 1.160107457000038, 52.032607171000052 ], [ 1.158429953000052, 52.036179479000054 ], [ 1.160107457000038, 52.039983076000055 ], [ 1.161054500000034, 52.041843499000038 ], [ 1.162888401000032, 52.044640940000079 ], [ 1.160663500000055, 52.04616549900004 ], [ 1.150097500000072, 52.033996499000068 ], [ 1.160107457000038, 52.02750489400006 ], [ 1.166976500000033, 52.018249499000035 ], [ 1.183601320000037, 52.008256441000071 ], [ 1.184728113669586, 52.008059900329187 ], [ 1.186461448937109, 52.006981849433032 ], [ 1.19473150531372, 52.006315061537478 ], [ 1.202171512470782, 52.005017340368497 ], [ 1.211001754128063, 51.997075200160566 ], [ 1.212009337248877, 51.997036749886327 ], [ 1.212127137000039, 51.99693916800004 ], [ 1.229034687000023, 51.996210142000052 ], [ 1.23571444503657, 51.994706413543483 ], [ 1.248969674011562, 51.990743517899546 ], [ 1.262628065522325, 51.988647694534151 ], [ 1.266022784000029, 51.987883485000054 ], [ 1.267681437527132, 51.98651321569799 ], [ 1.26976604063045, 51.984056641588616 ], [ 1.271112427447104, 51.973827210036454 ], [ 1.271122932077958, 51.969739436925522 ], [ 1.278315424195624, 51.960525605179825 ], [ 1.277996430659559, 51.960145610381289 ], [ 1.267733632643861, 51.955254453501503 ], [ 1.252654600552026, 51.959166708921011 ], [ 1.24752402281581, 51.960685371932641 ], [ 1.247155350066769, 51.960593489657541 ], [ 1.246817010000029, 51.960681272000045 ], [ 1.23727862800007, 51.959771605000071 ], [ 1.22255816665385, 51.95447001674529 ], [ 1.214629773608912, 51.954696241099974 ], [ 1.210158500000034, 51.955951499000037 ], [ 1.187957644000051, 51.955897785000047 ], [ 1.177777079000066, 51.96442731500008 ], [ 1.174766633680756, 51.965043749642994 ], [ 1.173706769951764, 51.965930461821813 ], [ 1.168593520832551, 51.966307788750385 ], [ 1.163495658000045, 51.967351654000026 ], [ 1.161993144322831, 51.966794856706144 ], [ 1.161413311874867, 51.966837644841746 ], [ 1.15023228771981, 51.963136570333937 ], [ 1.138959425000053, 51.960479923000037 ], [ 1.135924643565152, 51.958400541119332 ], [ 1.132888555862678, 51.957395553862057 ], [ 1.118440923458077, 51.955942468146056 ], [ 1.118099522000023, 51.956000636000056 ], [ 1.114428806852295, 51.955538945328783 ], [ 1.1003346356036, 51.954121409337631 ], [ 1.086747775000049, 51.958565271000055 ], [ 1.085181060590248, 51.958182073769919 ], [ 1.084593773084293, 51.958350301125733 ], [ 1.079813668895848, 51.956869282097443 ], [ 1.073502683000072, 51.95532570000006 ], [ 1.064863564000063, 51.948986570000045 ], [ 1.05638, 51.95149249900004 ], [ 1.056347, 51.95028699900007 ], [ 1.059995, 51.948611999000036 ], [ 1.064385897000022, 51.946108485000082 ], [ 1.066118838379988, 51.946213423782126 ], [ 1.076759920225675, 51.946569598255756 ], [ 1.081559191000053, 51.944844491000026 ], [ 1.095772563742978, 51.943916328042853 ], [ 1.118542432987226, 51.940318346414813 ], [ 1.136657237741588, 51.94047844372534 ], [ 1.14336837690507, 51.943189478201056 ], [ 1.150305449418352, 51.945479306116283 ], [ 1.16862617881869, 51.947631070404611 ], [ 1.177080295773899, 51.943618404264051 ], [ 1.17914044857315, 51.942111015411513 ], [ 1.180503496804098, 51.9419936144795 ], [ 1.181090500000039, 51.941714999000055 ], [ 1.192531618000032, 51.940690781000058 ], [ 1.193726698525653, 51.940854684710871 ], [ 1.196698427290812, 51.940598726250414 ], [ 1.206121093951272, 51.942422461044458 ], [ 1.213757558000054, 51.941147089000026 ], [ 1.219014562051612, 51.943935208680735 ], [ 1.21935521390811, 51.943818644802825 ], [ 1.219784058000073, 51.940694694000058 ], [ 1.225330677000045, 51.93970610000008 ], [ 1.231994730000054, 51.94061270900005 ], [ 1.233119128000055, 51.944223264000073 ], [ 1.243703556000071, 51.947883059000048 ], [ 1.247446376938749, 51.947820763839182 ], [ 1.262592525038717, 51.945845725632111 ], [ 1.262971500000049, 51.945678499000053 ], [ 1.271655023424782, 51.941364186182845 ], [ 1.273677468041114, 51.939489006912481 ], [ 1.274397886280183, 51.940001425032321 ], [ 1.274526429000048, 51.939937560000033 ], [ 1.280599, 51.94042599900007 ], [ 1.282286615000032, 51.945392373000061 ], [ 1.288410825543889, 51.948497434315698 ], [ 1.290411117897463, 51.938985067764392 ], [ 1.285391, 51.936908499000026 ], [ 1.281352500000025, 51.934837499000082 ], [ 1.2764559628395, 51.930849023787786 ], [ 1.270894646370948, 51.928547024825548 ], [ 1.261267065722734, 51.917447328631511 ], [ 1.260911826190978, 51.916814254306288 ], [ 1.259067500000072, 51.916339999000058 ], [ 1.255192878170584, 51.906622485554941 ], [ 1.253182511913996, 51.903039800781521 ], [ 1.247759120000069, 51.897320873000069 ], [ 1.242891221000036, 51.896047139000075 ], [ 1.246025107000037, 51.890542370000048 ], [ 1.243010153619574, 51.88848253363777 ], [ 1.23620439974619, 51.887457853907513 ], [ 1.231879291000041, 51.887964261000036 ], [ 1.231608644000062, 51.89396974400006 ], [ 1.227295606000041, 51.895881743000075 ], [ 1.22205450000007, 51.896842999000057 ], [ 1.228421725000032, 51.892675767000071 ], [ 1.227037978000055, 51.885723915000028 ], [ 1.20238060500003, 51.877745915000048 ], [ 1.194786828000076, 51.872857049000061 ], [ 1.20644362500002, 51.872079975000077 ], [ 1.221461797000075, 51.877891624000029 ], [ 1.223141260000034, 51.873455494000041 ], [ 1.229116453000074, 51.868907548000038 ], [ 1.228171, 51.858909499000049 ], [ 1.232931827000073, 51.858485521000034 ], [ 1.236917206000044, 51.861122322000028 ], [ 1.244014242000048, 51.859838234000051 ], [ 1.248777905000054, 51.861606545000029 ], [ 1.252662, 51.859611499000039 ], [ 1.253278847000047, 51.862853926000071 ], [ 1.259525500000052, 51.864009999000075 ], [ 1.265901337000059, 51.864238732000047 ], [ 1.269415297000023, 51.866366924000033 ], [ 1.26913309400004, 51.881396627000072 ], [ 1.289653841000074, 51.872525992000078 ], [ 1.290480841020062, 51.868380857117216 ], [ 1.29041248171807, 51.868098724214065 ], [ 1.286430100000075, 51.859825887000056 ], [ 1.260706, 51.838599999000053 ], [ 1.25973825312647, 51.837638524741436 ], [ 1.253914549325445, 51.833339917905477 ], [ 1.253104, 51.832813499000054 ], [ 1.252178053810045, 51.832058171486338 ], [ 1.248017430460322, 51.82898712175853 ], [ 1.244271218110586, 51.825608282048876 ], [ 1.238869, 51.82120149900004 ], [ 1.231949500000042, 51.817157499000075 ], [ 1.228225860000066, 51.815151839000066 ], [ 1.196098500000062, 51.801147499000081 ], [ 1.180848132000051, 51.796446588000038 ], [ 1.178896500000064, 51.795844999000053 ], [ 1.161413500000037, 51.789630999000053 ], [ 1.150212, 51.784766999000055 ], [ 1.134387056657843, 51.777931792227093 ], [ 1.130462877795331, 51.776834048352534 ], [ 1.124435, 51.775424999000052 ], [ 1.098787431516862, 51.772420770333028 ], [ 1.083454251113096, 51.772248625873601 ], [ 1.0741336914094, 51.770763345435803 ], [ 1.061559470234083, 51.770049812970903 ], [ 1.042007517988862, 51.770656093659909 ], [ 1.036710049224885, 51.775171681289422 ], [ 1.032650320264995, 51.780532022473018 ], [ 1.031507654000052, 51.783241632000056 ], [ 1.03535375416875, 51.787521960299344 ], [ 1.037477851321796, 51.788527727272765 ], [ 1.036842328893161, 51.789178596434397 ], [ 1.037286271000028, 51.789672660000065 ], [ 1.032092071041926, 51.794043564539152 ], [ 1.02417235675509, 51.802154525798706 ], [ 1.03339117500002, 51.80100466600004 ], [ 1.050252403000059, 51.805368199000043 ], [ 1.063221376000058, 51.811707487000035 ], [ 1.065275968000037, 51.815151839000066 ], [ 1.063968500000044, 51.819053499000063 ], [ 1.063053, 51.818420499000069 ], [ 1.063250645000039, 51.815151839000066 ], [ 1.059935773000063, 51.811745144000042 ], [ 1.043501811000056, 51.806567590000043 ], [ 1.014521644806012, 51.805505640888875 ], [ 1.012032866823859, 51.80584895586486 ], [ 1.008807173064347, 51.807569795495887 ], [ 0.995606699000064, 51.815151839000066 ], [ 0.984121197000036, 51.828943702000061 ], [ 0.985619209000049, 51.83532854300006 ], [ 0.991986, 51.837669499000071 ], [ 0.98493570100004, 51.839610927000081 ], [ 0.980309481000063, 51.846922155000073 ], [ 0.97161, 51.849990999000056 ], [ 0.966253, 51.851764499000069 ], [ 0.960737, 51.853173499000036 ], [ 0.974657561000072, 51.842230843000038 ], [ 0.97662239535593, 51.829644495825235 ], [ 0.974619150553565, 51.82967495923225 ], [ 0.977273181465543, 51.825475686435418 ], [ 0.977514704000043, 51.823928540000054 ], [ 0.96821120900006, 51.819307402000049 ], [ 0.970418106000068, 51.815151839000066 ], [ 0.971050136915108, 51.813961640066985 ], [ 0.968878746457449, 51.812950730292243 ], [ 0.944213152215525, 51.809981703992719 ], [ 0.925280809761944, 51.802144050307902 ], [ 0.916461229502602, 51.795392751574525 ], [ 0.905616280352468, 51.791551607716535 ], [ 0.895298500000024, 51.78982699900007 ], [ 0.892655937393723, 51.778560519374807 ], [ 0.887272548921062, 51.778922821461478 ], [ 0.887473364000073, 51.779600681000034 ], [ 0.884324589000073, 51.781220173000065 ], [ 0.881145005000064, 51.782855452000035 ], [ 0.876054270000054, 51.784481998000047 ], [ 0.87130551100006, 51.783253223000031 ], [ 0.862648500000034, 51.784888999000032 ], [ 0.859918, 51.785972499000081 ], [ 0.857366500000069, 51.785957499000062 ], [ 0.854734, 51.785346999000069 ], [ 0.850373, 51.785182999000028 ], [ 0.847938, 51.783756499000049 ], [ 0.84469850000005, 51.78302749900007 ], [ 0.844557500000064, 51.781376499000032 ], [ 0.858630471000026, 51.782750432000057 ], [ 0.870863292000024, 51.779898638000077 ], [ 0.884213862000024, 51.774340530000075 ], [ 0.891550600000073, 51.767266169000038 ], [ 0.882206627000073, 51.765300523000064 ], [ 0.865678483000067, 51.768511942000032 ], [ 0.85435433300006, 51.772870389000047 ], [ 0.853748795000058, 51.766286967000042 ], [ 0.876547966000032, 51.755909558000042 ], [ 0.852315352000062, 51.74260298300004 ], [ 0.834915500000022, 51.738715999000078 ], [ 0.813977841000053, 51.738923241000066 ], [ 0.80345474782489, 51.741361766468948 ], [ 0.802846550627919, 51.741550445896394 ], [ 0.802759400610881, 51.741522899879328 ], [ 0.793714869000041, 51.743618797000067 ], [ 0.789928223000061, 51.737916936000033 ], [ 0.781427781000048, 51.73859111400003 ], [ 0.77455382900007, 51.742044324000062 ], [ 0.770420810000076, 51.739673544000027 ], [ 0.763996745000043, 51.739852191000068 ], [ 0.750133731000062, 51.735244848000036 ], [ 0.746114712000065, 51.731954256000051 ], [ 0.737597, 51.73273849900005 ], [ 0.734753456410721, 51.730070943979307 ], [ 0.73450171332547, 51.730052233839743 ], [ 0.722111377000033, 51.735836685000038 ], [ 0.720530203778369, 51.735939864815776 ], [ 0.719663858700642, 51.736357331425836 ], [ 0.719216351804335, 51.736025600523114 ], [ 0.713774742000055, 51.736380694000047 ], [ 0.713539798000056, 51.732729955000082 ], [ 0.710923633697797, 51.729878319025985 ], [ 0.707767963021638, 51.727539062378241 ], [ 0.702519610607581, 51.726956493203204 ], [ 0.701567680000039, 51.72762662100007 ], [ 0.688036500000067, 51.731712499000082 ], [ 0.68872250000004, 51.728545999000062 ], [ 0.696628018000069, 51.726376674000051 ], [ 0.698348004000025, 51.722795072000054 ], [ 0.71101479849263, 51.716166923476571 ], [ 0.711584567973716, 51.715654849791633 ], [ 0.712139276669462, 51.715578518227566 ], [ 0.71307, 51.715091499000039 ], [ 0.714369836818602, 51.715271578483829 ], [ 0.745000037832222, 51.711056661413139 ], [ 0.762918366000065, 51.707933008000055 ], [ 0.762002672000051, 51.70522274700005 ], [ 0.753290280000044, 51.700676569000052 ], [ 0.754037115000074, 51.696126522000043 ], [ 0.748530866000067, 51.693973765000067 ], [ 0.747428951000074, 51.689978852000081 ], [ 0.75139279800004, 51.688832206000029 ], [ 0.756304, 51.691741999000044 ], [ 0.762856425000052, 51.699881166000068 ], [ 0.772086659000024, 51.700486195000053 ], [ 0.77683285135509, 51.704608994513343 ], [ 0.79357314098786, 51.709514379585187 ], [ 0.793245323963414, 51.711993172555005 ], [ 0.797427964020306, 51.717620924656075 ], [ 0.805297136654076, 51.717276334635415 ], [ 0.812701177311389, 51.719322264289261 ], [ 0.819201787000054, 51.719986553000069 ], [ 0.82549011130707, 51.718364008849328 ], [ 0.834782600636856, 51.715006828003027 ], [ 0.841421907978073, 51.715893226396908 ], [ 0.848424500000021, 51.715865999000073 ], [ 0.852640527902322, 51.7173909981028 ], [ 0.859538316840201, 51.718311905770065 ], [ 0.869987532269112, 51.723665663903731 ], [ 0.872150475000069, 51.724448032000055 ], [ 0.87286809585703, 51.725141548944414 ], [ 0.880882501626559, 51.729247808439879 ], [ 0.894825249996043, 51.742645074864491 ], [ 0.9018467003347, 51.744740684453703 ], [ 0.909758560390543, 51.745980607124523 ], [ 0.920198459000062, 51.746597662000056 ], [ 0.928434147000075, 51.747084428000051 ], [ 0.933507413000029, 51.744071766000047 ], [ 0.939739330023763, 51.740370645822019 ], [ 0.945754321345969, 51.736202367442289 ], [ 0.949847040000066, 51.722271027000033 ], [ 0.949494516221061, 51.72138110259182 ], [ 0.943554043584754, 51.711892009009205 ], [ 0.941811525779469, 51.701985869903268 ], [ 0.940934388000073, 51.699771590000068 ], [ 0.941289558763235, 51.699018509767356 ], [ 0.94125115861425, 51.698800206564727 ], [ 0.942433022827853, 51.696593985360522 ], [ 0.948933202000035, 51.682811442000059 ], [ 0.947298084617493, 51.678371179218665 ], [ 0.943915605221378, 51.671743154922694 ], [ 0.943651311961392, 51.668468141632516 ], [ 0.937543500000061, 51.651881999000068 ], [ 0.935591, 51.650295499000038 ], [ 0.935114500000054, 51.646392999000057 ], [ 0.936786355803368, 51.641901451674116 ], [ 0.936613559868476, 51.636470079630442 ], [ 0.935703640292954, 51.635197020809649 ], [ 0.933507413000029, 51.633686772000033 ], [ 0.927229904322186, 51.629369668027273 ], [ 0.91873526268424, 51.626693399341129 ], [ 0.905908883000052, 51.622860004000074 ], [ 0.884324589000073, 51.622903614000052 ], [ 0.87130551100006, 51.622929919000057 ], [ 0.865130743631682, 51.622152341787633 ], [ 0.857693943264605, 51.621514188885769 ], [ 0.83846, 51.623321499000042 ], [ 0.834968619000051, 51.623243067000033 ], [ 0.825100271000053, 51.623021379000079 ], [ 0.82080176600709, 51.623786798203895 ], [ 0.813181519112277, 51.625249624270964 ], [ 0.812355219782569, 51.625290844074911 ], [ 0.806878285000039, 51.626266102000045 ], [ 0.800843115086079, 51.625865123493462 ], [ 0.793891779114787, 51.626211889726477 ], [ 0.776492, 51.63602449900003 ], [ 0.770024172641926, 51.638292874325366 ], [ 0.764127016049315, 51.641777754240309 ], [ 0.749517440377758, 51.643339633817448 ], [ 0.741979002828771, 51.640958547399293 ], [ 0.733540177537577, 51.64253222967892 ], [ 0.716296434533206, 51.642630219809064 ], [ 0.713976966355128, 51.640714592346711 ], [ 0.711097, 51.63991549900004 ], [ 0.706214545000023, 51.636709340000039 ], [ 0.696218108000039, 51.638604222000026 ], [ 0.673329542000033, 51.636596553000061 ], [ 0.633998500000075, 51.639358499000082 ], [ 0.645466713000076, 51.635981168000058 ], [ 0.640931366000075, 51.633598063000079 ], [ 0.62270774600006, 51.632975062000071 ], [ 0.607308500000045, 51.630012499000031 ], [ 0.596662052000056, 51.63182749200007 ], [ 0.590769500000022, 51.630649499000072 ], [ 0.605096500000059, 51.628932999000028 ], [ 0.628489400000035, 51.631558667000036 ], [ 0.644346641000027, 51.630040552000082 ], [ 0.649348831000054, 51.634930275000045 ], [ 0.655776, 51.635058499000081 ], [ 0.711310500000025, 51.633648999000059 ], [ 0.721868416000063, 51.634586052000031 ], [ 0.727828828118585, 51.633759397991128 ], [ 0.736133456294453, 51.630609750939527 ], [ 0.749536633708772, 51.631138444384078 ], [ 0.754931481326113, 51.633340037737113 ], [ 0.765835078000066, 51.635065356000041 ], [ 0.781456500837742, 51.627410299513762 ], [ 0.785042524592768, 51.623912453796891 ], [ 0.792298478191634, 51.623300871108434 ], [ 0.813695184449751, 51.620744563795441 ], [ 0.819038152488929, 51.619078755180908 ], [ 0.84301393971027, 51.617241707315927 ], [ 0.85719726700006, 51.615547045000028 ], [ 0.865157545000045, 51.612151681000057 ], [ 0.865614193000056, 51.601453845000037 ], [ 0.86076059800007, 51.596883632000072 ], [ 0.834968619000051, 51.598289371000078 ], [ 0.825835536000056, 51.598787141000059 ], [ 0.816873464000025, 51.601442390000045 ], [ 0.815077076000023, 51.596200044000057 ], [ 0.798640283000054, 51.587720481000076 ], [ 0.763951010000028, 51.583868816000063 ], [ 0.75347077400005, 51.580662859000029 ], [ 0.72543550000006, 51.579254999000057 ], [ 0.72806733300007, 51.577076023000075 ], [ 0.73373073800002, 51.57681843000006 ], [ 0.768649684000025, 51.580116151000027 ], [ 0.786323082000024, 51.58448528200006 ], [ 0.804937856000038, 51.584908632000065 ], [ 0.805829494000022, 51.580895159000079 ], [ 0.795977011000048, 51.576661671000068 ], [ 0.795333500000027, 51.573644499000068 ], [ 0.803673935000063, 51.577758147000054 ], [ 0.805797406000067, 51.578805420000037 ], [ 0.81259221800002, 51.588594154000077 ], [ 0.823024967000038, 51.593965829000069 ], [ 0.833521270000062, 51.59293017400006 ], [ 0.834968619000051, 51.591045733000044 ], [ 0.83764327800003, 51.587563132000071 ], [ 0.842472737000037, 51.591976853000062 ], [ 0.864711062000026, 51.595687068000075 ], [ 0.869671119000031, 51.600165152000045 ], [ 0.874939006000034, 51.612151681000057 ], [ 0.880782810000028, 51.614355802000034 ], [ 0.893793407151848, 51.614592168643497 ], [ 0.904721736719068, 51.613589405826815 ], [ 0.926876020607103, 51.617613072551237 ], [ 0.933507413000029, 51.618476174000079 ], [ 0.943893166000066, 51.619827874000066 ], [ 0.954941796000071, 51.618324715000028 ], [ 0.95316570600005, 51.612151681000057 ], [ 0.935009665000052, 51.597027905000061 ], [ 0.933507413000029, 51.596111250000035 ], [ 0.920198459000062, 51.587989483000058 ], [ 0.911535333000074, 51.582702045000076 ], [ 0.90158871400007, 51.577758147000054 ], [ 0.884324589000073, 51.569175857000062 ], [ 0.867473745254525, 51.560797251045969 ], [ 0.862157741140619, 51.558472340714722 ], [ 0.851393514000051, 51.55684147900007 ], [ 0.844940314000041, 51.55009606200008 ], [ 0.834968619000051, 51.546148620000054 ], [ 0.821236500000055, 51.540711999000052 ], [ 0.821060972403629, 51.540614566700867 ], [ 0.820282458968848, 51.540328621968627 ], [ 0.790035247628964, 51.523537516743261 ], [ 0.782536325086433, 51.521634930280499 ], [ 0.776604500000076, 51.522716499000069 ], [ 0.768319500000075, 51.52547449900004 ], [ 0.759594500000048, 51.527847499000075 ], [ 0.75173650000005, 51.529411499000048 ], [ 0.751191112759036, 51.529467912571612 ], [ 0.749938368960954, 51.529825448785516 ], [ 0.747608848305264, 51.529838453568765 ], [ 0.745249500000057, 51.530082499000059 ], [ 0.740543628036141, 51.529877895871181 ], [ 0.733610513869254, 51.529916600678 ], [ 0.731621500000074, 51.530154999000047 ], [ 0.728085197849049, 51.530936275056675 ], [ 0.723461270321707, 51.53235805028396 ], [ 0.721376633989388, 51.532418399630345 ], [ 0.720570500000065, 51.532596499000078 ], [ 0.719882078039942, 51.532461666397445 ], [ 0.713388129257524, 51.532649663487575 ], [ 0.71265, 51.533019999000032 ], [ 0.701405500000021, 51.533275499000069 ], [ 0.691999, 51.535037999000053 ], [ 0.687958, 51.53538499900003 ], [ 0.685807094058697, 51.535507978433834 ], [ 0.673192153608604, 51.537572618907106 ], [ 0.670779500000037, 51.538150999000038 ], [ 0.669125391733846, 51.538238210726192 ], [ 0.665974736345106, 51.538753866797549 ], [ 0.655547073343354, 51.538954118269402 ], [ 0.652334500000052, 51.539123499000027 ], [ 0.648701500000072, 51.54040549900003 ], [ 0.644075500000042, 51.541068999000061 ], [ 0.640249, 51.540065999000035 ], [ 0.640122, 51.537868499000069 ], [ 0.643768261000048, 51.536950811000054 ], [ 0.64127888465889, 51.534706048965525 ], [ 0.633312344389708, 51.531558513414893 ], [ 0.633060351230429, 51.53130511757238 ], [ 0.631691500000045, 51.531184999000061 ], [ 0.626791, 51.532172999000068 ], [ 0.587680500000033, 51.538757499000042 ], [ 0.56630750000005, 51.541129999000077 ], [ 0.573345, 51.539264499000069 ], [ 0.599178666000057, 51.535716114000081 ], [ 0.605782500000032, 51.530463999000062 ], [ 0.622791738000046, 51.528947496000058 ], [ 0.629465102589105, 51.525086814837579 ], [ 0.631668774353622, 51.520319851757684 ], [ 0.627301130281904, 51.51805565228377 ], [ 0.620848850684862, 51.515648840501129 ], [ 0.603367, 51.512794499000051 ], [ 0.591183397000066, 51.511186735000081 ], [ 0.58618262300007, 51.512756677000027 ], [ 0.581521500000065, 51.509673999000029 ], [ 0.572130059000074, 51.508076159000041 ], [ 0.55395840500006, 51.51043734700005 ], [ 0.542637055000057, 51.519590445000063 ], [ 0.541214159938323, 51.519571775251315 ], [ 0.540102243124579, 51.520397901642184 ], [ 0.535462819355724, 51.519496312143353 ], [ 0.526885006000043, 51.519383763000064 ], [ 0.517798, 51.530078999000068 ], [ 0.51370350000002, 51.531184999000061 ], [ 0.510070746000054, 51.530078538000055 ], [ 0.514675805000024, 51.528575054000044 ], [ 0.518159819000061, 51.525960548000057 ], [ 0.519148676000043, 51.51980381900006 ], [ 0.521789620005204, 51.516839169022987 ], [ 0.520365118955453, 51.516562342578254 ], [ 0.538149248750738, 51.511931607028536 ], [ 0.536095913732095, 51.510753888049663 ], [ 0.524437092624964, 51.508210141514645 ], [ 0.524286959000051, 51.508190726000066 ], [ 0.519403836000038, 51.509275783000078 ], [ 0.507087495000064, 51.505488074000027 ], [ 0.503271446030619, 51.505814353411495 ], [ 0.495224356219467, 51.506669044640944 ], [ 0.49005213611616, 51.506100670765626 ], [ 0.470718912000052, 51.504312043000027 ], [ 0.469230337555841, 51.504418166394217 ], [ 0.458097458031489, 51.506649732599328 ], [ 0.451677539651401, 51.502769162173621 ], [ 0.445494500000052, 51.500198499000078 ], [ 0.440855892000059, 51.491651163000029 ], [ 0.434469056322771, 51.464772264656013 ], [ 0.432442553026965, 51.461169719049401 ], [ 0.419791124350285, 51.456936747062343 ], [ 0.416579304284244, 51.456280275388679 ], [ 0.398445, 51.453654999000037 ], [ 0.374206188000073, 51.451813997000045 ], [ 0.342621884000039, 51.452244693000068 ], [ 0.335133944000063, 51.457468065000057 ], [ 0.334650297000053, 51.462585928000067 ], [ 0.328151, 51.469371999000032 ], [ 0.317252256000074, 51.473556448000068 ], [ 0.305215500000031, 51.47378549900003 ], [ 0.292934389000038, 51.470074708000027 ], [ 0.280342921000056, 51.462128359000076 ], [ 0.246730835000051, 51.473072162000051 ], [ 0.244095316000028, 51.474793121000062 ], [ 0.230949340000052, 51.483376300000032 ], [ 0.227970500000026, 51.485320999000066 ], [ 0.226108500000066, 51.485587999000074 ], [ 0.215614, 51.48961999900007 ], [ 0.210514, 51.490035999000042 ], [ 0.187562871000068, 51.488505272000054 ], [ 0.178623, 51.50524499900007 ], [ 0.173875500000065, 51.508159499000044 ], [ 0.171934, 51.508449499000051 ], [ 0.165003084000034, 51.511358226000027 ], [ 0.158779500000037, 51.51217249900003 ], [ 0.143242, 51.515315999000052 ], [ 0.130474470000024, 51.51854836900003 ], [ 0.12767397500005, 51.519257343000049 ], [ 0.107649609000021, 51.51424408500003 ], [ 0.096999500000038, 51.515670999000065 ], [ 0.093777402000057, 51.51471908700006 ], [ 0.084783366000067, 51.512061852000045 ], [ 0.077752500000031, 51.504890499000055 ], [ 0.072445304000041, 51.500114493000069 ], [ 0.060950475000027, 51.498554027000068 ], [ 0.024187832000052, 51.498991769000042 ], [ 0.017896337000025, 51.500883535000071 ], [ 0.01329, 51.504844499000058 ], [ 0.00941750000004, 51.50709899900005 ], [ 0.004001992000042, 51.508259036000027 ], [ -0.00121102199995, 51.50748202300008 ], [ -0.006635820999975, 51.503784182000061 ], [ -0.008010122999963, 51.500737094000044 ], [ -0.005945789999942, 51.495681931000036 ], [ -0.00328667499997, 51.492185612000071 ], [ -0.003191, 51.490886999000054 ], [ -0.006665262999945, 51.487301855000055 ], [ -0.015145777999976, 51.486385964000078 ], [ -0.023043090999977, 51.488642448000064 ], [ -0.027498499999979, 51.493972499000051 ], [ -0.027109733999964, 51.502879878000044 ], [ -0.030456499999957, 51.507317999000065 ], [ -0.036224606999951, 51.509177112000032 ], [ -0.042123499999946, 51.509762999000031 ], [ -0.044981, 51.509479499000065 ], [ -0.04928, 51.507858499000065 ], [ -0.056374, 51.503677499000048 ], [ -0.059818499999949, 51.502837999000064 ], [ -0.063109499999939, 51.503188999000031 ], [ -0.068913, 51.504703499000072 ], [ -0.071229499999959, 51.505828999000073 ], [ -0.07944649999996, 51.50780499900003 ], [ -0.080354, 51.50796499900008 ], [ -0.083447499999977, 51.508510499000067 ], [ -0.085392, 51.508629499000051 ], [ -0.088567499999954, 51.508929999000031 ], [ -0.091993, 51.50943649900006 ], [ -0.095207499999958, 51.510094499000047 ], [ -0.099782499999947, 51.51073149900003 ], [ -0.108435499999928, 51.510766999000055 ], [ -0.111511, 51.510753499000032 ], [ -0.116853, 51.51003649900008 ], [ -0.120742, 51.508048999000039 ], [ -0.12281, 51.504756999000051 ], [ -0.124058499999933, 51.498111499000061 ], [ -0.124593, 51.49470149900003 ], [ -0.125313499999947, 51.49164199900008 ], [ -0.128426, 51.488212499000042 ], [ -0.132601, 51.485694999000032 ], [ -0.138071499999967, 51.484809999000049 ], [ -0.146071499999948, 51.485667999000043 ], [ -0.149948499999937, 51.48551549900003 ], [ -0.163779499999976, 51.483654499000068 ], [ -0.167127499999935, 51.483203999000068 ], [ -0.175701, 51.481620999000029 ], [ -0.177783499999975, 51.480254999000067 ], [ -0.179312, 51.477802499000063 ], [ -0.180762499999958, 51.472995999000034 ], [ -0.184432, 51.467643499000076 ], [ -0.18632, 51.46644199900004 ], [ -0.190186499999925, 51.46529749900003 ], [ -0.194246499999963, 51.464832499000067 ], [ -0.197355, 51.464969499000063 ], [ -0.20233049999996, 51.465301499000077 ], [ -0.210384499999975, 51.467128999000067 ], [ -0.216863, 51.469718999000065 ], [ -0.222610499999973, 51.474918499000069 ], [ -0.223575499999924, 51.477618999000072 ], [ -0.224027499999977, 51.482444999000052 ], [ -0.227560499999925, 51.487445999000045 ], [ -0.229273, 51.489055499000074 ], [ -0.234351, 51.490417499000046 ], [ -0.240498499999944, 51.49010449900004 ], [ -0.244502, 51.488700999000059 ], [ -0.247638, 51.48730099900007 ], [ -0.249522, 51.485732999000049 ], [ -0.251406499999973, 51.481925999000055 ], [ -0.251493499999924, 51.477378999000052 ], [ -0.254264499999977, 51.473140499000067 ], [ -0.257222499999955, 51.471824499000036 ], [ -0.261687, 51.471305999000037 ], [ -0.265282, 51.471763499000076 ], [ -0.269090499999947, 51.47355649900004 ], [ -0.272826, 51.476722499000061 ], [ -0.277048, 51.483497499000066 ], [ -0.281529, 51.486243999000067 ], [ -0.28741, 51.487685999000064 ], [ -0.292695, 51.487453499000026 ], [ -0.298917499999959, 51.485252499000069 ], [ -0.29982, 51.482124499000065 ], [ -0.29231232099994, 51.485713458000077 ], [ -0.284973815999933, 51.485826916000065 ], [ -0.278071612999952, 51.481865893000077 ], [ -0.270488, 51.47265999900003 ], [ -0.267762, 51.471305999000037 ], [ -0.262388499999929, 51.47027599900008 ], [ -0.25648949999993, 51.470924499000034 ], [ -0.251444, 51.473632999000074 ], [ -0.24969649999997, 51.476096999000049 ], [ -0.249368499999946, 51.482105499000056 ], [ -0.248484, 51.483733999000037 ], [ -0.240986499999963, 51.488345999000046 ], [ -0.238555, 51.48892199900007 ], [ -0.235468, 51.488948999000058 ], [ -0.2313, 51.487891999000055 ], [ -0.227974, 51.485107499000037 ], [ -0.226833499999941, 51.481097999000042 ], [ -0.226521499999933, 51.476039999000079 ], [ -0.222829, 51.471816999000055 ], [ -0.217405, 51.467860999000038 ], [ -0.213304499999936, 51.465842999000074 ], [ -0.206926499999952, 51.463844499000061 ], [ -0.199050499999942, 51.462707499000032 ], [ -0.1951, 51.462894499000072 ], [ -0.190779499999962, 51.463298999000074 ], [ -0.187051499999939, 51.464187499000047 ], [ -0.183378499999947, 51.46568699900007 ], [ -0.180658499999936, 51.467853499000057 ], [ -0.178418, 51.47078699900004 ], [ -0.175744, 51.476981999000031 ], [ -0.174119, 51.478904499000066 ], [ -0.17196, 51.480136999000081 ], [ -0.166205499999933, 51.481326999000032 ], [ -0.149046, 51.48366149900005 ], [ -0.140214499999956, 51.48276499900004 ], [ -0.136706, 51.482799499000066 ], [ -0.132379, 51.483657999000059 ], [ -0.128365499999973, 51.485057999000048 ], [ -0.125452499999938, 51.486922999000058 ], [ -0.122402633999968, 51.491210976000048 ], [ -0.121285, 51.494369499000072 ], [ -0.119313, 51.50384499900008 ], [ -0.118287, 51.505721999000059 ], [ -0.115345, 51.507533999000032 ], [ -0.108863, 51.508449499000051 ], [ -0.087985, 51.506831999000042 ], [ -0.079138, 51.505424499000071 ], [ -0.06754049999995, 51.501399999000057 ], [ -0.063230499999975, 51.500640999000041 ], [ -0.059136499999966, 51.500701999000057 ], [ -0.056368, 51.501029999000082 ], [ -0.052221499999973, 51.502288999000029 ], [ -0.04853, 51.504516499000033 ], [ -0.044348499999955, 51.506919999000047 ], [ -0.040995, 51.507468999000082 ], [ -0.036191499999973, 51.507034499000042 ], [ -0.033831499999962, 51.506080499000063 ], [ -0.03229, 51.504314499000031 ], [ -0.032903499999975, 51.496944499000051 ], [ -0.032325, 51.493026499000052 ], [ -0.024711499999967, 51.485648999000034 ], [ -0.015740456999936, 51.483068347000028 ], [ -0.004507499999931, 51.484603999000058 ], [ 0.002098644000057, 51.489966436000032 ], [ -0.001927217999935, 51.500069901000074 ], [ 0.000740928000027, 51.504060089000063 ], [ 0.005834180000022, 51.50358882300003 ], [ 0.016159464000054, 51.496050437000065 ], [ 0.029085, 51.493911499000035 ], [ 0.076111500000025, 51.49600999900008 ], [ 0.082400500000062, 51.498985499000071 ], [ 0.089111876000061, 51.506486653000081 ], [ 0.093777402000057, 51.509143378000033 ], [ 0.100311, 51.509673999000029 ], [ 0.108958500000028, 51.509601499000041 ], [ 0.12027850000004, 51.511443999000051 ], [ 0.130474470000024, 51.512672985000052 ], [ 0.15138950000005, 51.50636649900008 ], [ 0.159870500000068, 51.505641999000034 ], [ 0.164471, 51.504539499000032 ], [ 0.171072585000047, 51.497920687000033 ], [ 0.174801860000059, 51.486726990000079 ], [ 0.17909686400003, 51.484444975000031 ], [ 0.186644500000057, 51.480434499000069 ], [ 0.195983502000047, 51.479536991000032 ], [ 0.211633147000043, 51.482232899000053 ], [ 0.217437, 51.480071999000074 ], [ 0.230949340000052, 51.473185533000049 ], [ 0.239779, 51.468684999000061 ], [ 0.244095316000028, 51.467017512000041 ], [ 0.255371057556795, 51.462661153467245 ], [ 0.271254658675787, 51.455245613994066 ], [ 0.27286275716817, 51.455153764686258 ], [ 0.276561, 51.45356349900004 ], [ 0.278666, 51.453410999000027 ], [ 0.281544, 51.453883999000027 ], [ 0.284772, 51.453632499000037 ], [ 0.291408500000045, 51.454742499000076 ], [ 0.294254500000022, 51.455989999000053 ], [ 0.295915902721394, 51.457098761419154 ], [ 0.299531459909247, 51.458048939307275 ], [ 0.307105544703318, 51.464566339480236 ], [ 0.309375406000072, 51.466081166000038 ], [ 0.315464, 51.464996499000051 ], [ 0.324194996590378, 51.45594400487321 ], [ 0.328194021736863, 51.451443552877834 ], [ 0.328640604192455, 51.451334698674138 ], [ 0.329118813000036, 51.450838881000038 ], [ 0.339730831000054, 51.447529201000066 ], [ 0.34778449839542, 51.446668386030289 ], [ 0.350937008436688, 51.445899963612703 ], [ 0.403908610294309, 51.44311904940497 ], [ 0.405467987179957, 51.443350357434916 ], [ 0.406608500000061, 51.443290499000057 ], [ 0.428110570928504, 51.44670901401625 ], [ 0.428647193317321, 51.446788613161736 ], [ 0.433579, 51.447414499000047 ], [ 0.437819500000046, 51.447356999000078 ], [ 0.443151, 51.449996999000064 ], [ 0.444789542201138, 51.450510945377637 ], [ 0.456512570199266, 51.453446745970666 ], [ 0.456692419281867, 51.454244410743421 ], [ 0.458900500000027, 51.45493699900004 ], [ 0.457717719804211, 51.458791812911564 ], [ 0.460151375691588, 51.46958553808539 ], [ 0.470718912000052, 51.48321052600005 ], [ 0.483444113601083, 51.487054396509564 ], [ 0.523306846334265, 51.48444724114762 ], [ 0.52368125310112, 51.484489628346935 ], [ 0.525267470000074, 51.484326300000077 ], [ 0.530714, 51.485133999000027 ], [ 0.546586819000026, 51.486822663000055 ], [ 0.552337483000031, 51.48519977400008 ], [ 0.554813586000023, 51.482093793000047 ], [ 0.560810249000042, 51.484344983000028 ], [ 0.572467835000054, 51.484171218000029 ], [ 0.581071486000042, 51.480663403000051 ], [ 0.587418331413922, 51.483811648817465 ], [ 0.591666173576294, 51.483105756629584 ], [ 0.605882483184038, 51.480303816851759 ], [ 0.615921616189837, 51.475247740491056 ], [ 0.644749168653637, 51.478643892956839 ], [ 0.650818339000068, 51.476987698000073 ], [ 0.655481985438194, 51.47711422738692 ], [ 0.664800120339299, 51.475536180288849 ], [ 0.672740679000071, 51.472784242000046 ], [ 0.684445033000031, 51.474950964000072 ], [ 0.700501383000073, 51.47220750300005 ], [ 0.719188765627263, 51.460280783934003 ], [ 0.720399464702717, 51.458402407621143 ], [ 0.722262411000031, 51.454884814000081 ], [ 0.722834975000069, 51.443433202000051 ], [ 0.712977046000049, 51.435751563000053 ], [ 0.702967193000063, 51.433571578000056 ], [ 0.69128149300002, 51.433169130000067 ], [ 0.677560538000023, 51.433417664000046 ], [ 0.675536544474587, 51.434109300941358 ], [ 0.675678253049341, 51.436653137033034 ], [ 0.675480129182209, 51.436812508412267 ], [ 0.676114990000031, 51.438706334000074 ], [ 0.669300625000062, 51.443849539000041 ], [ 0.666414264202685, 51.444105114934828 ], [ 0.662172555619236, 51.447517156891365 ], [ 0.659189091296637, 51.444733334646521 ], [ 0.658243746000039, 51.444245525000042 ], [ 0.656944127000031, 51.448780036000073 ], [ 0.649128938000047, 51.444966209000029 ], [ 0.632468175000042, 51.444337434000033 ], [ 0.628796716000068, 51.438277309000057 ], [ 0.618225333000055, 51.435751563000053 ], [ 0.618174826000029, 51.432191001000035 ], [ 0.613175728000044, 51.429069192000043 ], [ 0.610722894000048, 51.423587295000061 ], [ 0.614131352000072, 51.42366695100003 ], [ 0.61828459700007, 51.428134132000082 ], [ 0.622553737336671, 51.424495346331973 ], [ 0.615188064226248, 51.419867136416514 ], [ 0.610163875000069, 51.417514642000071 ], [ 0.593685437128175, 51.416311359081369 ], [ 0.576116800450507, 51.415187120189728 ], [ 0.574412508726961, 51.41447201175172 ], [ 0.56423869200006, 51.41138045200006 ], [ 0.556586837181401, 51.411687553961904 ], [ 0.554681659131347, 51.412362933303029 ], [ 0.538859564642223, 51.413148467271874 ], [ 0.537017405000029, 51.413389534000032 ], [ 0.536606199107522, 51.413260342167639 ], [ 0.536008358299341, 51.413290023716002 ], [ 0.530088543951592, 51.411248207439087 ], [ 0.528002283937925, 51.407795994642662 ], [ 0.525991403000035, 51.405294308000066 ], [ 0.520826039000042, 51.398867321000068 ], [ 0.51974503100007, 51.388404395000066 ], [ 0.514694716000065, 51.389289083000051 ], [ 0.510902472000055, 51.394694466000033 ], [ 0.508865449000041, 51.396347349000052 ], [ 0.507094, 51.396869499000047 ], [ 0.503929, 51.397075499000039 ], [ 0.501576500000056, 51.395362999000042 ], [ 0.499736, 51.392917499000077 ], [ 0.491466736000064, 51.389288571000066 ], [ 0.489730301000066, 51.382567038000047 ], [ 0.480482977000065, 51.381048530000044 ], [ 0.474563, 51.377792499000066 ], [ 0.470718912000052, 51.375936740000043 ], [ 0.449337288000038, 51.365613250000081 ], [ 0.448577797000041, 51.359865996000053 ], [ 0.455396099000041, 51.352021121000064 ], [ 0.449214, 51.34852199900007 ], [ 0.456930620000037, 51.35154072000006 ], [ 0.450481743000068, 51.362711126000079 ], [ 0.451920732000076, 51.365777674000071 ], [ 0.457092, 51.367988499000035 ], [ 0.470718912000052, 51.372840990000043 ], [ 0.489838377000069, 51.379648491000069 ], [ 0.501733, 51.391647499000044 ], [ 0.508951696000054, 51.393543258000079 ], [ 0.514694716000065, 51.38426753400006 ], [ 0.522329891000027, 51.385639037000033 ], [ 0.525912516000062, 51.395285641000044 ], [ 0.533117271000037, 51.405294308000066 ], [ 0.536163880000061, 51.409525924000036 ], [ 0.542402041997056, 51.408572556723556 ], [ 0.548195705028973, 51.406902102005873 ], [ 0.549651161000043, 51.405294308000066 ], [ 0.552175137178997, 51.402505889005738 ], [ 0.55371963994952, 51.399584055360208 ], [ 0.569820403989013, 51.393133401785178 ], [ 0.576328910378384, 51.392270653071812 ], [ 0.582427500000051, 51.390292999000053 ], [ 0.591532390000054, 51.390226829000028 ], [ 0.604374188000065, 51.381972776000055 ], [ 0.605464191640981, 51.381644524050195 ], [ 0.605738520716272, 51.381004810124239 ], [ 0.609256643498249, 51.380502436381718 ], [ 0.615022758000066, 51.37876598500003 ], [ 0.616282709062766, 51.379499142559546 ], [ 0.618271708372902, 51.379215121480911 ], [ 0.619068437318692, 51.381120140223693 ], [ 0.621322072000055, 51.382431516000054 ], [ 0.621315721061866, 51.386493508009217 ], [ 0.621375322713334, 51.386636018537729 ], [ 0.634105458168807, 51.388426995034528 ], [ 0.63417, 51.385438241000031 ], [ 0.624015744000076, 51.379214066000031 ], [ 0.623687596000025, 51.376633291000076 ], [ 0.626894500000049, 51.375209999000049 ], [ 0.630347713000049, 51.380709077000063 ], [ 0.640103435000071, 51.388194568000074 ], [ 0.640610102251352, 51.39215831486181 ], [ 0.648115948772441, 51.396670242757125 ], [ 0.657407926000076, 51.392000316000065 ], [ 0.662228144000039, 51.384128432000068 ], [ 0.664507666335486, 51.383097473072475 ], [ 0.666417956424027, 51.379698515174482 ], [ 0.666695635876225, 51.379583852029661 ], [ 0.666661500000032, 51.379115999000078 ], [ 0.670562140085993, 51.377987242958895 ], [ 0.675063610497602, 51.376128435079465 ], [ 0.68172395269869, 51.380173444449099 ], [ 0.685009258851703, 51.38833006113282 ], [ 0.686039100000073, 51.39076889200004 ], [ 0.694525966032834, 51.392812132439587 ], [ 0.698052195037139, 51.393461316390599 ], [ 0.69886049344982, 51.393135048092482 ], [ 0.698274861417413, 51.387653052403181 ], [ 0.694712622000054, 51.384349402000055 ], [ 0.695570355000029, 51.38075673600008 ], [ 0.712184269000034, 51.383740211000031 ], [ 0.713833385937122, 51.385054984322601 ], [ 0.714923620329216, 51.385334253473275 ], [ 0.71458841181546, 51.385656935500442 ], [ 0.71808569500007, 51.388445176000062 ], [ 0.704801548343922, 51.395078071345878 ], [ 0.700382956606781, 51.399331543678677 ], [ 0.697233760656224, 51.404869423659918 ], [ 0.697128162025799, 51.406977953724045 ], [ 0.697788, 51.415145499000062 ], [ 0.696943653765801, 51.418841010333566 ], [ 0.717128157239074, 51.420486926630531 ], [ 0.717173193803065, 51.413625602512582 ], [ 0.717095, 51.413571999000055 ], [ 0.717174276321478, 51.413460680745942 ], [ 0.71718060929777, 51.412495851302481 ], [ 0.726856351340018, 51.398891925422106 ], [ 0.742494484430249, 51.394020192748933 ], [ 0.751813736000031, 51.38791795700007 ], [ 0.757413710066052, 51.385806541197411 ], [ 0.762662435508039, 51.382529122802787 ], [ 0.76340601000004, 51.380205413000056 ], [ 0.759558, 51.370685499000047 ], [ 0.764979, 51.361957499000027 ], [ 0.769432015787826, 51.362452485878087 ], [ 0.770751978887528, 51.362281347377994 ], [ 0.774665500000026, 51.361472999000057 ], [ 0.776587838882811, 51.361524704766872 ], [ 0.784324049914972, 51.360521674036136 ], [ 0.792427552979266, 51.36049699984401 ], [ 0.807054230962972, 51.359289495244404 ], [ 0.813486991210386, 51.356741727433509 ], [ 0.815882386000055, 51.355365924000068 ], [ 0.832752084271676, 51.354334418094105 ], [ 0.838472604427523, 51.353867411252338 ], [ 0.85244183917385, 51.355289382670684 ], [ 0.860024483000075, 51.355762612000035 ], [ 0.871585064000044, 51.354217088000041 ], [ 0.893941851000022, 51.345015027000045 ], [ 0.894056, 51.336463999000046 ], [ 0.895478, 51.336360999000078 ], [ 0.898256515000071, 51.341564820000031 ], [ 0.899902727970435, 51.341869151265129 ], [ 0.931423789048641, 51.346291914857431 ], [ 0.933507413000029, 51.346457173000033 ], [ 0.937142398000049, 51.34674547000003 ], [ 0.942972780186882, 51.346303830948671 ], [ 0.950656202766105, 51.345426019659598 ], [ 0.954797029659687, 51.344952940825806 ], [ 0.956936782703808, 51.345063653688719 ], [ 0.957505, 51.345004999000082 ], [ 0.958469005145861, 51.345142932338959 ], [ 0.996825933570108, 51.347127556391797 ], [ 0.999874293558421, 51.348018805702324 ], [ 1.008384, 51.349960499000076 ], [ 1.010448760945844, 51.351110463775633 ], [ 1.010496854446842, 51.351124524877264 ], [ 1.010537292600394, 51.351159771316276 ], [ 1.011575500000049, 51.351737999000079 ], [ 1.025404097517833, 51.363747786382461 ], [ 1.025884783956224, 51.363893391382369 ], [ 1.05197730372837, 51.36536583308505 ], [ 1.056955456329547, 51.365264654440296 ], [ 1.058172201873465, 51.365764792670291 ], [ 1.062964500000021, 51.366096499000037 ], [ 1.065841500000033, 51.367019499000037 ], [ 1.069030272181148, 51.369059748421058 ], [ 1.075226394894073, 51.368803309289611 ], [ 1.082283, 51.368157499000063 ], [ 1.086331287962223, 51.368343710720445 ], [ 1.093287348432739, 51.368055820020402 ], [ 1.094386069896049, 51.368714211735984 ], [ 1.094698309000023, 51.368728574000045 ], [ 1.101898098985044, 51.372336273274122 ], [ 1.1076171363115, 51.372215083713179 ], [ 1.112316, 51.372001499000078 ], [ 1.115304176548298, 51.372052191083164 ], [ 1.119635820637029, 51.371960401151512 ], [ 1.147769086994334, 51.373136939175332 ], [ 1.149224500000059, 51.373157499000058 ], [ 1.150216928342248, 51.373239308320294 ], [ 1.164323448768414, 51.373829245423735 ], [ 1.172376736958369, 51.375506122438381 ], [ 1.198177688857922, 51.379447006057951 ], [ 1.200963306075776, 51.379782539993094 ], [ 1.222063306781314, 51.379362369648483 ], [ 1.24637246162024, 51.377400160089564 ], [ 1.246714779237062, 51.377401711139143 ], [ 1.251339500000029, 51.376830999000049 ], [ 1.256001, 51.376800499000069 ], [ 1.26156171076354, 51.377468982952543 ], [ 1.277338862598981, 51.377540469617145 ], [ 1.278801623770761, 51.378140310822793 ], [ 1.279244178000056, 51.378153670000074 ], [ 1.290654913000026, 51.382476159000078 ], [ 1.319829500000026, 51.381927499000028 ], [ 1.321240921342564, 51.382052850496727 ], [ 1.327822827477508, 51.381950428811656 ], [ 1.328055, 51.381923499000038 ], [ 1.331218500000034, 51.382453999000063 ], [ 1.331794523912519, 51.382715914770074 ], [ 1.342212166836198, 51.384907267293585 ], [ 1.343025271017717, 51.384966918098932 ], [ 1.358731003054038, 51.386057709391288 ], [ 1.361379363000026, 51.385753945000033 ], [ 1.36985723052589, 51.386830445868327 ], [ 1.378279805069212, 51.387415408794595 ], [ 1.382759561750984, 51.390561362516713 ], [ 1.388480859188028, 51.392717629394106 ], [ 1.395753008633944, 51.392553323244094 ], [ 1.403052, 51.392276999000046 ], [ 1.417699667000022, 51.391761557000052 ], [ 1.419005832289196, 51.392027951487073 ], [ 1.427367567759404, 51.391839027349477 ], [ 1.441945654938741, 51.38679480884575 ], [ 1.441063500000041, 51.384879999000077 ], [ 1.443421, 51.383506999000076 ], [ 1.445137500000044, 51.382827999000028 ], [ 1.446205, 51.38000099900006 ], [ 1.448813478176343, 51.378350004409654 ], [ 1.449586272189094, 51.377352476235899 ], [ 1.448479591190415, 51.372166914471713 ], [ 1.448417500000062, 51.372031999000058 ], [ 1.448418311295121, 51.371879776007852 ], [ 1.447812985702355, 51.369043409202533 ], [ 1.445885500000031, 51.367622499000049 ], [ 1.443533500000058, 51.358100999000044 ], [ 1.442614665000065, 51.351082448000057 ], [ 1.436464, 51.342654999000047 ], [ 1.43315, 51.338527499000065 ], [ 1.430082, 51.336196999000038 ], [ 1.427941560000022, 51.334647337000035 ], [ 1.426288500000055, 51.333450499000037 ], [ 1.426127879701945, 51.332663116577898 ], [ 1.419610743576008, 51.327656640937221 ], [ 1.41547560500004, 51.327327754000066 ], [ 1.413509392972801, 51.324604705975865 ], [ 1.409518480294082, 51.326428770971233 ], [ 1.408377771592791, 51.326393792007174 ], [ 1.377083705000075, 51.329170995000027 ], [ 1.374978537593691, 51.328082503677152 ], [ 1.374653935531228, 51.328125000268699 ], [ 1.372786668483158, 51.326949182640334 ], [ 1.364700062000054, 51.322767947000045 ], [ 1.364152871726585, 51.321512482819273 ], [ 1.363705873127913, 51.321231007905055 ], [ 1.36393500512903, 51.321012613353972 ], [ 1.359894, 51.311740999000051 ], [ 1.367686302000038, 51.312922349000075 ], [ 1.371327507000046, 51.310451331000081 ], [ 1.375778756402554, 51.294237449729273 ], [ 1.376930474861808, 51.2889207598854 ], [ 1.377558991543492, 51.287752861111734 ], [ 1.377894234000053, 51.286531725000032 ], [ 1.39402750000005, 51.256469499000048 ], [ 1.397668295576499, 51.249732699753352 ], [ 1.40425428090355, 51.232556778379369 ], [ 1.404430150520981, 51.231888608915419 ], [ 1.404897281782246, 51.216754477867312 ], [ 1.404214500000023, 51.212730499000031 ], [ 1.405731, 51.189334999000039 ], [ 1.401126, 51.165160999000079 ], [ 1.386378371735531, 51.150280141060591 ], [ 1.384037971675639, 51.148843765427785 ], [ 1.383168132337452, 51.147040900446584 ], [ 1.37733746300006, 51.141157557000042 ], [ 1.364154929000051, 51.136046505000081 ], [ 1.343900500000075, 51.131496499000036 ], [ 1.343346360757064, 51.129889004400546 ], [ 1.342071848804391, 51.127620947335046 ], [ 1.338009349247817, 51.125219522564528 ], [ 1.327586355051912, 51.124395248639253 ], [ 1.32487483400007, 51.125236967000035 ], [ 1.321391492122667, 51.123905344885372 ], [ 1.31868815423536, 51.123691558818734 ], [ 1.318477278186932, 51.122791290663805 ], [ 1.316083, 51.121875999000054 ], [ 1.314582889000064, 51.119012367000039 ], [ 1.317081536106007, 51.116832614193328 ], [ 1.31669620609424, 51.115187570380535 ], [ 1.315316248000045, 51.11393651000003 ], [ 1.315019640446748, 51.113912511054622 ], [ 1.302770852793117, 51.113193869701661 ], [ 1.301712999648527, 51.112835851534186 ], [ 1.299179742000035, 51.112630882000076 ], [ 1.268601105000073, 51.102026182000031 ], [ 1.261522500000069, 51.102630499000043 ], [ 1.252277649971695, 51.100773276824292 ], [ 1.238302077863541, 51.09995818453752 ], [ 1.227295606000041, 51.099633740000058 ], [ 1.221192, 51.098090999000078 ], [ 1.219074396542957, 51.097314019867419 ], [ 1.215556979471501, 51.096523165711801 ], [ 1.213670417823134, 51.09533122243446 ], [ 1.205936623000071, 51.092493582000031 ], [ 1.203337623693066, 51.088802888462382 ], [ 1.192029356769865, 51.081658243733102 ], [ 1.192004875096432, 51.0815273310576 ], [ 1.19123485800003, 51.081293211000059 ], [ 1.188412302000074, 51.077399577000051 ], [ 1.177598, 51.075944499000059 ], [ 1.172787, 51.074760499000035 ], [ 1.16910450000006, 51.073726499000031 ], [ 1.163094500000057, 51.073138999000037 ], [ 1.160107457000038, 51.073147603000052 ], [ 1.148514, 51.073180999000044 ], [ 1.124625, 51.071311999000045 ], [ 1.094707, 51.067573499000048 ], [ 1.075615, 51.063459499000032 ], [ 1.074620480090952, 51.063177059660909 ], [ 1.073903679411444, 51.063028454799564 ], [ 1.072997496119794, 51.062716139254931 ], [ 1.060403500000064, 51.059139499000025 ], [ 1.048019500000066, 51.054443499000058 ], [ 1.045175014106601, 51.053127137004537 ], [ 1.044856548590985, 51.053017378049731 ], [ 1.044584664645951, 51.052853936987667 ], [ 1.038919, 51.050231999000061 ], [ 1.03746650000005, 51.048679499000059 ], [ 1.034675, 51.04708849900004 ], [ 1.016729, 51.036678499000061 ], [ 1.006072500000073, 51.031165999000052 ], [ 1.005360496730432, 51.030647249875372 ], [ 1.002821802684025, 51.029365300868164 ], [ 0.998022474631483, 51.0253009365886 ], [ 0.994292, 51.022582999000065 ], [ 0.990646057080856, 51.019054135437344 ], [ 0.987366676331419, 51.016276955417311 ], [ 0.985506356149285, 51.014079481762572 ], [ 0.983564, 51.012199499000076 ], [ 0.982152669423497, 51.010117992607675 ], [ 0.978386879151628, 51.005669712687279 ], [ 0.97768089416681, 51.003522777470174 ], [ 0.977062, 51.002609999000072 ], [ 0.974029, 50.996314999000049 ], [ 0.964445694775268, 50.968807201264411 ], [ 0.964195370420441, 50.968279003773148 ], [ 0.964195370420441, 50.968088673412133 ], [ 0.964192, 50.968078999000056 ], [ 0.964086, 50.961482999000054 ], [ 0.966331, 50.951751499000068 ], [ 0.973402, 50.934360499000036 ], [ 0.974737130000051, 50.931931485000064 ], [ 0.978392, 50.92528149900005 ], [ 0.981034655860652, 50.918250498440848 ], [ 0.98108171819602, 50.916795121846278 ], [ 0.981088500000055, 50.915199499000039 ], [ 0.980573, 50.914031999000031 ], [ 0.978942, 50.913039999000034 ], [ 0.972739, 50.911113499000066 ], [ 0.954836, 50.911067999000068 ], [ 0.933507413000029, 50.912795687000028 ], [ 0.929874, 50.913089999000078 ], [ 0.920198459000062, 50.914350013000046 ], [ 0.892937, 50.917899999000042 ], [ 0.884324589000073, 50.91921157400003 ], [ 0.87130551100006, 50.921194166000078 ], [ 0.854784, 50.923709999000039 ], [ 0.852857641674276, 50.923973169497579 ], [ 0.84946930396552, 50.924635648616515 ], [ 0.8406846311147, 50.925636192001114 ], [ 0.839522311000053, 50.92579498300006 ], [ 0.834968619000051, 50.92641707000007 ], [ 0.796028291000027, 50.932374483000046 ], [ 0.795750661738117, 50.932370667618748 ], [ 0.791990638157756, 50.933006048090817 ], [ 0.780644428410986, 50.93216306687922 ], [ 0.77481087600006, 50.932082898000033 ], [ 0.77385665291319, 50.931658760389134 ], [ 0.773213028558985, 50.931610941491897 ], [ 0.773337745974753, 50.931428114167957 ], [ 0.772440140000072, 50.931029142000057 ], [ 0.773328184000036, 50.927697519000048 ], [ 0.751521687000036, 50.922682848000079 ], [ 0.743406006474517, 50.918652506600111 ], [ 0.729312777562939, 50.912646055271523 ], [ 0.717672629644475, 50.905873012179029 ], [ 0.709836500000051, 50.901981499000044 ], [ 0.702932500000031, 50.897578999000075 ], [ 0.692263, 50.892158499000061 ], [ 0.682637, 50.885886999000036 ], [ 0.67990660815174, 50.881869410110937 ], [ 0.678746714027017, 50.880855114058456 ], [ 0.672826, 50.877818999000056 ], [ 0.670321, 50.875316499000064 ], [ 0.669576500000062, 50.873477999000045 ], [ 0.666591, 50.871986499000059 ], [ 0.658612, 50.869914999000059 ], [ 0.65245950000002, 50.869212999000069 ], [ 0.650263, 50.867835999000079 ], [ 0.646977, 50.868018999000071 ], [ 0.638675, 50.866996999000037 ], [ 0.635852500000055, 50.865810499000077 ], [ 0.631774, 50.865222999000082 ], [ 0.628947, 50.862689999000054 ], [ 0.623658500000033, 50.861144999000032 ], [ 0.620404, 50.860687499000051 ], [ 0.617751, 50.860851499000034 ], [ 0.611899, 50.859794499000031 ], [ 0.608734, 50.859710499000073 ], [ 0.596430441000052, 50.855242879000059 ], [ 0.586827500000027, 50.854022999000051 ], [ 0.575835, 50.85381699900006 ], [ 0.571692, 50.853030999000055 ], [ 0.557636, 50.850589999000078 ], [ 0.543776, 50.850169999000059 ], [ 0.53721, 50.849948999000048 ], [ 0.524824500000022, 50.848708999000053 ], [ 0.516578, 50.84693549900004 ], [ 0.509231500000055, 50.844062999000073 ], [ 0.503145, 50.843116999000074 ], [ 0.501245500000039, 50.842757999000071 ], [ 0.499045777140898, 50.841627659941686 ], [ 0.495577687264893, 50.840844039952955 ], [ 0.48601, 50.839362999000059 ], [ 0.480938, 50.83775349900003 ], [ 0.476212500000031, 50.837131499000066 ], [ 0.470718912000052, 50.836631234000038 ], [ 0.463018500000032, 50.83592999900003 ], [ 0.427328, 50.832111499000064 ], [ 0.413626500000021, 50.830447999000057 ], [ 0.377511, 50.820377499000074 ], [ 0.363425, 50.816055499000072 ], [ 0.350002, 50.809810499000037 ], [ 0.343755, 50.804435499000078 ], [ 0.339293, 50.79915599900005 ], [ 0.331979796000041, 50.789452078000068 ], [ 0.328893128000061, 50.785355762000052 ], [ 0.315794500000038, 50.781036499000038 ], [ 0.310194500000023, 50.779208999000048 ], [ 0.307222500000023, 50.777221499000063 ], [ 0.302912, 50.775329499000065 ], [ 0.301661, 50.773940999000047 ], [ 0.296099, 50.770343999000033 ], [ 0.291671500000064, 50.765941499000064 ], [ 0.286008797000022, 50.760387162000029 ], [ 0.27170301600006, 50.752446920000068 ], [ 0.257728460000067, 50.737864490000049 ], [ 0.244095316000028, 50.735752347000073 ], [ 0.239999793000038, 50.735117821000074 ], [ 0.230949340000052, 50.736103698000079 ], [ 0.209978500000034, 50.738387999000054 ], [ 0.191278537000073, 50.746922641000026 ], [ 0.180867809185029, 50.749362560802489 ], [ 0.17883172646108, 50.749916134118315 ], [ 0.177707500000054, 50.750503499000047 ], [ 0.165003084000034, 50.754043700000068 ], [ 0.157487, 50.756137999000032 ], [ 0.154018, 50.757842999000047 ], [ 0.149032500000033, 50.758975999000029 ], [ 0.146136, 50.758796499000027 ], [ 0.141898500000025, 50.756690999000057 ], [ 0.137872500000071, 50.755748499000049 ], [ 0.130474470000024, 50.757001107000065 ], [ 0.123993, 50.758098499000027 ], [ 0.105758626165448, 50.765521852293908 ], [ 0.100923634332696, 50.767945137734252 ], [ 0.093777402000057, 50.771787311000026 ], [ 0.091843500000039, 50.772826999000074 ], [ 0.076806500000032, 50.77958699900006 ], [ 0.066807, 50.782470499000055 ], [ 0.056638259000067, 50.784360395000078 ], [ 0.054443088469613, 50.781682854383838 ], [ 0.043853345893392, 50.781343974517092 ], [ 0.029711500000076, 50.782962999000063 ], [ -0.000040499999955, 50.788676999000074 ], [ -0.001948401999925, 50.789452078000068 ], [ -0.012583499999948, 50.792037999000058 ], [ -0.038176499999963, 50.799503499000082 ], [ -0.05609524099998, 50.801852465000081 ], [ -0.090041720999977, 50.811184985000068 ], [ -0.091834644698016, 50.810597229963136 ], [ -0.10471868276949, 50.809317124579451 ], [ -0.105798503999949, 50.809398548000047 ], [ -0.113081, 50.814410999000074 ], [ -0.123737499999947, 50.816699999000036 ], [ -0.136939499999926, 50.818908499000031 ], [ -0.156872499999963, 50.821975499000075 ], [ -0.157046795903528, 50.821994716084298 ], [ -0.158209324200527, 50.822198748673713 ], [ -0.161185963599432, 50.822451082141072 ], [ -0.166872, 50.823077999000077 ], [ -0.179137, 50.824142499000061 ], [ -0.181273499999975, 50.824348499000052 ], [ -0.191709499999945, 50.825614999000038 ], [ -0.208402, 50.826747999000077 ], [ -0.216009, 50.827563999000063 ], [ -0.225500630159141, 50.827903117352669 ], [ -0.228118062298279, 50.82812500036863 ], [ -0.228949303365025, 50.828026332054115 ], [ -0.237910499999941, 50.828346499000077 ], [ -0.240984823999952, 50.828438600000027 ], [ -0.241679409999961, 50.830430539000076 ], [ -0.250992, 50.830501499000036 ], [ -0.250962498999968, 50.826768773000026 ], [ -0.272081666631253, 50.825920410541805 ], [ -0.2824441196002, 50.826060652477395 ], [ -0.286793441389657, 50.825329434722263 ], [ -0.290513499999975, 50.825179999000056 ], [ -0.323878, 50.81959899900005 ], [ -0.328277499999956, 50.819083999000043 ], [ -0.332708499999967, 50.81747449900007 ], [ -0.360011499999928, 50.811279499000079 ], [ -0.378199499999937, 50.807998499000064 ], [ -0.388362499999971, 50.806682499000033 ], [ -0.405666499999938, 50.805663999000046 ], [ -0.419538, 50.805293999000071 ], [ -0.423043, 50.804324999000073 ], [ -0.435942499999953, 50.803172999000026 ], [ -0.45288249999993, 50.802420999000049 ], [ -0.462451499999929, 50.802127999000049 ], [ -0.473261, 50.80305099900005 ], [ -0.495179, 50.80258199900004 ], [ -0.507375499999966, 50.802626499000041 ], [ -0.522756, 50.802143999000066 ], [ -0.538127499999973, 50.802308499000048 ], [ -0.541340852043419, 50.801368457210138 ], [ -0.551791037234649, 50.799965860447109 ], [ -0.560323499999924, 50.799753999000075 ], [ -0.565177407999954, 50.799033161000068 ], [ -0.57036, 50.798263499000029 ], [ -0.578859847188602, 50.795672448114907 ], [ -0.580426434625856, 50.795259764735526 ], [ -0.587387499999977, 50.794673999000054 ], [ -0.589237499999967, 50.794223999000053 ], [ -0.590914, 50.793052499000055 ], [ -0.594957, 50.792427499000041 ], [ -0.603731, 50.791049999000052 ], [ -0.616956499999958, 50.79064949900004 ], [ -0.622646901999929, 50.789452078000068 ], [ -0.624233508986643, 50.789118203580806 ], [ -0.638047169215854, 50.787571383886487 ], [ -0.642277499999977, 50.787441999000066 ], [ -0.654029, 50.786132999000074 ], [ -0.65583, 50.784667999000078 ], [ -0.659551499999964, 50.783965999000031 ], [ -0.67181549999998, 50.781938499000034 ], [ -0.680929021236835, 50.780248817791922 ], [ -0.687256216664207, 50.779574247852537 ], [ -0.688240499999949, 50.779489499000078 ], [ -0.689345203762954, 50.779351531814008 ], [ -0.692752719162343, 50.778988241714501 ], [ -0.693373610592038, 50.77884842141178 ], [ -0.701388, 50.777847499000075 ], [ -0.703202499999975, 50.777026999000043 ], [ -0.716494499999953, 50.774468499000079 ], [ -0.728559, 50.771294999000077 ], [ -0.729930684509852, 50.770616030211912 ], [ -0.729966043997365, 50.77060806750859 ], [ -0.738417863593043, 50.76667606874588 ], [ -0.739591642398652, 50.765833962015336 ], [ -0.750010644999975, 50.760676670000066 ], [ -0.757083508999926, 50.771188603000041 ], [ -0.763066499999979, 50.772914999000079 ], [ -0.763547, 50.772155999000063 ], [ -0.761565841999925, 50.769707521000043 ], [ -0.76374750399998, 50.768165648000036 ], [ -0.779701336999949, 50.768210715000066 ], [ -0.784949, 50.760303499000031 ], [ -0.772567642999945, 50.761323032000064 ], [ -0.759058730999925, 50.752626208000038 ], [ -0.765123158999927, 50.741301965000048 ], [ -0.779791499999931, 50.727878499000042 ], [ -0.78576581699997, 50.723175152000067 ], [ -0.789085386999943, 50.72274132900003 ], [ -0.797065801999963, 50.725197195000078 ], [ -0.804637, 50.730613499000071 ], [ -0.813337, 50.736732499000027 ], [ -0.81587049999996, 50.738548499000046 ], [ -0.82375849999994, 50.742454499000075 ], [ -0.832049499999926, 50.748344499000041 ], [ -0.842834, 50.753555499000072 ], [ -0.862947499999962, 50.76188649900007 ], [ -0.875789499999939, 50.765754499000082 ], [ -0.901169631997138, 50.772788821972661 ], [ -0.903842536416059, 50.773949866959292 ], [ -0.914155793999953, 50.779702253000039 ], [ -0.905507807999925, 50.783269025000038 ], [ -0.90208176000225, 50.787686599579935 ], [ -0.896816644328676, 50.790698578027346 ], [ -0.893990280999958, 50.791602878000049 ], [ -0.889718906999974, 50.800491167000075 ], [ -0.878135915999962, 50.807339188000071 ], [ -0.86891555099993, 50.807821454000077 ], [ -0.859539087999963, 50.803123151000079 ], [ -0.84412638799995, 50.800056740000059 ], [ -0.834804237999947, 50.804395292000038 ], [ -0.825127, 50.804809499000044 ], [ -0.824280766999948, 50.809753417000081 ], [ -0.81518123099994, 50.81427324100008 ], [ -0.815109647999975, 50.819618694000042 ], [ -0.809661499999947, 50.827193999000031 ], [ -0.813018859999943, 50.830583040000079 ], [ -0.817562, 50.82856749900003 ], [ -0.821681683999941, 50.815268075000063 ], [ -0.845744723999928, 50.805107339000074 ], [ -0.855772817999934, 50.807493235000038 ], [ -0.853154761999974, 50.811232016000076 ], [ -0.86586548799994, 50.812288491000061 ], [ -0.868802646999939, 50.815138190000027 ], [ -0.869012859999941, 50.817916141000069 ], [ -0.863656441999979, 50.822654564000061 ], [ -0.85224827899998, 50.828104136000036 ], [ -0.860725444954227, 50.829773188955826 ], [ -0.860728388627109, 50.829831188659341 ], [ -0.858970867999972, 50.838886454000033 ], [ -0.869689089999952, 50.839011855000081 ], [ -0.869871930999977, 50.83440365000007 ], [ -0.872749276999969, 50.832457307000027 ], [ -0.866405051999948, 50.827228606000062 ], [ -0.873459990999947, 50.818992176000052 ], [ -0.874528638999948, 50.813966788000073 ], [ -0.878110484999979, 50.812044049000065 ], [ -0.886433126999975, 50.814394897000057 ], [ -0.891665246999935, 50.818359868000073 ], [ -0.895413317999953, 50.830893256000081 ], [ -0.892523, 50.834739499000079 ], [ -0.896404784999959, 50.838484118000054 ], [ -0.912176225999929, 50.839653737000049 ], [ -0.915458429153422, 50.837832457817498 ], [ -0.915741920053222, 50.837827920822008 ], [ -0.91564407183559, 50.837648520004947 ], [ -0.908334941999954, 50.817086544000063 ], [ -0.911390256999937, 50.804300904000058 ], [ -0.920064205559997, 50.805820123479123 ], [ -0.920407514999605, 50.806004897768048 ], [ -0.930055376999974, 50.812805289000039 ], [ -0.935432234110165, 50.814091426915518 ], [ -0.940469239146234, 50.816802418564706 ], [ -0.939465779999978, 50.818485553000073 ], [ -0.941583291341311, 50.82624325677763 ], [ -0.941487922788106, 50.8264666331903 ], [ -0.932191595999939, 50.839660998000056 ], [ -0.93226398312838, 50.840056102113607 ], [ -0.932017445748158, 50.840312242216498 ], [ -0.932317844890538, 50.840350090896557 ], [ -0.932831, 50.843150999000045 ], [ -0.951189476999957, 50.842643242000065 ], [ -0.956160499999953, 50.839690999000027 ], [ -0.971461328381076, 50.841756092809618 ], [ -0.973125815303717, 50.842012166828226 ], [ -0.986276225050289, 50.837866483025948 ], [ -0.98908841399998, 50.837903782000069 ], [ -1.001787499999978, 50.843719499000031 ], [ -1.008655624636381, 50.843495080227186 ], [ -1.013833642108466, 50.844028949576852 ], [ -1.014293887818711, 50.843310847678808 ], [ -1.018193660999941, 50.843183421000049 ], [ -1.018389555999931, 50.836987684000064 ], [ -1.023967499999969, 50.832916499000078 ], [ -1.025537198999928, 50.826717474000077 ], [ -1.033775279999929, 50.829034198000045 ], [ -1.03708052199994, 50.834772071000032 ], [ -1.044056, 50.831844499000056 ], [ -1.043963764942088, 50.830980766057749 ], [ -1.044502854023051, 50.831111311637983 ], [ -1.043787297937124, 50.829328245108897 ], [ -1.042268499999977, 50.815105499000026 ], [ -1.041841999804725, 50.81276851258545 ], [ -1.042100071460652, 50.807029843253076 ], [ -1.039860924868636, 50.801913311899874 ], [ -1.039215, 50.798373999000034 ], [ -1.039030766999929, 50.794397942000046 ], [ -1.044058, 50.79020299900003 ], [ -1.035444014261483, 50.79182051061283 ], [ -1.033630417517222, 50.787676376130001 ], [ -1.038423120999937, 50.78549416900006 ], [ -1.081794, 50.778152499000043 ], [ -1.09094138901556, 50.77828658031568 ], [ -1.091557057253294, 50.778689410261826 ], [ -1.100879, 50.785053499000071 ], [ -1.106316335999963, 50.789452078000068 ], [ -1.108687013999941, 50.791369729000053 ], [ -1.105827, 50.797042999000041 ], [ -1.111212716999944, 50.799724970000057 ], [ -1.11083567299994, 50.806094991000066 ], [ -1.10472688699997, 50.806265072000031 ], [ -1.103350525999929, 50.81004899800007 ], [ -1.091335, 50.80904749900003 ], [ -1.09358870899996, 50.813877911000077 ], [ -1.099987591999934, 50.814895681000053 ], [ -1.097841098999936, 50.818985054000052 ], [ -1.094051390999937, 50.820103187000029 ], [ -1.09829831299993, 50.825927742000033 ], [ -1.09224682599995, 50.827267616000029 ], [ -1.08545, 50.824809999000081 ], [ -1.082693524999968, 50.831393648000073 ], [ -1.087529895999978, 50.830483277000042 ], [ -1.094861549999962, 50.831642453000029 ], [ -1.0976778693615, 50.833274154416458 ], [ -1.097675442667025, 50.83330237850231 ], [ -1.098254873492861, 50.833608455444704 ], [ -1.105180141999938, 50.837620774000072 ], [ -1.104598613320407, 50.84294762896274 ], [ -1.103405475781699, 50.845694661279822 ], [ -1.104290388517685, 50.845770995853805 ], [ -1.104256516999953, 50.846081262000041 ], [ -1.112646643863447, 50.846491825338944 ], [ -1.113207578866195, 50.84654021286093 ], [ -1.113174701204674, 50.846409838399971 ], [ -1.116579, 50.842498999000043 ], [ -1.113342030765403, 50.83754133476242 ], [ -1.121321634655369, 50.835875478400993 ], [ -1.128332300245148, 50.83689387073975 ], [ -1.134505152690167, 50.83872044129572 ], [ -1.143334920189576, 50.839089602820025 ], [ -1.152845649999961, 50.841935755000065 ], [ -1.153779, 50.844817999000043 ], [ -1.160125366999978, 50.844797784000036 ], [ -1.164932398999952, 50.841314604000047 ], [ -1.171733193999955, 50.840677448000065 ], [ -1.175774711999964, 50.847336578000068 ], [ -1.168623690999937, 50.849033091000081 ], [ -1.168511499999966, 50.851608499000065 ], [ -1.178248254999971, 50.848566356000049 ], [ -1.17652, 50.839458499000045 ], [ -1.164933750999978, 50.837084400000037 ], [ -1.158508499999925, 50.838477999000077 ], [ -1.151433045999966, 50.834592508000071 ], [ -1.149827499999958, 50.82671749900004 ], [ -1.144854305999957, 50.824556667000081 ], [ -1.140919499999939, 50.816303499000071 ], [ -1.139327481999942, 50.815335771000036 ], [ -1.125030238999955, 50.806644112000072 ], [ -1.13573, 50.804515999000046 ], [ -1.134431499999948, 50.80213549900003 ], [ -1.124693929999978, 50.803674489000059 ], [ -1.123947499999929, 50.79935449900006 ], [ -1.119839018383539, 50.796890271177766 ], [ -1.117749925505607, 50.794438665895143 ], [ -1.118409758999974, 50.792133463000027 ], [ -1.126930561999927, 50.791697838000061 ], [ -1.130260083999929, 50.789452078000068 ], [ -1.136391, 50.785316499000032 ], [ -1.124827928999935, 50.788991424000073 ], [ -1.117690456999981, 50.786950636000029 ], [ -1.136847173999968, 50.774982239000053 ], [ -1.138027288737425, 50.774671681363316 ], [ -1.143528493638463, 50.774456518744408 ], [ -1.149766, 50.778281999000058 ], [ -1.155409499999962, 50.781928999000058 ], [ -1.155722983634972, 50.782058033930632 ], [ -1.155964135935733, 50.782233238473623 ], [ -1.156356809636132, 50.782318926956364 ], [ -1.161349499999972, 50.784373999000081 ], [ -1.166248499999938, 50.785571999000069 ], [ -1.171045, 50.785594999000068 ], [ -1.172678638846891, 50.785880644431209 ], [ -1.188313888817754, 50.789292537934429 ], [ -1.190796, 50.790302499000063 ], [ -1.193405581999968, 50.79205666200005 ], [ -1.19551961843265, 50.793477662102582 ], [ -1.19698295738362, 50.794685471093423 ], [ -1.19963249999995, 50.797565499000029 ], [ -1.209346499999924, 50.806125499000075 ], [ -1.214068499999939, 50.809364499000026 ], [ -1.23661313599996, 50.817287681000039 ], [ -1.23796495152821, 50.817384223242009 ], [ -1.238803624986986, 50.817677259598156 ], [ -1.240240200551148, 50.817546714082752 ], [ -1.242113499999959, 50.817680499000062 ], [ -1.245109, 50.817111999000076 ], [ -1.250104, 50.819263499000044 ], [ -1.260061499999949, 50.824966499000027 ], [ -1.265177499999936, 50.827117999000052 ], [ -1.267074499999978, 50.827422999000078 ], [ -1.269188132999943, 50.82801427000004 ], [ -1.283642831730315, 50.832100238904182 ], [ -1.298536581201268, 50.83660594102097 ], [ -1.3049919152507, 50.840004463493017 ], [ -1.307482780026523, 50.844547722577829 ], [ -1.303832024999963, 50.84828950800005 ], [ -1.307487997999942, 50.85404879400005 ], [ -1.307795499999941, 50.86342249900008 ], [ -1.305566643999953, 50.873587126000075 ], [ -1.297158895999928, 50.87939134100003 ], [ -1.301115, 50.884681499000067 ], [ -1.303848157999937, 50.882648045000053 ], [ -1.301452623999978, 50.87931857500007 ], [ -1.31263088299994, 50.875690815000041 ], [ -1.313912, 50.873153499000068 ], [ -1.310111086999939, 50.86813574100006 ], [ -1.31337377899996, 50.860683785000049 ], [ -1.312254792999966, 50.849498354000048 ], [ -1.328108072999953, 50.855134842000041 ], [ -1.335689661479423, 50.859943625276834 ], [ -1.338973045369414, 50.862411260371459 ], [ -1.342567043378847, 50.864305750596039 ], [ -1.351711, 50.870105499000033 ], [ -1.358372499999973, 50.875713499000028 ], [ -1.363014505565325, 50.878692808892893 ], [ -1.364894548285443, 50.880269570348055 ], [ -1.36988341768523, 50.884453654512868 ], [ -1.37942614680783, 50.887916557145168 ], [ -1.382755233999944, 50.889747649000071 ], [ -1.38244949999995, 50.897968499000058 ], [ -1.383667558999946, 50.904142210000032 ], [ -1.371764, 50.911960499000031 ], [ -1.376715179999962, 50.915901326000039 ], [ -1.385992858999941, 50.916785039000047 ], [ -1.379692, 50.920863999000062 ], [ -1.389163499999938, 50.919158999000047 ], [ -1.389012443999945, 50.915255179000042 ], [ -1.378195935999941, 50.911172577000059 ], [ -1.388259499999947, 50.905074999000078 ], [ -1.388244820999944, 50.896429663000049 ], [ -1.394089244999975, 50.887099445000047 ], [ -1.401438936237284, 50.891475069039977 ], [ -1.402175545264811, 50.892796158815884 ], [ -1.413286447910821, 50.899219751790213 ], [ -1.415855639560686, 50.900058024650164 ], [ -1.416703, 50.900562499000046 ], [ -1.43055778819136, 50.904855024586219 ], [ -1.437918662915479, 50.907256722220211 ], [ -1.438131435427846, 50.907201511165027 ], [ -1.440933, 50.908069499000078 ], [ -1.442819, 50.908256499000061 ], [ -1.445669378485177, 50.905245535811474 ], [ -1.450173671316488, 50.904076744047437 ], [ -1.450945, 50.90413649900006 ], [ -1.464327499999968, 50.910243999000045 ], [ -1.477037499999938, 50.923957999000038 ], [ -1.476824, 50.92071899900003 ], [ -1.47415170599993, 50.915311982000048 ], [ -1.476241538999943, 50.910722406000048 ], [ -1.461232, 50.903747499000076 ], [ -1.452367164999941, 50.901412959000027 ], [ -1.439987086999963, 50.901155637000045 ], [ -1.42701741299993, 50.896509023000078 ], [ -1.42004849999995, 50.890903499000046 ], [ -1.41425795831072, 50.885890922872001 ], [ -1.399880281496031, 50.872586879502293 ], [ -1.400655, 50.871883499000035 ], [ -1.398754499999939, 50.871436999000082 ], [ -1.395646, 50.869109999000045 ], [ -1.387187, 50.86440649900004 ], [ -1.384184, 50.863006499000051 ], [ -1.381219942817892, 50.861410098891838 ], [ -1.370171308658598, 50.853267669667673 ], [ -1.359182272222589, 50.849540915012568 ], [ -1.353152699999953, 50.846293471000081 ], [ -1.340585466999926, 50.842617019000045 ], [ -1.336401818999946, 50.838249975000053 ], [ -1.339446063999958, 50.833486146000041 ], [ -1.337689747999946, 50.828642604000038 ], [ -1.322465607999959, 50.825574376000077 ], [ -1.321410171999958, 50.820653350000043 ], [ -1.318903257262922, 50.821187547073343 ], [ -1.31215565749363, 50.812645741899416 ], [ -1.320756222303552, 50.807053668613243 ], [ -1.325680971099473, 50.804597735597383 ], [ -1.327027298323248, 50.802976225159192 ], [ -1.327918624999938, 50.802396686000066 ], [ -1.337030708999976, 50.79205666200005 ], [ -1.340989754999953, 50.787563385000055 ], [ -1.35257, 50.78398899900003 ], [ -1.368422702589506, 50.784720567015768 ], [ -1.37310910240268, 50.785085320531437 ], [ -1.373319508081016, 50.784946544022318 ], [ -1.386593085999948, 50.785559091000039 ], [ -1.401075062999951, 50.783223956000029 ], [ -1.406810549999932, 50.786068205000049 ], [ -1.406763185999978, 50.79205666200005 ], [ -1.410565886999962, 50.801476834000027 ], [ -1.414783692999947, 50.80285757300004 ], [ -1.419663145999948, 50.801026355000033 ], [ -1.418521006999924, 50.806240614000046 ], [ -1.431565052999929, 50.810673949000034 ], [ -1.434563284999967, 50.808970513000077 ], [ -1.421274455999935, 50.805201329000056 ], [ -1.42198224599997, 50.80006830700006 ], [ -1.412507811999944, 50.799211971000034 ], [ -1.410461564999935, 50.79205666200005 ], [ -1.411222409999937, 50.784026027000039 ], [ -1.396041632999925, 50.774969335000037 ], [ -1.418027374999951, 50.766913073000069 ], [ -1.41990799984349, 50.766641834948587 ], [ -1.458327650800015, 50.761711954943053 ], [ -1.461340004721866, 50.76066619535694 ], [ -1.467477499999973, 50.759780999000043 ], [ -1.485453213999961, 50.755832266000027 ], [ -1.513663024999971, 50.753461467000079 ], [ -1.535950499999956, 50.759238999000047 ], [ -1.529077047999976, 50.754557887000033 ], [ -1.52952750399993, 50.750689743000066 ], [ -1.526264362999939, 50.748321780000026 ], [ -1.526477946849581, 50.747272391479527 ], [ -1.535878420252459, 50.74436640778373 ], [ -1.53504560038063, 50.742959006900222 ], [ -1.535373, 50.741164999000034 ], [ -1.533559586487329, 50.740447758865592 ], [ -1.531912555054737, 50.737664403698645 ], [ -1.53202768999995, 50.736734374000036 ], [ -1.543867474999956, 50.72793067300006 ], [ -1.551900355999976, 50.727399822000052 ], [ -1.554558, 50.723457499000062 ], [ -1.559276693999948, 50.721524621000071 ], [ -1.564216771999952, 50.72231507500004 ], [ -1.577619138999978, 50.716568898000048 ], [ -1.583227112531877, 50.717911147264196 ], [ -1.586035609055557, 50.719386934859301 ], [ -1.62684175507221, 50.728328370286086 ], [ -1.630412, 50.729179499000054 ], [ -1.632099900338797, 50.729480534137743 ], [ -1.645892738858322, 50.732502818450598 ], [ -1.654140495188179, 50.733411449579037 ], [ -1.658175, 50.734130999000058 ], [ -1.675364, 50.735870499000043 ], [ -1.677226623052466, 50.735954780586134 ], [ -1.689907312571961, 50.737351774964566 ], [ -1.691852901292538, 50.737195255277662 ], [ -1.720334768734062, 50.734903931871372 ], [ -1.721620271784895, 50.734421702482152 ], [ -1.721992, 50.734393999000076 ], [ -1.722665130606479, 50.734029745706138 ], [ -1.731551527880129, 50.730696200969021 ], [ -1.733628527907538, 50.72809708785163 ], [ -1.740736, 50.724250999000049 ], [ -1.74072549999994, 50.721538499000076 ], [ -1.748493721751781, 50.712627512390867 ], [ -1.749817609394768, 50.712187528232164 ], [ -1.765777230234733, 50.715827107035466 ], [ -1.769935635825004, 50.716358524606029 ], [ -1.770187011999951, 50.716412177000052 ], [ -1.771009033680204, 50.716495697969251 ], [ -1.799510121194771, 50.720137954203437 ], [ -1.807299322743217, 50.720182948789905 ], [ -1.809189499999945, 50.720374999000057 ], [ -1.816265499999929, 50.720672499000045 ], [ -1.824882813462662, 50.720284520419376 ], [ -1.835253000525086, 50.720344424156053 ], [ -1.865628599979459, 50.717547178259963 ], [ -1.885102748892336, 50.713858366070724 ], [ -1.886555673532553, 50.713360650348434 ], [ -1.889638499999933, 50.712764499000059 ], [ -1.9006, 50.709102499000039 ], [ -1.906996206419893, 50.706358515269706 ], [ -1.914862156263155, 50.703663945434926 ], [ -1.931203007812201, 50.695597529402733 ], [ -1.953136801621667, 50.711265802275079 ], [ -1.957913676756852, 50.710982073800302 ], [ -1.959214350999957, 50.711791442000049 ], [ -1.957831942999974, 50.714900800000066 ], [ -1.963094, 50.715723499000035 ], [ -1.96655, 50.715247999000042 ], [ -1.969086499999946, 50.712146999000026 ], [ -1.972566, 50.710437999000078 ], [ -1.976491499999952, 50.711719499000026 ], [ -1.987240499999928, 50.711551999000051 ], [ -1.987248880830774, 50.711497472560204 ], [ -2.011919290221942, 50.710499330624103 ], [ -2.014919499999962, 50.710742999000047 ], [ -2.018779216364083, 50.711843537395175 ], [ -2.026082439983894, 50.714282883343941 ], [ -2.027435, 50.715076499000077 ], [ -2.030084378694614, 50.715619568825502 ], [ -2.039741180205148, 50.718845032109805 ], [ -2.0406, 50.719962999000074 ], [ -2.041909838200826, 50.719389157177432 ], [ -2.054350160524757, 50.717459993689573 ], [ -2.055922519999967, 50.717614495000078 ], [ -2.06089058557009, 50.716445747525846 ], [ -2.06242537543045, 50.716207742393578 ], [ -2.062563393842403, 50.716052215996207 ], [ -2.063475470999947, 50.715837648000047 ], [ -2.069531413999925, 50.709648051000045 ], [ -2.068724336759284, 50.709109741853041 ], [ -2.072206259011239, 50.705186128937157 ], [ -2.072620483258323, 50.698125245706009 ], [ -2.081078, 50.693916499000068 ], [ -2.078522249999935, 50.691221646000031 ], [ -2.080504, 50.687984499000038 ], [ -2.074517206187893, 50.687996547761244 ], [ -2.070889115539842, 50.687014221729044 ], [ -2.0679545208972, 50.688009755536633 ], [ -2.065375977999963, 50.688014945000077 ], [ -2.063930935052122, 50.689374719432607 ], [ -2.059218406503987, 50.690973400702148 ], [ -2.057286379930722, 50.695627195307516 ], [ -2.053514437999979, 50.699176564000027 ], [ -2.042328846999965, 50.704848697000045 ], [ -2.027284963999932, 50.706452914000067 ], [ -2.022882825999943, 50.703281788000027 ], [ -2.028388341999971, 50.701133735000042 ], [ -2.025995747999957, 50.688878974000033 ], [ -2.035495853999976, 50.681792231000031 ], [ -2.028394903999924, 50.680813697000076 ], [ -2.030606499999976, 50.674037999000063 ], [ -2.026114337999957, 50.674817800000028 ], [ -2.021143610367834, 50.680889627474471 ], [ -2.012755351934352, 50.681967523962278 ], [ -2.008306041999958, 50.679334744000073 ], [ -2.007672595999964, 50.67572903100006 ], [ -1.998899494999932, 50.67476769600006 ], [ -2.00046705099993, 50.671428601000059 ], [ -1.997587365999948, 50.66850650300006 ], [ -1.994309639999926, 50.668316397000069 ], [ -1.985413542372913, 50.673287130061077 ], [ -1.98291186902094, 50.669453474847963 ], [ -1.982686502999968, 50.667045649000045 ], [ -1.972913732999928, 50.663531920000025 ], [ -1.966537254999935, 50.670054178000044 ], [ -1.962987769438733, 50.671635054957335 ], [ -1.958001256152784, 50.672641634504146 ], [ -1.955012439836306, 50.675187123159304 ], [ -1.950180313999965, 50.677339265000057 ], [ -1.943733598999927, 50.672447284000043 ], [ -1.948928298762261, 50.662252391754187 ], [ -1.951518655061477, 50.658583640922473 ], [ -1.953186869577848, 50.650802015900581 ], [ -1.941509842804578, 50.641177535215263 ], [ -1.937290352653228, 50.641392885350669 ], [ -1.925922929999956, 50.64035270200003 ], [ -1.933363563999933, 50.631763644000046 ], [ -1.943742, 50.629037999000047 ], [ -1.947276, 50.62744899900008 ], [ -1.950180313999965, 50.625319622000063 ], [ -1.951459127999954, 50.624237895000078 ], [ -1.956209227592253, 50.617103851587665 ], [ -1.957647561785166, 50.615732312396574 ], [ -1.95700738909114, 50.614925869044988 ], [ -1.957235969999942, 50.614147805000073 ], [ -1.956817525999952, 50.611374614000056 ], [ -1.954754354999977, 50.608306705000075 ], [ -1.953001, 50.607567499000027 ], [ -1.950961237800031, 50.607309364066069 ], [ -1.949072480210248, 50.60493004358699 ], [ -1.949212931791867, 50.604013556411189 ], [ -1.950180313999965, 50.603083050000066 ], [ -1.952038161999951, 50.601295919000052 ], [ -1.952441060999945, 50.594446153000035 ], [ -1.960797187999958, 50.59123936900005 ], [ -1.981929852698288, 50.590956337253836 ], [ -1.994145144193889, 50.591068537599298 ], [ -2.004361290999952, 50.591398968000078 ], [ -2.023701752999955, 50.588983080000048 ], [ -2.024799651346966, 50.58840949922277 ], [ -2.026152253123428, 50.588221908015157 ], [ -2.030256633875786, 50.585558579291096 ], [ -2.040594847999955, 50.580157532000044 ], [ -2.05458107499993, 50.577362906000076 ], [ -2.061041386999932, 50.581177290000028 ], [ -2.063567, 50.593166499000063 ], [ -2.072415300999978, 50.592193044000055 ], [ -2.078065834999961, 50.59505 ], [ -2.092982221250379, 50.596326703388208 ], [ -2.097448349261413, 50.597347736209258 ], [ -2.100979375959129, 50.597011185161563 ], [ -2.103033499999981, 50.59718699900003 ], [ -2.107414719999952, 50.596883819000027 ], [ -2.127566154999954, 50.604829384000027 ], [ -2.130651773252548, 50.608387299287493 ], [ -2.131110072371598, 50.610830068353323 ], [ -2.132775772814532, 50.610836406692727 ], [ -2.133699517999958, 50.611901544000034 ], [ -2.138483539366251, 50.6108581259411 ], [ -2.149414305984821, 50.610899719799733 ], [ -2.158139089999963, 50.615077144000054 ], [ -2.171465228999978, 50.614034623000066 ], [ -2.18543389499996, 50.61550647100006 ], [ -2.186346248999939, 50.618871957000067 ], [ -2.193258499999956, 50.621612499000037 ], [ -2.195197230608762, 50.621632193195111 ], [ -2.19553673303335, 50.621900439454009 ], [ -2.197794254723343, 50.621658574529008 ], [ -2.207649400999969, 50.621758686000078 ], [ -2.219449530999952, 50.619911029000036 ], [ -2.220658837971925, 50.619208923330909 ], [ -2.221922755530272, 50.619073510534292 ], [ -2.222395026633662, 50.618200917977148 ], [ -2.224123344999953, 50.617197482000051 ], [ -2.238076525999929, 50.61604619700006 ], [ -2.244198014999938, 50.616659575000028 ], [ -2.246403437999959, 50.618901208000068 ], [ -2.253305387909177, 50.617744471178703 ], [ -2.266152977677393, 50.620592117432636 ], [ -2.267182341387187, 50.620640024754493 ], [ -2.272804715999939, 50.62191994300008 ], [ -2.309289605999936, 50.625452787000029 ], [ -2.324221499999965, 50.625118499000052 ], [ -2.33982605999995, 50.631615173000057 ], [ -2.34301560479402, 50.631573617040068 ], [ -2.344014048309361, 50.631945848722182 ], [ -2.351347568032557, 50.631465061508379 ], [ -2.35704267999995, 50.631390861000057 ], [ -2.365117317999932, 50.631285658000081 ], [ -2.379731170999946, 50.635242654000081 ], [ -2.388134189918246, 50.635845012552828 ], [ -2.395265460232395, 50.636479974172005 ], [ -2.398170309732592, 50.635812616860107 ], [ -2.41018136502116, 50.634259221079759 ], [ -2.421065211090081, 50.635823249643579 ], [ -2.423258682388939, 50.635071750303283 ], [ -2.425225766999972, 50.635223696000025 ], [ -2.429286261560679, 50.63300665751018 ], [ -2.431592702840703, 50.632216453826516 ], [ -2.434061497970847, 50.630399368481427 ], [ -2.44096049999996, 50.626632499000038 ], [ -2.443864, 50.624194999000053 ], [ -2.445601234009045, 50.62190587909253 ], [ -2.44772517697487, 50.620342612222032 ], [ -2.452557921410516, 50.613097429203151 ], [ -2.448593743913083, 50.603272480400136 ], [ -2.450902496999959, 50.600516245000051 ], [ -2.454995586620924, 50.598204795271293 ], [ -2.458269238733919, 50.597175002524693 ], [ -2.459842389088199, 50.595467708794878 ], [ -2.464005, 50.593116999000074 ], [ -2.465953, 50.591804499000034 ], [ -2.467284, 50.588428499000031 ], [ -2.470142499999952, 50.584354499000028 ], [ -2.467458517397196, 50.58064477495234 ], [ -2.462003350673513, 50.571661829629988 ], [ -2.449264526736272, 50.567474007919429 ], [ -2.432293131303162, 50.567968417353853 ], [ -2.430436911999948, 50.567703684000037 ], [ -2.423579, 50.562206499000069 ], [ -2.416360284999939, 50.550172404000079 ], [ -2.418479995999974, 50.542863629000067 ], [ -2.42941849999994, 50.535945999000035 ], [ -2.4321223168265, 50.532933013913848 ], [ -2.436347245828188, 50.530311941742923 ], [ -2.444285441279675, 50.520057828981379 ], [ -2.446007032212569, 50.51927767997114 ], [ -2.459107416639994, 50.515827860671763 ], [ -2.459885418999932, 50.517410797000082 ], [ -2.455956798999978, 50.525955261000036 ], [ -2.455948795032151, 50.528966020313291 ], [ -2.453078746686401, 50.546510457591751 ], [ -2.448866248478112, 50.557137608614028 ], [ -2.449062797382102, 50.557485009891955 ], [ -2.448531859999946, 50.558560262000071 ], [ -2.451240423999934, 50.561884965000047 ], [ -2.476191816999972, 50.579138710000052 ], [ -2.487899865144304, 50.586469658584107 ], [ -2.492944240583938, 50.589911460745441 ], [ -2.498256176931307, 50.592954222731358 ], [ -2.503992499999924, 50.596545999000057 ], [ -2.510505449327301, 50.599970801614155 ], [ -2.527988672239189, 50.60998547095295 ], [ -2.573518276247057, 50.634237528139408 ], [ -2.603526472967985, 50.649354100211724 ], [ -2.667186618067603, 50.675971746698849 ], [ -2.73903906360141, 50.702255129570744 ], [ -2.760032612379105, 50.708337386239648 ], [ -2.76062, 50.708540499000037 ], [ -2.767565, 50.710883999000032 ], [ -2.776805499999966, 50.714075999000045 ], [ -2.793106, 50.718028999000069 ], [ -2.794190744789551, 50.717962398827986 ], [ -2.804052616258639, 50.718607088917736 ], [ -2.805440499999975, 50.718883499000071 ], [ -2.806146598741254, 50.718743976704083 ], [ -2.807013750283943, 50.718800664119613 ], [ -2.821632125821392, 50.721287679480838 ], [ -2.826929, 50.722495999000046 ], [ -2.834141050617505, 50.723415815267245 ], [ -2.834422945861945, 50.723463773934157 ], [ -2.83447144318872, 50.723457953138663 ], [ -2.83653, 50.723720499000081 ], [ -2.840517499999976, 50.72288499900003 ], [ -2.846195339862986, 50.723542551205533 ], [ -2.860559940688347, 50.727332353405302 ], [ -2.864257331384652, 50.727881691568051 ], [ -2.880417499999965, 50.730489499000043 ], [ -2.894451499999946, 50.732753999000067 ], [ -2.909701377999966, 50.733635801000048 ], [ -2.92156786399994, 50.731450089000077 ], [ -2.923838917516027, 50.730007709417144 ], [ -2.926364779110997, 50.729360341706695 ], [ -2.929225275292714, 50.726586754151917 ], [ -2.939985560999958, 50.719752738000068 ], [ -2.947815, 50.718307499000048 ], [ -2.949483704188048, 50.71732125374389 ], [ -2.949494600195123, 50.717319607514071 ], [ -2.955422948718716, 50.714197563626485 ], [ -2.964910281652902, 50.712576301940551 ], [ -2.96672964135945, 50.712637901518235 ], [ -2.977920710751955, 50.707299247561551 ], [ -2.98164971999995, 50.705668072000037 ], [ -2.99568235199996, 50.704695022000067 ], [ -3.011171372999968, 50.699910335000027 ], [ -3.025380159359098, 50.698746682017429 ], [ -3.03689281984245, 50.699909175709735 ], [ -3.060914, 50.703040999000052 ], [ -3.071211, 50.70310949900005 ], [ -3.079869499999973, 50.702274499000055 ], [ -3.084511, 50.700576999000077 ], [ -3.084579290722396, 50.699902115003056 ], [ -3.08974642705189, 50.696186749118269 ], [ -3.091936165999925, 50.695067810000069 ], [ -3.097622845999979, 50.68538892600003 ], [ -3.124274986999978, 50.686816432000057 ], [ -3.184707499999945, 50.68490599900008 ], [ -3.19052173746536, 50.684145343711293 ], [ -3.191016316649211, 50.684143543489938 ], [ -3.191330763651441, 50.684039501792917 ], [ -3.233956, 50.678462999000033 ], [ -3.261736, 50.671771999000043 ], [ -3.26323558281701, 50.670676617646137 ], [ -3.264137148909754, 50.670463443233587 ], [ -3.264539677920041, 50.669724031737985 ], [ -3.279151075999948, 50.659051028000079 ], [ -3.282257104410986, 50.654481337730999 ], [ -3.283879637534881, 50.653355121941502 ], [ -3.283853141554048, 50.652133195848002 ], [ -3.29470582099998, 50.636166380000077 ], [ -3.305053520653536, 50.630252641721832 ], [ -3.31693947317774, 50.629156708415564 ], [ -3.318570892389107, 50.628688872254422 ], [ -3.321598637999955, 50.628463404000058 ], [ -3.345993849999957, 50.620881820000079 ], [ -3.348956499999929, 50.619960999000057 ], [ -3.357546206999928, 50.61562295400006 ], [ -3.357786883768116, 50.614638699989968 ], [ -3.366683906390801, 50.609615282239922 ], [ -3.367013701999952, 50.609712759000047 ], [ -3.384628827999961, 50.607171897000057 ], [ -3.406697693263344, 50.611164438152251 ], [ -3.417512654984591, 50.620577811916917 ], [ -3.4175724391681, 50.622084283494281 ], [ -3.416755748999947, 50.622553843000048 ], [ -3.415878499999963, 50.629569999000068 ], [ -3.417630499999973, 50.632011499000043 ], [ -3.419431475384654, 50.633297847099314 ], [ -3.421937326381198, 50.635539050581613 ], [ -3.423116499999935, 50.638847499000065 ], [ -3.432353572999943, 50.646161800000073 ], [ -3.436186106999969, 50.655992247000029 ], [ -3.451998499999945, 50.678967499000066 ], [ -3.456572419324346, 50.677501714974376 ], [ -3.462358815802316, 50.678950953310313 ], [ -3.473322008999958, 50.686739942000031 ], [ -3.47761722499996, 50.687732401000062 ], [ -3.476251880999939, 50.684893940000052 ], [ -3.46985049999995, 50.682238999000049 ], [ -3.466559907063271, 50.665292228195057 ], [ -3.466327071436694, 50.660854458766607 ], [ -3.460327692806111, 50.658052884145555 ], [ -3.456900211771468, 50.655751585987126 ], [ -3.455798718730105, 50.654253526836719 ], [ -3.451817810999955, 50.647464600000035 ], [ -3.452429, 50.642249999000057 ], [ -3.449843, 50.636455499000078 ], [ -3.449761831603595, 50.63594717651759 ], [ -3.449136257132182, 50.631322622141624 ], [ -3.448725034588727, 50.630586355582423 ], [ -3.446059499999933, 50.624969499000031 ], [ -3.447083, 50.619796999000073 ], [ -3.446909, 50.617122499000061 ], [ -3.443946194694145, 50.605895711806284 ], [ -3.443852662769814, 50.604818462901846 ], [ -3.443678616738538, 50.604881794098155 ], [ -3.443234533999942, 50.60319905700004 ], [ -3.432865969999966, 50.607228383000063 ], [ -3.429638964999981, 50.605887123000059 ], [ -3.439971655165537, 50.596524237394974 ], [ -3.454267450027852, 50.586492670677082 ], [ -3.462814460999937, 50.581437274000052 ], [ -3.464138375244469, 50.57956609920403 ], [ -3.466025232877655, 50.578242063820426 ], [ -3.466362061708599, 50.576423217342068 ], [ -3.466534499999966, 50.576179499000034 ], [ -3.469340967999926, 50.563690937000047 ], [ -3.477483356835792, 50.558313644030306 ], [ -3.480491161637246, 50.557037711021962 ], [ -3.485441379650026, 50.552310167207402 ], [ -3.494152396674008, 50.544469023061254 ], [ -3.499552125153829, 50.544578284420481 ], [ -3.500628415999927, 50.545432724000079 ], [ -3.506855, 50.546207499000047 ], [ -3.509973499999944, 50.546542999000053 ], [ -3.515771499999971, 50.545425499000032 ], [ -3.519158499999946, 50.545989999000028 ], [ -3.525514906799811, 50.546641705592954 ], [ -3.52567601233784, 50.546678066040101 ], [ -3.525713161429247, 50.546662032147424 ], [ -3.529341980999959, 50.547034086000053 ], [ -3.539134957999977, 50.54517407000003 ], [ -3.559132838999972, 50.545333847000052 ], [ -3.566615, 50.542930499000079 ], [ -3.576721023999937, 50.541901618000054 ], [ -3.583628499999975, 50.53854349900007 ], [ -3.551770169999941, 50.540715309000063 ], [ -3.540507499999933, 50.538223499000026 ], [ -3.538006604999964, 50.540194362000079 ], [ -3.517697840723335, 50.541379221105764 ], [ -3.507910645851887, 50.541772574668919 ], [ -3.500635942629132, 50.53891832050882 ], [ -3.497402509210922, 50.537352965245852 ], [ -3.499680382606733, 50.533270701364771 ], [ -3.500233054011801, 50.532784342623586 ], [ -3.501375453792129, 50.53023289957617 ], [ -3.509030499999938, 50.51651399900004 ], [ -3.510236337762573, 50.510442944089789 ], [ -3.512354373754931, 50.505712508825411 ], [ -3.512389825544489, 50.499600737138167 ], [ -3.513507319999974, 50.493974466000054 ], [ -3.514035061704563, 50.482957318551449 ], [ -3.514492630630002, 50.48182475530848 ], [ -3.514096032249287, 50.481684496116905 ], [ -3.514096835999965, 50.48166771700005 ], [ -3.501266, 50.477077499000075 ], [ -3.498594916999934, 50.475901514000043 ], [ -3.500351293999927, 50.47224563900005 ], [ -3.49175568002823, 50.469245956997156 ], [ -3.491010949660219, 50.468333135037099 ], [ -3.489252602999954, 50.464499782000075 ], [ -3.487411682512194, 50.463921484547249 ], [ -3.487342000032811, 50.463836074175731 ], [ -3.489335892080772, 50.459388086018471 ], [ -3.491588996999951, 50.458724682000081 ], [ -3.504073535999964, 50.459289685000044 ], [ -3.504103240697742, 50.459276528894065 ], [ -3.504337072397448, 50.459300756225161 ], [ -3.51807612506545, 50.454767259588152 ], [ -3.518828861999964, 50.454774422000071 ], [ -3.523195, 50.457481499000039 ], [ -3.525960202306949, 50.457656404250791 ], [ -3.533190851091952, 50.461826213991685 ], [ -3.533880569999951, 50.462425970000027 ], [ -3.534109644400222, 50.462356068697758 ], [ -3.534718870878805, 50.462707400726231 ], [ -3.536037607118665, 50.461767757194657 ], [ -3.540184, 50.460502499000029 ], [ -3.542383817324921, 50.457245870868903 ], [ -3.552114248573275, 50.450312614236111 ], [ -3.552518958811104, 50.449623534088055 ], [ -3.553168, 50.449302499000055 ], [ -3.55352336255807, 50.447913385399005 ], [ -3.554157168842853, 50.446834234718509 ], [ -3.555456499999934, 50.445644499000082 ], [ -3.557149, 50.442538999000078 ], [ -3.557544911980638, 50.441066091675005 ], [ -3.560042977501041, 50.436812758801864 ], [ -3.558447416551255, 50.434817117645302 ], [ -3.558577948999925, 50.43371116600008 ], [ -3.555881170792862, 50.43160739654126 ], [ -3.554431547974342, 50.42979428688944 ], [ -3.559090499999968, 50.427661999000065 ], [ -3.558864084888576, 50.426493713391388 ], [ -3.559693932628477, 50.426260828874319 ], [ -3.558092720681755, 50.422513529841183 ], [ -3.556877, 50.416240499000025 ], [ -3.554416944999957, 50.413370247000046 ], [ -3.555014799999981, 50.407765189000031 ], [ -3.544820110999979, 50.402828351000039 ], [ -3.544745441758947, 50.402837887408481 ], [ -3.544541000966206, 50.402637719754978 ], [ -3.538510313218052, 50.403634209048022 ], [ -3.530060240999944, 50.404713413000081 ], [ -3.522691, 50.402450499000054 ], [ -3.510465711999927, 50.397815736000041 ], [ -3.497736545119169, 50.401517607118691 ], [ -3.492603042165498, 50.401082025699921 ], [ -3.484206744954126, 50.39993616213777 ], [ -3.484769501567298, 50.39910521108186 ], [ -3.493173095999964, 50.39197039700008 ], [ -3.501349, 50.389675999000076 ], [ -3.501802812539446, 50.388174834349805 ], [ -3.502851724227298, 50.387731552169555 ], [ -3.502152629914195, 50.387017674881136 ], [ -3.502630812999939, 50.385435895000057 ], [ -3.49725643499994, 50.381843416000038 ], [ -3.507436, 50.378989999000055 ], [ -3.509334826029754, 50.377275759277119 ], [ -3.514452814944946, 50.373238563708867 ], [ -3.519928216713311, 50.359909772817957 ], [ -3.519483396465897, 50.359412396693287 ], [ -3.519734331999928, 50.357207519000042 ], [ -3.514982440999972, 50.353118798000025 ], [ -3.515995486455721, 50.351370437152433 ], [ -3.518642412021409, 50.347265892730114 ], [ -3.521904531999951, 50.345016939000061 ], [ -3.530809382999962, 50.343631569000081 ], [ -3.532352586782373, 50.341472466277239 ], [ -3.532607912924448, 50.341400742150711 ], [ -3.533746257239828, 50.339522576240846 ], [ -3.535423682999976, 50.337175683000055 ], [ -3.538338588093844, 50.336705791210449 ], [ -3.554028538548168, 50.340320776386456 ], [ -3.555685431999962, 50.341878611000027 ], [ -3.561778320999963, 50.342741201000081 ], [ -3.565476980999961, 50.345948816000032 ], [ -3.572837789999937, 50.347788926000078 ], [ -3.570410243999959, 50.35455059800006 ], [ -3.571252131164972, 50.355854173135299 ], [ -3.570988058651494, 50.356726765427823 ], [ -3.574079918972776, 50.360232709864647 ], [ -3.575802648999968, 50.362900179000064 ], [ -3.578069626999934, 50.375200131000042 ], [ -3.581207010999947, 50.378130124000052 ], [ -3.590632394999943, 50.382080057000053 ], [ -3.575507001999938, 50.392655256000069 ], [ -3.591336912999964, 50.39493869000006 ], [ -3.603142968999975, 50.394755276000069 ], [ -3.60671670927815, 50.392960954156855 ], [ -3.608262658523693, 50.392828836132892 ], [ -3.611017487999959, 50.393020888000081 ], [ -3.617343757999947, 50.397532544000057 ], [ -3.632178059999944, 50.400396231000059 ], [ -3.630947760999959, 50.404233214000044 ], [ -3.634813563999955, 50.407052357000055 ], [ -3.644951014999947, 50.406236806000038 ], [ -3.642486060999943, 50.409787685000026 ], [ -3.644577499999968, 50.412259499000072 ], [ -3.650977757999954, 50.412586771000065 ], [ -3.655204499999968, 50.410709499000063 ], [ -3.64643640099996, 50.409822925000071 ], [ -3.648300053999947, 50.40672642100003 ], [ -3.645978868999975, 50.404557929000077 ], [ -3.635695376999934, 50.404381976000082 ], [ -3.641723879999972, 50.397605687000066 ], [ -3.632076347999941, 50.396843496000031 ], [ -3.624678039999935, 50.392098851000071 ], [ -3.610899263999954, 50.388778695000042 ], [ -3.60820150099994, 50.385995419000039 ], [ -3.604655918209564, 50.387956514764923 ], [ -3.583201215588842, 50.374920771956326 ], [ -3.580703939999978, 50.370811979000052 ], [ -3.582333434999953, 50.361850873000037 ], [ -3.597478, 50.358424999000079 ], [ -3.594456362999949, 50.358345684000028 ], [ -3.589083779999953, 50.360207077000041 ], [ -3.580834729971735, 50.359924634049328 ], [ -3.57655888786938, 50.356775025952736 ], [ -3.576387138999962, 50.356562212000028 ], [ -3.577351478999958, 50.348351358000059 ], [ -3.576938791801867, 50.347277745530569 ], [ -3.576958655916769, 50.347210407534476 ], [ -3.576904225874122, 50.347187821706378 ], [ -3.576338217999933, 50.345715343000052 ], [ -3.572176360999947, 50.343068515000027 ], [ -3.56876435199996, 50.343572294000069 ], [ -3.565412476034218, 50.341807039479939 ], [ -3.565708616598486, 50.340829049422098 ], [ -3.566190606999953, 50.339675498000076 ], [ -3.56613192765535, 50.33943108489126 ], [ -3.567873966545646, 50.333678084726273 ], [ -3.567971461999946, 50.333635468000068 ], [ -3.569121002999964, 50.33148787600004 ], [ -3.571474100999978, 50.33018577100006 ], [ -3.570606926999972, 50.327235643000051 ], [ -3.572081238946742, 50.326156846370516 ], [ -3.578086971792775, 50.325630980888938 ], [ -3.579057, 50.32578649900006 ], [ -3.587948088999951, 50.325392173000068 ], [ -3.59777010199997, 50.319891203000054 ], [ -3.606043323987744, 50.319255020330687 ], [ -3.607518076797476, 50.319317222012444 ], [ -3.607770209392315, 50.319122228708757 ], [ -3.61010749999997, 50.318942499000059 ], [ -3.633709388999932, 50.300368676000062 ], [ -3.642873296708129, 50.287252826495937 ], [ -3.644562959512598, 50.284896254358898 ], [ -3.644601908590408, 50.284778749495061 ], [ -3.645873, 50.282959499000071 ], [ -3.64911422048067, 50.271165626308175 ], [ -3.652131557624784, 50.2620626690574 ], [ -3.654788613603273, 50.259368300207086 ], [ -3.657158481473184, 50.241894865305667 ], [ -3.658260107999979, 50.23788636200004 ], [ -3.65783293723642, 50.236921989381905 ], [ -3.658349871349174, 50.233110547114507 ], [ -3.65450870956754, 50.229417276012455 ], [ -3.654399062999971, 50.229169740000032 ], [ -3.653918395372686, 50.228849689828657 ], [ -3.650107741278816, 50.22518575182113 ], [ -3.652905340529789, 50.219650641071055 ], [ -3.656547881999927, 50.218644362000077 ], [ -3.665509762518524, 50.219289732483844 ], [ -3.682486653435944, 50.221261143687173 ], [ -3.685557770033144, 50.218818185964679 ], [ -3.700511624999933, 50.212295105000067 ], [ -3.701667725336657, 50.211339583811906 ], [ -3.702594638231403, 50.210994243989489 ], [ -3.704655653563352, 50.208870050122982 ], [ -3.707286033999935, 50.206696031000035 ], [ -3.720336179999947, 50.20306163500004 ], [ -3.730294437682554, 50.207684047592956 ], [ -3.737121939925203, 50.213181734249872 ], [ -3.738922348774123, 50.213900485347892 ], [ -3.739993871999957, 50.214759269000069 ], [ -3.749828802999957, 50.218362219000028 ], [ -3.763158438999938, 50.220174625000027 ], [ -3.771573147999959, 50.224298865000037 ], [ -3.760582896999949, 50.235849121000058 ], [ -3.736735378999981, 50.23890437600005 ], [ -3.737853162999954, 50.242277874000081 ], [ -3.751217547999943, 50.240321798000082 ], [ -3.755516425999929, 50.241947678000031 ], [ -3.754493138999976, 50.251047379000056 ], [ -3.738989338999943, 50.258150945000068 ], [ -3.742691, 50.261840499000073 ], [ -3.751984869210843, 50.257984805591597 ], [ -3.759177580660275, 50.260985127590949 ], [ -3.760665850999942, 50.262220084000035 ], [ -3.762652, 50.274329999000031 ], [ -3.766222609999943, 50.272288158000038 ], [ -3.771764765999933, 50.274752785000032 ], [ -3.773284499999932, 50.275684999000077 ], [ -3.768065652999951, 50.263365572000055 ], [ -3.770176959999958, 50.260941393000053 ], [ -3.776499748999925, 50.259722628000077 ], [ -3.771679736643403, 50.257309919613206 ], [ -3.773205280099262, 50.254942655479567 ], [ -3.764602735460066, 50.25376745149363 ], [ -3.763827382897782, 50.253379340532199 ], [ -3.762226477155182, 50.251511187274851 ], [ -3.75940191199993, 50.24716410800005 ], [ -3.759865616999946, 50.242298640000058 ], [ -3.761069635999945, 50.240965523000057 ], [ -3.767418021999958, 50.242175803000066 ], [ -3.767312975999971, 50.236305856000058 ], [ -3.780773558999954, 50.226997678000032 ], [ -3.78164418199998, 50.216561113000068 ], [ -3.789111838999929, 50.211166358000071 ], [ -3.796332000581542, 50.212537457990521 ], [ -3.801309942999126, 50.214383721332013 ], [ -3.814305620550822, 50.215950626780412 ], [ -3.820527261999928, 50.217132109000033 ], [ -3.837233233999939, 50.227478468000072 ], [ -3.839772037687134, 50.228315747155257 ], [ -3.840419530636439, 50.228755950626862 ], [ -3.843545967244465, 50.229560361919056 ], [ -3.858463882999956, 50.234480183000073 ], [ -3.860641793695586, 50.235850303466975 ], [ -3.859900831857487, 50.242782711652978 ], [ -3.860121677135872, 50.245003557303498 ], [ -3.859737185999961, 50.245335874000034 ], [ -3.858766883999976, 50.258620267000026 ], [ -3.861703194532059, 50.260907479072756 ], [ -3.862090945440457, 50.264806747034015 ], [ -3.870332638250158, 50.267629304859682 ], [ -3.878216605999967, 50.27377044900004 ], [ -3.876887, 50.281463999000039 ], [ -3.880099789999974, 50.284280986000056 ], [ -3.881413015379167, 50.284103352293592 ], [ -3.881363630027181, 50.284260511013997 ], [ -3.885281070138706, 50.283580139054941 ], [ -3.895094916999938, 50.28225266700008 ], [ -3.898189119999927, 50.287451916000066 ], [ -3.915762054999959, 50.294704312000079 ], [ -3.918839834999972, 50.295974406000028 ], [ -3.925737951999963, 50.296660232000079 ], [ -3.93082784585189, 50.295379945357645 ], [ -3.937387040406749, 50.295526698625594 ], [ -3.943814776999943, 50.296255027000029 ], [ -3.946995156845521, 50.303550367182844 ], [ -3.947393956916166, 50.30476211072147 ], [ -3.939820499999939, 50.316337499000042 ], [ -3.962069778999933, 50.304894802000035 ], [ -3.969125144534786, 50.305368321014427 ], [ -3.970507144488749, 50.305699348546057 ], [ -3.978711438997757, 50.306011696557441 ], [ -3.990238485999953, 50.30678531600006 ], [ -3.991383001561472, 50.306494119191541 ], [ -3.99281704467046, 50.306548715051406 ], [ -3.994076113609238, 50.305808916071832 ], [ -4.012459078509809, 50.301131775026136 ], [ -4.015399933159927, 50.300981044639741 ], [ -4.01622019355684, 50.299126404024818 ], [ -4.023329763999925, 50.294926794000048 ], [ -4.032678800999975, 50.293470402000025 ], [ -4.036761843983153, 50.292834331365604 ], [ -4.038488985886312, 50.292952215945384 ], [ -4.047569280999937, 50.294297820000054 ], [ -4.057224345848737, 50.297785640575036 ], [ -4.060629844391485, 50.299892663516005 ], [ -4.06703797660159, 50.301330741906938 ], [ -4.070442389999926, 50.302560561000064 ], [ -4.073187689999941, 50.305851862000054 ], [ -4.069172438999942, 50.309128307000037 ], [ -4.05263154599993, 50.311945998000056 ], [ -4.051279462999958, 50.318863623000027 ], [ -4.044057694999935, 50.327634677000049 ], [ -4.032678800999975, 50.334555454000053 ], [ -4.028514283999925, 50.337554908000072 ], [ -4.032678800999975, 50.338804079000056 ], [ -4.036625, 50.339111499000069 ], [ -4.043706740999937, 50.333569620000048 ], [ -4.04932219799997, 50.332694715000059 ], [ -4.048291035999966, 50.327589639000053 ], [ -4.056816031999972, 50.312381470000048 ], [ -4.06759816999994, 50.312679834000051 ], [ -4.077825802999939, 50.314717581000082 ], [ -4.081395326798858, 50.315428738722758 ], [ -4.084552645387816, 50.317429542339426 ], [ -4.106635384721141, 50.316009679670231 ], [ -4.119563079620084, 50.321547462084219 ], [ -4.119565680292257, 50.321573164765951 ], [ -4.120614803999956, 50.334340113000053 ], [ -4.120874016548318, 50.334503572041953 ], [ -4.12100243591334, 50.335772752410662 ], [ -4.127851399966826, 50.341677367601662 ], [ -4.127582211999936, 50.34322661300007 ], [ -4.123281, 50.346805499000027 ], [ -4.123141153107806, 50.348325473720863 ], [ -4.121870040669648, 50.349636554483595 ], [ -4.122899738990238, 50.350949367253264 ], [ -4.122868643999936, 50.351287334000062 ], [ -4.127776342999937, 50.358368784000049 ], [ -4.11205496499997, 50.360376946000031 ] ], [ [ -4.168657964999966, 51.086791736000066 ], [ -4.167545, 51.090903999000034 ], [ -4.169195962999936, 51.090080212000032 ], [ -4.170878, 51.08728049900003 ], [ -4.168657964999966, 51.086791736000066 ] ], [ [ -3.044446, 53.220012499000063 ], [ -3.034152499999948, 53.216464999000038 ], [ -3.023627499999975, 53.212711499000079 ], [ -3.019001, 53.211845499000049 ], [ -3.040818499999943, 53.220477999000082 ], [ -3.043363, 53.221397499000034 ], [ -3.048171, 53.222205999000039 ], [ -3.054679, 53.222694499000056 ], [ -3.060582499999953, 53.225471499000037 ], [ -3.062994104999973, 53.22502654300007 ], [ -3.062123499999927, 53.22305699900005 ], [ -3.057424, 53.221381999000073 ], [ -3.048838499999931, 53.220805999000049 ], [ -3.044446, 53.220012499000063 ] ] ], [ [ [ -4.283472865743186, 53.410165428655425 ], [ -4.278178159020351, 53.404860297264293 ], [ -4.275702125007751, 53.40205429328892 ], [ -4.270813061999945, 53.393375184000035 ], [ -4.271413012999972, 53.38633191100007 ], [ -4.280686, 53.376365999000029 ], [ -4.27673744766407, 53.375330452302933 ], [ -4.277024745695144, 53.374869942294083 ], [ -4.266571383088782, 53.368706523822631 ], [ -4.264559179978905, 53.363691613851607 ], [ -4.265158533938916, 53.360563754713723 ], [ -4.242184854699494, 53.35933997978546 ], [ -4.242075712761674, 53.359317599281937 ], [ -4.228819080131093, 53.343601509066893 ], [ -4.232551806999936, 53.339186083000072 ], [ -4.224836898999968, 53.337221217000035 ], [ -4.219068274999927, 53.319610682000075 ], [ -4.218791593159849, 53.319488999476178 ], [ -4.218552470219947, 53.31863117179148 ], [ -4.211104102487188, 53.316108100797727 ], [ -4.204582336999977, 53.313239879000037 ], [ -4.207449999184765, 53.306066148685417 ], [ -4.207641826259797, 53.305733412862907 ], [ -4.21341702899997, 53.301262929000075 ], [ -4.213080538999975, 53.298134508000032 ], [ -4.212151487249625, 53.297911129389981 ], [ -4.212523341478516, 53.29726612543169 ], [ -4.204922556630436, 53.294649839318936 ], [ -4.172896265949532, 53.298857450611024 ], [ -4.143988609186465, 53.304706454139648 ], [ -4.135523830504322, 53.313717529380384 ], [ -4.134437713999944, 53.314687157000037 ], [ -4.118939141051229, 53.318942089867001 ], [ -4.098227142868041, 53.317670345110685 ], [ -4.092915061196714, 53.316605872364434 ], [ -4.081449545999931, 53.313679618000037 ], [ -4.078840636889168, 53.313785539014631 ], [ -4.072730540881366, 53.31256115447394 ], [ -4.060041480060524, 53.314548769738138 ], [ -4.057596595999939, 53.314648030000058 ], [ -4.041023851999967, 53.31107030000004 ], [ -4.045878687999959, 53.305626874000041 ], [ -4.056481361999943, 53.30251103900008 ], [ -4.056841915218227, 53.301493080084541 ], [ -4.057968854778437, 53.301171660743705 ], [ -4.057848458611148, 53.298651280958239 ], [ -4.058792169999947, 53.295986877000075 ], [ -4.065436911999939, 53.294313442000032 ], [ -4.071272618999956, 53.289874859000065 ], [ -4.075995635999959, 53.281475245000081 ], [ -4.077825802999939, 53.280223956000043 ], [ -4.080783364949252, 53.278201708321959 ], [ -4.085564852135747, 53.27536761742175 ], [ -4.08559014762114, 53.274915046786596 ], [ -4.085662352999975, 53.274865676000047 ], [ -4.087776231179308, 53.263792977226544 ], [ -4.090344979364121, 53.262920600306117 ], [ -4.097319253999956, 53.261121255000035 ], [ -4.098136331751042, 53.260274565929741 ], [ -4.099346041586159, 53.259863734324369 ], [ -4.106047643588194, 53.253979194615958 ], [ -4.124019149999981, 53.247349596000049 ], [ -4.143324426999925, 53.237308578000068 ], [ -4.157523244999936, 53.232798419000062 ], [ -4.157019011232784, 53.231936235509487 ], [ -4.158791780116246, 53.231307148606049 ], [ -4.160434606668888, 53.224335119451773 ], [ -4.162030290225172, 53.222930810543573 ], [ -4.170041340637495, 53.223014967180198 ], [ -4.176452562999941, 53.223426173000064 ], [ -4.177086956541731, 53.223088981860784 ], [ -4.177892446878502, 53.22309744359228 ], [ -4.179295894848748, 53.22191489294709 ], [ -4.187388748999979, 53.217613401000051 ], [ -4.191211886308972, 53.21677408371248 ], [ -4.196240067224949, 53.216179847621959 ], [ -4.198363205202665, 53.215204109868679 ], [ -4.202814, 53.214226999000061 ], [ -4.206100408159526, 53.211648297147576 ], [ -4.209894418991894, 53.209904670664343 ], [ -4.211668448500585, 53.207279297545206 ], [ -4.214110022999932, 53.205363500000033 ], [ -4.21433181738743, 53.197803976583323 ], [ -4.214575497683299, 53.192549823993332 ], [ -4.216874623557334, 53.189473776738808 ], [ -4.222318560773116, 53.185363204852884 ], [ -4.244341608999946, 53.179268268000044 ], [ -4.271181133692159, 53.165590443553057 ], [ -4.272964239207965, 53.165346145608339 ], [ -4.274265927745804, 53.164018386223248 ], [ -4.275732499999947, 53.163270999000076 ], [ -4.284740970999962, 53.155271896000045 ], [ -4.30441210999993, 53.147181101000058 ], [ -4.319209027999932, 53.144597548000036 ], [ -4.325760147999972, 53.147930896000048 ], [ -4.337526885999978, 53.147685126000056 ], [ -4.33759825088536, 53.147557435962362 ], [ -4.338140010852385, 53.147647857362927 ], [ -4.338329102298814, 53.146249755805201 ], [ -4.340770339999949, 53.141881757000078 ], [ -4.346946787349558, 53.13755246883521 ], [ -4.353653549970772, 53.134800553602702 ], [ -4.350775718524346, 53.131724834433896 ], [ -4.34200220472431, 53.130551293026052 ], [ -4.34445702599993, 53.130074228000069 ], [ -4.358403277999969, 53.131861948000051 ], [ -4.366202501256065, 53.135027687068728 ], [ -4.376365542435508, 53.13984787448004 ], [ -4.380410854532963, 53.140794920239685 ], [ -4.384096403999934, 53.142290901000081 ], [ -4.389912491868484, 53.143019343258608 ], [ -4.397337078742908, 53.144757509152157 ], [ -4.400911307044577, 53.144396901842505 ], [ -4.406567895621039, 53.145105367438511 ], [ -4.417173505152618, 53.159908055812593 ], [ -4.413774132569699, 53.163853645129905 ], [ -4.396078348037065, 53.168894767879578 ], [ -4.387557149342626, 53.167623758729746 ], [ -4.380492806497443, 53.181638956273048 ], [ -4.386028766813695, 53.191244125815956 ], [ -4.395067930040454, 53.188215852180008 ], [ -4.39579807513454, 53.187539140823525 ], [ -4.396635574999948, 53.187342074000071 ], [ -4.410822131999964, 53.177692347000061 ], [ -4.414124471999969, 53.172097173000054 ], [ -4.429252344999952, 53.16087445800008 ], [ -4.440080654999974, 53.15690212700008 ], [ -4.44972003099997, 53.163904833000061 ], [ -4.460315106999929, 53.180317449000029 ], [ -4.464425136999978, 53.182036893000031 ], [ -4.472818479999944, 53.181657459000064 ], [ -4.479871666019251, 53.179750706107569 ], [ -4.480497122144072, 53.179663538741636 ], [ -4.489367727448776, 53.181992541546542 ], [ -4.488792908999926, 53.186176970000076 ], [ -4.505050331999939, 53.187268173000064 ], [ -4.505998808999948, 53.196157715000027 ], [ -4.498238337999965, 53.206956827000056 ], [ -4.501974176505927, 53.207209267599232 ], [ -4.501894712270769, 53.211625933490097 ], [ -4.502129612815643, 53.211813473198539 ], [ -4.506248, 53.217149499000072 ], [ -4.512530248274379, 53.220117124186679 ], [ -4.513927340873693, 53.221232533854561 ], [ -4.519108704364332, 53.223224672810815 ], [ -4.52353082299993, 53.225313605000053 ], [ -4.522595744999933, 53.23177337900006 ], [ -4.523319166017036, 53.232630377779991 ], [ -4.523059726025167, 53.234265446892948 ], [ -4.534180513675075, 53.236905929911188 ], [ -4.535303189999979, 53.237200760000064 ], [ -4.542776696999965, 53.24276646900006 ], [ -4.553543499999932, 53.248247499000058 ], [ -4.553552634838035, 53.248239741032513 ], [ -4.554787516430338, 53.249001145286854 ], [ -4.552158951873821, 53.253764152693691 ], [ -4.556807517852292, 53.262487054034807 ], [ -4.57212245428741, 53.272060871412293 ], [ -4.58353507498316, 53.276270270557063 ], [ -4.583570957033658, 53.283429265248344 ], [ -4.563937138630977, 53.294825137529351 ], [ -4.561027609416377, 53.29646594214573 ], [ -4.546475053080769, 53.300638079484031 ], [ -4.547253847086949, 53.304803609698808 ], [ -4.565498896801856, 53.301211922825907 ], [ -4.565529298594322, 53.301219586979485 ], [ -4.561576842996658, 53.312424540260622 ], [ -4.562985840981159, 53.314002940999231 ], [ -4.562470567999981, 53.316427157000078 ], [ -4.566339195628605, 53.317759466920897 ], [ -4.571312546436445, 53.32333075990698 ], [ -4.572347626249677, 53.323549749462188 ], [ -4.572590567999953, 53.323960649000071 ], [ -4.581887749999964, 53.32585135000005 ], [ -4.582071791974592, 53.326432308369789 ], [ -4.581313979347415, 53.33276535379828 ], [ -4.580828661999931, 53.333139020000033 ], [ -4.573683383999935, 53.334036089000051 ], [ -4.5713870371781, 53.336015026267958 ], [ -4.570312500321052, 53.336216449429855 ], [ -4.567688107719505, 53.345109462931589 ], [ -4.568799487131174, 53.347625404165299 ], [ -4.566380298999945, 53.350959772000067 ], [ -4.568311516999927, 53.353832663000048 ], [ -4.565622254738691, 53.356126925346246 ], [ -4.561275005336938, 53.358859300216693 ], [ -4.560984043152295, 53.360083874562299 ], [ -4.56073719799997, 53.360294463000059 ], [ -4.555907293999951, 53.374034407000067 ], [ -4.563025642999946, 53.378371296000068 ], [ -4.566945014999931, 53.38377018400007 ], [ -4.565413353999929, 53.389559553000026 ], [ -4.571730437999975, 53.392202602000054 ], [ -4.571091154999976, 53.397012202000042 ], [ -4.574438969735813, 53.400309370461784 ], [ -4.574758550032434, 53.40149724343572 ], [ -4.572617543999968, 53.404300024000065 ], [ -4.564101794999942, 53.406727954000075 ], [ -4.558437790916782, 53.405512833855113 ], [ -4.556562065886112, 53.404659032688301 ], [ -4.555610548697567, 53.404906294925269 ], [ -4.554429974999948, 53.404653022000048 ], [ -4.542776696999965, 53.406819831000064 ], [ -4.529528128999971, 53.406765977000077 ], [ -4.528574286258283, 53.40882780033013 ], [ -4.525593537361095, 53.411929795141674 ], [ -4.522256319017293, 53.41268455206739 ], [ -4.508071215900075, 53.409961503106175 ], [ -4.506673901999932, 53.409270753000044 ], [ -4.506134243862847, 53.409589671498722 ], [ -4.504853010557554, 53.409343719037736 ], [ -4.492650509013401, 53.411288261044604 ], [ -4.491359537338205, 53.412649884998714 ], [ -4.487524, 53.413852499000029 ], [ -4.486007021043648, 53.41698267200686 ], [ -4.474414467553174, 53.418102502428781 ], [ -4.465143918656452, 53.414845704765753 ], [ -4.457985926299878, 53.415742633731284 ], [ -4.452861023999958, 53.415451467000082 ], [ -4.449977827177769, 53.419572257292756 ], [ -4.443823814117422, 53.424168348690671 ], [ -4.440033450906739, 53.425452250310947 ], [ -4.426649737999981, 53.428904446000047 ], [ -4.422719054912534, 53.428414074009574 ], [ -4.414881348195195, 53.425660609949375 ], [ -4.406280427697224, 53.425269692398764 ], [ -4.402582633999941, 53.422565696000049 ], [ -4.394425295503844, 53.424730868764676 ], [ -4.37160071205519, 53.423693476283532 ], [ -4.365654408289022, 53.419165123885975 ], [ -4.365068554769493, 53.417718171756576 ], [ -4.354969978481336, 53.415103673495821 ], [ -4.339596435818505, 53.41862916278582 ], [ -4.337975283999981, 53.418884607000052 ], [ -4.319634790418164, 53.416443588266027 ], [ -4.283472865743186, 53.410165428655425 ] ] ], [ [ [ -5.639040653805048, 54.452361869094545 ], [ -5.63813793621631, 54.445263862637375 ], [ -5.63805428080311, 54.445147671652492 ], [ -5.639837793999959, 54.442714058000035 ], [ -5.638946529999942, 54.439905974000055 ], [ -5.632539741420478, 54.43748839728493 ], [ -5.630416396850419, 54.434539233717402 ], [ -5.629607629999953, 54.432540974000062 ], [ -5.63177368199996, 54.431156611000063 ], [ -5.634846079999932, 54.433174217000044 ], [ -5.641825630999961, 54.429008976000034 ], [ -5.640822618999948, 54.42584067100006 ], [ -5.640951752574552, 54.425585596623016 ], [ -5.641372561094613, 54.425411820399347 ], [ -5.645791053514017, 54.419275760467883 ], [ -5.644860544270374, 54.417864656427156 ], [ -5.647282710999946, 54.413080210000032 ], [ -5.642155499999944, 54.406437499000049 ], [ -5.641374768999981, 54.400821847000032 ], [ -5.645349207999971, 54.397204144000057 ], [ -5.649623837999968, 54.397150836000037 ], [ -5.649780429999964, 54.389766614000052 ], [ -5.656984142999931, 54.38557237200007 ], [ -5.656194081989941, 54.383559910792791 ], [ -5.661437759276324, 54.381423797935398 ], [ -5.665880907999963, 54.381215661000056 ], [ -5.670446801761345, 54.377753791099735 ], [ -5.672976778265387, 54.376723156481319 ], [ -5.676607160999936, 54.376045126000065 ], [ -5.676795170330169, 54.375167660988616 ], [ -5.682767841644458, 54.372734578384438 ], [ -5.683935, 54.372802499000045 ], [ -5.68453349999993, 54.371573499000078 ], [ -5.665746422999973, 54.363167996000072 ], [ -5.661167651663658, 54.366477455988701 ], [ -5.660964660270372, 54.366507586885184 ], [ -5.648464560999969, 54.364588455000046 ], [ -5.643118374604602, 54.36915658878285 ], [ -5.635751366631894, 54.370250105857792 ], [ -5.633612745085304, 54.371431269907774 ], [ -5.632919489999949, 54.371413588000053 ], [ -5.620532148803759, 54.376462813799527 ], [ -5.611559778923372, 54.378716219049849 ], [ -5.604080142999976, 54.377245019000043 ], [ -5.596832923999955, 54.38183798600005 ], [ -5.588621592999971, 54.383845604000044 ], [ -5.583110603999955, 54.382183516000055 ], [ -5.574132601578826, 54.382858077587073 ], [ -5.572878090136553, 54.376414096853743 ], [ -5.57673602999995, 54.371846300000072 ], [ -5.571736311999928, 54.370243283000036 ], [ -5.565665146999947, 54.365339014000028 ], [ -5.562568000999931, 54.367990124000073 ], [ -5.563834542999928, 54.374031753000054 ], [ -5.557722726999941, 54.375085985000055 ], [ -5.556345178695699, 54.374357235340945 ], [ -5.552161047267588, 54.368810131519872 ], [ -5.549982415999978, 54.365321499000061 ], [ -5.547847175999948, 54.346277810000061 ], [ -5.541969494999933, 54.338791127000036 ], [ -5.541502502955034, 54.323340659626339 ], [ -5.542408704397872, 54.319197058297675 ], [ -5.539357304695443, 54.311656951607176 ], [ -5.545423354478988, 54.30823302379229 ], [ -5.549905895999927, 54.305994933000079 ], [ -5.550149817802722, 54.305565213632853 ], [ -5.551275253549761, 54.304929971441368 ], [ -5.552571734442651, 54.301298499980945 ], [ -5.560590003999948, 54.287172638000072 ], [ -5.571736311999928, 54.27768508500003 ], [ -5.576830574999974, 54.273522014000037 ], [ -5.582267, 54.272313999000062 ], [ -5.584887720479681, 54.270324835567614 ], [ -5.585304737323554, 54.270235299619515 ], [ -5.585633948118306, 54.269758438371674 ], [ -5.594900457999927, 54.262725028000034 ], [ -5.605003355999941, 54.263252340000065 ], [ -5.604337428999941, 54.255843920000075 ], [ -5.613780857471752, 54.247952569414849 ], [ -5.621516346901558, 54.254210472535362 ], [ -5.636466741346624, 54.261614561262888 ], [ -5.643988728496709, 54.257704139034729 ], [ -5.643063318840984, 54.256156084256894 ], [ -5.643069725999965, 54.256145811000067 ], [ -5.643007050549115, 54.256061956864201 ], [ -5.638858092117171, 54.249121446913954 ], [ -5.637996776818913, 54.242920860547486 ], [ -5.639402625619334, 54.241190814433878 ], [ -5.649043488999951, 54.231761333000065 ], [ -5.65961025699994, 54.227038175000075 ], [ -5.671338944999945, 54.235556059000032 ], [ -5.673565045363218, 54.239337867287908 ], [ -5.673457026220376, 54.240962147585208 ], [ -5.675302544588957, 54.242289616041241 ], [ -5.676995222999949, 54.245165221000036 ], [ -5.683539994209772, 54.248214755945547 ], [ -5.686238050845077, 54.250155449214674 ], [ -5.697805077276487, 54.250141931718083 ], [ -5.706374637999943, 54.250782207000043 ], [ -5.716591669419166, 54.250119977268795 ], [ -5.71704494986426, 54.250119447554709 ], [ -5.728496551674141, 54.253283024192172 ], [ -5.747384071017791, 54.252133846200138 ], [ -5.763330012630011, 54.246278839744996 ], [ -5.764705745207343, 54.24612871380905 ], [ -5.787784814417364, 54.246087074558829 ], [ -5.797707096497057, 54.244371863613303 ], [ -5.812789215999942, 54.242837646000055 ], [ -5.822720064999942, 54.244559271000071 ], [ -5.832443547999958, 54.256110904000082 ], [ -5.823999425124151, 54.256898600637101 ], [ -5.817257999956439, 54.257382869723699 ], [ -5.817608752535956, 54.258836778068215 ], [ -5.817216938999934, 54.259091348000027 ], [ -5.819947858999967, 54.271572976000073 ], [ -5.814387499999953, 54.286277999000049 ], [ -5.826965801999961, 54.277048655000044 ], [ -5.828735656999925, 54.270574211000053 ], [ -5.835389441152286, 54.265633353841238 ], [ -5.836317658532721, 54.265230536460024 ], [ -5.843754040285342, 54.25644817918176 ], [ -5.845334620884519, 54.255669211676938 ], [ -5.859723329567601, 54.249444603485756 ], [ -5.857787294082952, 54.249532082210216 ], [ -5.85804606399995, 54.249404551000055 ], [ -5.859382, 54.238483999000039 ], [ -5.856852432999972, 54.24008850000007 ], [ -5.851730429999975, 54.248279299000046 ], [ -5.847448178839972, 54.249999249584292 ], [ -5.833743369651296, 54.250618494033198 ], [ -5.829612106783987, 54.248114919913846 ], [ -5.828716334352399, 54.247091056171769 ], [ -5.828646315534966, 54.245655642748936 ], [ -5.834268539109427, 54.239126411727014 ], [ -5.861444121513754, 54.226969550429693 ], [ -5.865805864548747, 54.225167274450257 ], [ -5.883338451807731, 54.214811206072511 ], [ -5.883617562605823, 54.214521671115733 ], [ -5.884469, 54.214027499000053 ], [ -5.886212108371842, 54.211830224918209 ], [ -5.891241550057032, 54.206612944931635 ], [ -5.891146655983191, 54.20560998425664 ], [ -5.891767736999952, 54.204827081000076 ], [ -5.890987634349162, 54.203929242362548 ], [ -5.890708804267547, 54.200982213158852 ], [ -5.884207248168056, 54.196125535139409 ], [ -5.877447969540966, 54.188346121100665 ], [ -5.872257685364016, 54.170739189990549 ], [ -5.871695554999974, 54.167052481000042 ], [ -5.876624353999944, 54.152688856000054 ], [ -5.88544492794871, 54.139891893528059 ], [ -5.888749956744789, 54.135330558058797 ], [ -5.888679222147334, 54.135199552448711 ], [ -5.88932962399997, 54.134255944000074 ], [ -5.886953747241263, 54.124971432401225 ], [ -5.8921219107973, 54.117614150273027 ], [ -5.893664401607404, 54.1097529369329 ], [ -5.897995127430676, 54.105214336140094 ], [ -5.909387111625506, 54.09818577775161 ], [ -5.940419576631704, 54.082791200547476 ], [ -5.952839109999957, 54.076866032000055 ], [ -5.953993486999934, 54.075350718000038 ], [ -5.957055672999957, 54.071330813000031 ], [ -5.963408710576837, 54.062989551569295 ], [ -5.990038156235585, 54.058098673814982 ], [ -5.993734700809094, 54.05667094806995 ], [ -5.999128457999973, 54.055369024000072 ], [ -6.008210062999979, 54.049797255000044 ], [ -6.014618682999981, 54.042171397000061 ], [ -6.016670701999942, 54.041368312000031 ], [ -6.022091284761368, 54.039246741495312 ], [ -6.031344056482681, 54.036608458013973 ], [ -6.054134249495576, 54.027141332606618 ], [ -6.067622603583648, 54.028359848826476 ], [ -6.067806320999978, 54.028496205000067 ], [ -6.080854368999951, 54.030329141000038 ], [ -6.084294574492981, 54.032683167248642 ], [ -6.086761712682573, 54.035341262888949 ], [ -6.089080980720713, 54.035958357035817 ], [ -6.089252383999963, 54.036075643000061 ], [ -6.104878156260736, 54.041263929258243 ], [ -6.095640658988941, 54.04795074453142 ], [ -6.085480944583016, 54.048055443250107 ], [ -6.081179923999969, 54.047690617000058 ], [ -6.080189120842287, 54.048109976984328 ], [ -6.076623201099551, 54.048146724791707 ], [ -6.079036712573782, 54.052976250553627 ], [ -6.082471910503043, 54.054739936003905 ], [ -6.083813628999962, 54.056376790000058 ], [ -6.095026513999926, 54.062257016000046 ], [ -6.111344645999964, 54.062640656000042 ], [ -6.124986167999964, 54.065677299000072 ], [ -6.139819187999933, 54.062712624000028 ], [ -6.16153495443358, 54.066585363548306 ], [ -6.183842588722489, 54.075647971566134 ], [ -6.186342327853733, 54.079886999094207 ], [ -6.192487954954686, 54.095155358333272 ], [ -6.195740509496723, 54.095872144187247 ], [ -6.201515160999975, 54.09847191800003 ], [ -6.211036899140532, 54.099243105556795 ], [ -6.216432452095546, 54.100432157418197 ], [ -6.230422670774272, 54.100813203961259 ], [ -6.235266908999961, 54.101205550000032 ], [ -6.247521499999948, 54.098940499000037 ], [ -6.252008846999956, 54.098161735000076 ], [ -6.265096353776167, 54.101575552735248 ], [ -6.27705836285287, 54.110381960659254 ], [ -6.281201784543541, 54.111326589752764 ], [ -6.281306963999953, 54.111377739000034 ], [ -6.281689097244477, 54.111437688692071 ], [ -6.291541814902644, 54.113683939362375 ], [ -6.308749675856575, 54.13477635354576 ], [ -6.314174413418129, 54.134766459204798 ], [ -6.303584456557019, 54.120877743213271 ], [ -6.291931501841434, 54.111907360883102 ], [ -6.292680716999939, 54.111377739000034 ], [ -6.308160850999968, 54.106447596000066 ], [ -6.310302518999947, 54.100134225000033 ], [ -6.318239499999947, 54.091148499000042 ], [ -6.334769652999967, 54.095540713000048 ], [ -6.336431597999933, 54.107452972000033 ], [ -6.340328334999981, 54.111285503000033 ], [ -6.347043778999932, 54.113171123000029 ], [ -6.354505231999951, 54.111113590000059 ], [ -6.362021317999961, 54.113085274000071 ], [ -6.36624521799996, 54.112204767000037 ], [ -6.36614442299998, 54.102665973000057 ], [ -6.36254172699995, 54.096983099000056 ], [ -6.36577449999993, 54.093951999000069 ], [ -6.362519628999962, 54.075023592000036 ], [ -6.369411502999981, 54.069966235000038 ], [ -6.371802499999944, 54.069804999000041 ], [ -6.375621, 54.06870249900004 ], [ -6.382504501999961, 54.067900411000039 ], [ -6.390449191999949, 54.059843079000075 ], [ -6.410714451999979, 54.062252916000034 ], [ -6.419811, 54.060677999000063 ], [ -6.429804894999961, 54.058896453000045 ], [ -6.433347873999935, 54.060115202000077 ], [ -6.437689932999945, 54.057521296000061 ], [ -6.443216038999935, 54.057457627000076 ], [ -6.45451204699998, 54.069966235000038 ], [ -6.456001672999946, 54.071615488000077 ], [ -6.462494911999954, 54.071048576000067 ], [ -6.477563164999935, 54.07650878000004 ], [ -6.481647499999951, 54.072486999000034 ], [ -6.478301039999963, 54.069966235000038 ], [ -6.474457336999933, 54.067070726000054 ], [ -6.483015221999949, 54.066642002000037 ], [ -6.489032499999951, 54.063330999000073 ], [ -6.496572391999962, 54.059706009000081 ], [ -6.507457565999971, 54.058178028000043 ], [ -6.510859485999958, 54.053230653000071 ], [ -6.515619280999942, 54.05309001300003 ], [ -6.531199040999979, 54.059286902000053 ], [ -6.546342319999951, 54.051386815000058 ], [ -6.555915499999969, 54.049657499000034 ], [ -6.567315406999967, 54.050863666000055 ], [ -6.569954801999927, 54.05313723200004 ], [ -6.587162331999934, 54.056867810000028 ], [ -6.594297817999973, 54.052638254000044 ], [ -6.594991, 54.044673999000054 ], [ -6.603342405999967, 54.044832860000042 ], [ -6.607376762999934, 54.040376583000068 ], [ -6.61509413899995, 54.041614300000049 ], [ -6.623778499999958, 54.036548499000048 ], [ -6.639289274999953, 54.047581820000062 ], [ -6.648513726999965, 54.060242029000051 ], [ -6.658164245999956, 54.062336275000064 ], [ -6.660909499999946, 54.062931999000057 ], [ -6.666934375999972, 54.072159647000035 ], [ -6.658164245999956, 54.076668337000058 ], [ -6.656745264999927, 54.086458707000077 ], [ -6.658164245999956, 54.08816052700007 ], [ -6.661877, 54.092612999000039 ], [ -6.658151005999969, 54.094576266000047 ], [ -6.651009794999936, 54.094150905000049 ], [ -6.645988796999973, 54.097653653000066 ], [ -6.660593326999958, 54.120190558000047 ], [ -6.658769937999978, 54.123295003000067 ], [ -6.649787208999953, 54.12265813700003 ], [ -6.649647499999958, 54.127157499000077 ], [ -6.64802328299993, 54.129760931000078 ], [ -6.640267545999961, 54.131655255000055 ], [ -6.640716570999928, 54.141538518000061 ], [ -6.631754844999932, 54.148021517000075 ], [ -6.634149, 54.161548499000048 ], [ -6.636109017999956, 54.170154450000041 ], [ -6.643909, 54.180019499000082 ], [ -6.649490405999927, 54.180232217000082 ], [ -6.658164245999956, 54.185074805000056 ], [ -6.665496278999967, 54.192134121000038 ], [ -6.685016119999943, 54.194648981000057 ], [ -6.692135499999949, 54.200240999000073 ], [ -6.708625317999974, 54.198762143000067 ], [ -6.720839499999954, 54.18609649900003 ], [ -6.722730265999928, 54.182138046000034 ], [ -6.734167390999971, 54.185481271000072 ], [ -6.738873499999954, 54.181609999000045 ], [ -6.743653830999961, 54.184122903000059 ], [ -6.755350969999938, 54.19845224900007 ], [ -6.775219444999948, 54.199481865000052 ], [ -6.785681249999925, 54.206573716000037 ], [ -6.795022229999972, 54.210731499000076 ], [ -6.80099649999994, 54.21339049900007 ], [ -6.802590499999951, 54.216373499000042 ], [ -6.800996, 54.218612499000074 ], [ -6.801387499999976, 54.219650499000068 ], [ -6.80015549999996, 54.221183999000061 ], [ -6.80742166899995, 54.224114413000052 ], [ -6.815386, 54.223288999000033 ], [ -6.819977846999961, 54.238729774000035 ], [ -6.829022704999943, 54.248503432000064 ], [ -6.827737499999955, 54.261485999000058 ], [ -6.833674293999934, 54.262888042000043 ], [ -6.839200590999951, 54.266859547000081 ], [ -6.850965465999934, 54.26558768600006 ], [ -6.853787695999927, 54.26861193700006 ], [ -6.865945, 54.269969999000068 ], [ -6.866430564999973, 54.274632945000064 ], [ -6.877083282999934, 54.278565202000038 ], [ -6.876877782999941, 54.285411442000054 ], [ -6.87434849999994, 54.28752649900008 ], [ -6.869114684999943, 54.286861614000031 ], [ -6.866647013999966, 54.282228254000074 ], [ -6.861348759999942, 54.281795776000081 ], [ -6.85912497399994, 54.283268702000044 ], [ -6.860432599999967, 54.288328128000046 ], [ -6.85494242599998, 54.290821082000036 ], [ -6.852060512999969, 54.292129629000044 ], [ -6.851690389999931, 54.298659006000037 ], [ -6.858349954999937, 54.304423834000033 ], [ -6.856930940999973, 54.313043171000061 ], [ -6.863247120999972, 54.316679431000068 ], [ -6.864229499999965, 54.330165499000032 ], [ -6.875593987999935, 54.338768584000036 ], [ -6.876623571999971, 54.346158050000042 ], [ -6.883977, 54.346744999000066 ], [ -6.892632292999963, 54.350883755000041 ], [ -6.902312225999935, 54.349892576000059 ], [ -6.906876499999953, 54.351643499000033 ], [ -6.905219332999934, 54.358645621000051 ], [ -6.90981589699993, 54.364999800000078 ], [ -6.907362495999962, 54.368842487000052 ], [ -6.910962499999926, 54.374725499000078 ], [ -6.920284543999969, 54.378243027000053 ], [ -6.931091347999939, 54.376740960000063 ], [ -6.932589415999928, 54.379421894000075 ], [ -6.926090090999935, 54.383010523000053 ], [ -6.938943937999966, 54.383972636000067 ], [ -6.940727261999939, 54.384882984000058 ], [ -6.944492380999975, 54.38680492800006 ], [ -6.945183702999941, 54.390718380000067 ], [ -6.949259842999936, 54.391230588000042 ], [ -6.958507348999944, 54.392392604000065 ], [ -6.95975638699997, 54.397595358000046 ], [ -6.963810499999965, 54.399560499000074 ], [ -6.976176934999955, 54.401139017000048 ], [ -6.981577289999962, 54.409233282000059 ], [ -6.988247088999969, 54.409219524000036 ], [ -6.993490176999956, 54.405747475000055 ], [ -6.999565640999947, 54.407014911000033 ], [ -7.001776694999933, 54.412892716000044 ], [ -7.013308654999946, 54.416444693000074 ], [ -7.017748870999981, 54.415000084000042 ], [ -7.02863549999995, 54.421306499000082 ], [ -7.056401032999929, 54.409828344000061 ], [ -7.070623, 54.392570499000044 ], [ -7.074121049999974, 54.387224125000046 ], [ -7.093444499999976, 54.37400449900008 ], [ -7.109945, 54.368060999000079 ], [ -7.102715609999962, 54.36039321700008 ], [ -7.104130629999929, 54.356238212000051 ], [ -7.123330438999972, 54.350465487000065 ], [ -7.128925442999957, 54.345825718000071 ], [ -7.137499099999957, 54.344127642000046 ], [ -7.141995736999945, 54.339755711000066 ], [ -7.147516499999938, 54.338413499000069 ], [ -7.149567, 54.336799499000051 ], [ -7.153844499999934, 54.335269999000047 ], [ -7.162421, 54.337104999000076 ], [ -7.167200499999979, 54.336555499000042 ], [ -7.170673, 54.337883499000043 ], [ -7.173517, 54.337993499000049 ], [ -7.183014, 54.339965999000071 ], [ -7.18851049999995, 54.337680999000042 ], [ -7.18116583099993, 54.331965667000077 ], [ -7.178876453999976, 54.310655899000039 ], [ -7.194031956999936, 54.310895170000038 ], [ -7.211874499999965, 54.299678999000037 ], [ -7.206438320999951, 54.294824961000074 ], [ -7.192393021999976, 54.290821082000036 ], [ -7.172758181999939, 54.285223147000067 ], [ -7.17390955299993, 54.280052288000036 ], [ -7.179703553999957, 54.275758477000068 ], [ -7.177328212999953, 54.271272937000049 ], [ -7.16073549999993, 54.273403999000038 ], [ -7.157691682999939, 54.268412248000061 ], [ -7.153454660999955, 54.266342489000067 ], [ -7.151544523999974, 54.259757874000059 ], [ -7.142787321999947, 54.253757719000077 ], [ -7.143496909999953, 54.251698831000056 ], [ -7.158001855999942, 54.244511643000067 ], [ -7.146361096999954, 54.239242555000033 ], [ -7.149347401999933, 54.23228412900005 ], [ -7.145823499999949, 54.224944999000058 ], [ -7.153813470999978, 54.221267129000069 ], [ -7.170253729999956, 54.217801494000071 ], [ -7.18387, 54.220100999000067 ], [ -7.185168369999928, 54.22344791900008 ], [ -7.190021433999959, 54.223719096000082 ], [ -7.19828492299996, 54.216085781000061 ], [ -7.209250943999962, 54.21304258400005 ], [ -7.219081702999972, 54.215255687000081 ], [ -7.223986270999944, 54.214657773000056 ], [ -7.23225060599998, 54.210468138000067 ], [ -7.23272863699998, 54.20605732100006 ], [ -7.239531544999977, 54.206298782000033 ], [ -7.248977, 54.203407499000036 ], [ -7.248483682999961, 54.198878156000035 ], [ -7.242938222999953, 54.19993280500006 ], [ -7.234372961999952, 54.197295113000052 ], [ -7.237493163999943, 54.193504939000036 ], [ -7.251529073999961, 54.193673463000039 ], [ -7.257987287999981, 54.19218905200006 ], [ -7.257194908999963, 54.177595809000081 ], [ -7.251171900999964, 54.17284359000007 ], [ -7.243532633999962, 54.172139747000074 ], [ -7.241012366999939, 54.170337956000026 ], [ -7.258265148999953, 54.163701159000027 ], [ -7.252699319999977, 54.157321861000071 ], [ -7.257771472999934, 54.152674381000054 ], [ -7.256941499999925, 54.148223999000038 ], [ -7.262640302999955, 54.146138814000039 ], [ -7.262795266999944, 54.138184711000065 ], [ -7.276724836999961, 54.129981684000029 ], [ -7.279717486999971, 54.122860492000029 ], [ -7.29230864699997, 54.119470720000038 ], [ -7.300942546999977, 54.121468830000026 ], [ -7.303429, 54.123851999000067 ], [ -7.307734739999944, 54.132003614000041 ], [ -7.299102754999979, 54.13318259600004 ], [ -7.292424401999938, 54.131091550000065 ], [ -7.284664008999925, 54.138127198000063 ], [ -7.285553523999965, 54.139957567000067 ], [ -7.300692914999956, 54.144216616000051 ], [ -7.298718270999927, 54.14819037400008 ], [ -7.290181076999943, 54.149293022000052 ], [ -7.284615164999934, 54.153538703000038 ], [ -7.285207536999962, 54.158514761000049 ], [ -7.280801061999966, 54.166970078000077 ], [ -7.290220087999955, 54.171245106000072 ], [ -7.299618671999951, 54.166608733000032 ], [ -7.310158017999981, 54.166664073000049 ], [ -7.326321083999972, 54.151253637000082 ], [ -7.339010449999932, 54.145740575000048 ], [ -7.331003922999969, 54.141245330000061 ], [ -7.327864576999957, 54.135802822000073 ], [ -7.319669800999975, 54.13693760600006 ], [ -7.31309254699994, 54.13125541200003 ], [ -7.314845941999977, 54.126673418000053 ], [ -7.305588499999942, 54.123206999000047 ], [ -7.307482467999932, 54.117839232000051 ], [ -7.319836, 54.113515999000072 ], [ -7.326455821999957, 54.123845637000045 ], [ -7.336446082999942, 54.116850419000059 ], [ -7.347666499999946, 54.11729249900003 ], [ -7.347772203999966, 54.122234146000039 ], [ -7.360746699999936, 54.129713088000074 ], [ -7.363101763999964, 54.13107048300003 ], [ -7.372036960999935, 54.129854256000044 ], [ -7.38160849999997, 54.123552499000027 ], [ -7.391947760999926, 54.120599276000064 ], [ -7.393954744999974, 54.123526299000048 ], [ -7.384348187999933, 54.132901713000081 ], [ -7.374130952999963, 54.137954432000072 ], [ -7.375002197999947, 54.141279088000033 ], [ -7.38271046899996, 54.141178990000071 ], [ -7.391667178999967, 54.136942930000032 ], [ -7.401513600999976, 54.140479485000071 ], [ -7.41971493099993, 54.137107207000042 ], [ -7.425077499999929, 54.141257999000061 ], [ -7.41973, 54.144721999000069 ], [ -7.415108, 54.146415999000055 ], [ -7.41267449999998, 54.148109499000043 ], [ -7.40900449999998, 54.153308999000046 ], [ -7.408487, 54.154632499000058 ], [ -7.409345499999972, 54.156333999000026 ], [ -7.432214282999951, 54.152390876000027 ], [ -7.443663625999932, 54.152763646000039 ], [ -7.454755743999954, 54.144543578000082 ], [ -7.467351236999946, 54.141019204000031 ], [ -7.466873267999972, 54.135017316000074 ], [ -7.47142703999998, 54.132362688000057 ], [ -7.472518393999962, 54.126810538000029 ], [ -7.478115, 54.122913999000048 ], [ -7.491426067999953, 54.123609177000048 ], [ -7.509761865999963, 54.129927935000069 ], [ -7.519739, 54.129943999000034 ], [ -7.528078271999959, 54.135096303000068 ], [ -7.535926123999957, 54.131227267000043 ], [ -7.537768651999954, 54.12792489900005 ], [ -7.54592940699996, 54.128602065000052 ], [ -7.548556868999981, 54.122883552000076 ], [ -7.557490627999925, 54.127768538000055 ], [ -7.565909621999936, 54.127173558000038 ], [ -7.569645209999976, 54.131995301000075 ], [ -7.575022827999931, 54.134313425000073 ], [ -7.575098401999981, 54.140995145000034 ], [ -7.583686637999961, 54.142068194000046 ], [ -7.593402982999976, 54.140177102000052 ], [ -7.608862668999961, 54.143380527000033 ], [ -7.611056137999981, 54.146624617000043 ], [ -7.616889625999931, 54.149797248000027 ], [ -7.625421499999959, 54.15443699900004 ], [ -7.625719536999952, 54.165238177000049 ], [ -7.629662, 54.170245999000031 ], [ -7.644481045999953, 54.175325880000059 ], [ -7.65774827599995, 54.186007976000042 ], [ -7.66505912599996, 54.187140219000071 ], [ -7.673133595999957, 54.181816740000045 ], [ -7.679235499999947, 54.18710149900005 ], [ -7.680104533999952, 54.191531180000027 ], [ -7.688363613999968, 54.200164606000044 ], [ -7.688759320999964, 54.205745550000074 ], [ -7.69327739199997, 54.205010956000081 ], [ -7.701695051999934, 54.206983695000076 ], [ -7.711828689999948, 54.203864970000041 ], [ -7.738111763999939, 54.203895550000027 ], [ -7.744223575999968, 54.204960942000071 ], [ -7.75108970399998, 54.209225012000047 ], [ -7.767922448999968, 54.207535581000059 ], [ -7.780244360999973, 54.208522497000047 ], [ -7.80203537999995, 54.206698607000078 ], [ -7.811444499999936, 54.20098899900006 ], [ -7.814780579999933, 54.202063816000077 ], [ -7.839993499999935, 54.210185999000032 ], [ -7.859531, 54.217448999000055 ], [ -7.86139049999997, 54.21873849900004 ], [ -7.856238618999953, 54.222693787000082 ], [ -7.859754725999949, 54.229795700000068 ], [ -7.860819513999957, 54.259526458000039 ], [ -7.871219135999979, 54.265954090000037 ], [ -7.872579083999938, 54.268788726000082 ], [ -7.870307749999938, 54.287224999000045 ], [ -7.864000783999927, 54.28955763700003 ], [ -7.86336446599995, 54.290821082000036 ], [ -7.862444705999962, 54.292647251000062 ], [ -7.872462499999926, 54.294154999000057 ], [ -7.881613813999934, 54.292934004000074 ], [ -7.886970529999928, 54.299348660000078 ], [ -7.891880090999962, 54.300740229000041 ], [ -7.90106805299996, 54.300962283000047 ], [ -7.906405, 54.296596499000032 ], [ -7.911188, 54.296035999000082 ], [ -7.915372, 54.297389999000075 ], [ -7.918699499999946, 54.303233999000042 ], [ -7.926111, 54.30467599900004 ], [ -7.930643, 54.303466999000079 ], [ -7.946578, 54.304289999000048 ], [ -7.955657499999973, 54.309221499000046 ], [ -7.961623499999973, 54.31246199900005 ], [ -7.96354, 54.320640499000035 ], [ -7.972523, 54.331092999000077 ], [ -7.975351, 54.332512999000073 ], [ -7.981691955999963, 54.335935104000043 ], [ -7.988018065999938, 54.344568863000063 ], [ -7.999641378999968, 54.348174375000042 ], [ -7.998379118999935, 54.355836080000074 ], [ -8.003651323999975, 54.359768521000035 ], [ -8.00878789199993, 54.360546102000058 ], [ -8.018204022999953, 54.357086115000072 ], [ -8.025915452999925, 54.359661416000051 ], [ -8.029589027999975, 54.358318586000053 ], [ -8.032020043999978, 54.357429934000038 ], [ -8.039629003999949, 54.362379864000047 ], [ -8.045140499999945, 54.362928499000077 ], [ -8.056920204999926, 54.367063848000043 ], [ -8.075276, 54.38856449900004 ], [ -8.098721100999967, 54.407098593000057 ], [ -8.108679384999959, 54.412473749000071 ], [ -8.132519499999944, 54.425338999000076 ], [ -8.155991173999951, 54.437952055000039 ], [ -8.160128851999957, 54.440258828000026 ], [ -8.161574685999938, 54.442091293000033 ], [ -8.160277832999952, 54.443907318000072 ], [ -8.155991173999951, 54.445011940000029 ], [ -8.150313580999978, 54.444789942000057 ], [ -8.14387216199998, 54.450963783000077 ], [ -8.155991173999951, 54.456083400000068 ], [ -8.167692, 54.459449999000071 ], [ -8.169781499999942, 54.460952999000028 ], [ -8.170397499999979, 54.462383499000055 ], [ -8.170177499999966, 54.464538499000071 ], [ -8.177718, 54.464973499000052 ], [ -8.173132, 54.467498999000043 ], [ -8.163995, 54.469226999000057 ], [ -8.155991173999951, 54.469627884000033 ], [ -8.148382, 54.470008999000072 ], [ -8.125899499999946, 54.46911299900006 ], [ -8.114679499999966, 54.469234499000038 ], [ -8.112221499999976, 54.470493499000042 ], [ -8.114667052999948, 54.473727179000036 ], [ -8.112764740999978, 54.476132070000062 ], [ -8.108679384999959, 54.476318763000052 ], [ -8.092235364999965, 54.477070213000047 ], [ -8.098600499999975, 54.48430249900008 ], [ -8.085496464999949, 54.48742607500003 ], [ -8.046351022999943, 54.488313758000061 ], [ -8.043355363999979, 54.48838168900005 ], [ -8.038500793999958, 54.501953592000064 ], [ -8.040568383999926, 54.50617696300003 ], [ -8.034663499999965, 54.514359499000079 ], [ -8.029589027999975, 54.51893278700004 ], [ -8.01325474999993, 54.533650323000074 ], [ -8.006003499999963, 54.545951999000067 ], [ -7.990488021999965, 54.543472589000032 ], [ -7.971404772999961, 54.546980517000065 ], [ -7.950882363999938, 54.534230090000051 ], [ -7.944248682999955, 54.535521822000078 ], [ -7.93564747399995, 54.533601351000073 ], [ -7.906978249999952, 54.537215997000033 ], [ -7.895106337999948, 54.535496059000081 ], [ -7.857493373999944, 54.536319566000032 ], [ -7.850376184999959, 54.533745833000069 ], [ -7.843388, 54.537329499000066 ], [ -7.830889508999974, 54.540888593000034 ], [ -7.824630013999979, 54.544618357000047 ], [ -7.832015497999976, 54.552436014000079 ], [ -7.819747371999938, 54.56217420400003 ], [ -7.814780579999933, 54.563748645000032 ], [ -7.801239734999967, 54.568678048000038 ], [ -7.79745933199996, 54.57204471700004 ], [ -7.798615000999973, 54.576615393000054 ], [ -7.791985499999953, 54.581603999000038 ], [ -7.786536275999936, 54.580565826000054 ], [ -7.761195823999969, 54.586628277000045 ], [ -7.760996950999981, 54.593018058000041 ], [ -7.750331410999934, 54.598727045000032 ], [ -7.703411499999959, 54.608287999000027 ], [ -7.695808621999959, 54.611580310000079 ], [ -7.694349056999954, 54.618401178000056 ], [ -7.705321157999947, 54.619936940000059 ], [ -7.703571988999954, 54.628503156000079 ], [ -7.708061894999958, 54.633981149000078 ], [ -7.717325940999956, 54.628778192000027 ], [ -7.735536642999932, 54.623375671000076 ], [ -7.739750632999971, 54.618712228000049 ], [ -7.752199456999961, 54.618681552000055 ], [ -7.757669936999946, 54.624876406000055 ], [ -7.771272134999947, 54.621171090000075 ], [ -7.782719135999969, 54.63220950200008 ], [ -7.800114846999975, 54.633318830000064 ], [ -7.806072, 54.637305999000034 ], [ -7.814780579999933, 54.642614765000076 ], [ -7.827603173999933, 54.633577446000061 ], [ -7.840258482999957, 54.633963330000029 ], [ -7.850204275999943, 54.631257766000033 ], [ -7.854182, 54.631904999000028 ], [ -7.850868374999948, 54.635350813000059 ], [ -7.856187965999936, 54.63914853600005 ], [ -7.85686153499995, 54.650315357000068 ], [ -7.877564854999946, 54.65537383700007 ], [ -7.892453499999931, 54.656631999000069 ], [ -7.897312499999941, 54.658683999000061 ], [ -7.898649499999976, 54.660309999000049 ], [ -7.911017499999957, 54.670089999000027 ], [ -7.912738303999959, 54.675185844000055 ], [ -7.900175574999935, 54.684616626000036 ], [ -7.898466499999927, 54.688470360000053 ], [ -7.900253548999956, 54.690728492000062 ], [ -7.908461571999965, 54.690084974000058 ], [ -7.913464374999933, 54.694492216000071 ], [ -7.920417307999969, 54.696872797000026 ], [ -7.917171499999938, 54.702674999000067 ], [ -7.895933986999978, 54.701369142000033 ], [ -7.889922697999964, 54.703714680000076 ], [ -7.879123240999945, 54.703386312000077 ], [ -7.85551750299993, 54.726025357000026 ], [ -7.837490288999959, 54.735896978000028 ], [ -7.833476, 54.736397499000077 ], [ -7.820781476999969, 54.73485716600004 ], [ -7.814780579999933, 54.727964452000037 ], [ -7.804162226999949, 54.718942672000082 ], [ -7.787847499999941, 54.719123999000033 ], [ -7.780124898999929, 54.716252216000044 ], [ -7.775830171999928, 54.709654254000043 ], [ -7.747165715999927, 54.704515751000031 ], [ -7.73360373099996, 54.716564520000077 ], [ -7.71294007299997, 54.724600244000044 ], [ -7.698186739999926, 54.724682011000027 ], [ -7.690602084999966, 54.728377927000054 ], [ -7.67829285199997, 54.730914855000037 ], [ -7.668249, 54.73708349900005 ], [ -7.66754549999996, 54.737407499000028 ], [ -7.646099499999934, 54.747295499000074 ], [ -7.638376, 54.751437999000075 ], [ -7.620144, 54.74547749900006 ], [ -7.616889625999931, 54.743513462000067 ], [ -7.612513, 54.744323499000075 ], [ -7.610549, 54.744286999000053 ], [ -7.606575499999963, 54.744212999000069 ], [ -7.601524, 54.745616999000049 ], [ -7.598952, 54.74580749900008 ], [ -7.591005499999937, 54.744106499000054 ], [ -7.585007684999937, 54.749212370000066 ], [ -7.578460140999937, 54.749740014000054 ], [ -7.57613934699998, 54.748077829000067 ], [ -7.577659540999946, 54.743288738000047 ], [ -7.557754900999953, 54.744803753000042 ], [ -7.548184305999939, 54.740521476000026 ], [ -7.535628602999964, 54.747267627000042 ], [ -7.546844325999928, 54.755731382000079 ], [ -7.547355085999925, 54.765054640000074 ], [ -7.547776211999974, 54.772740127000077 ], [ -7.544147047999957, 54.785147514000073 ], [ -7.548892, 54.789589499000044 ], [ -7.540607116999979, 54.799507190000043 ], [ -7.535045499999967, 54.802123999000059 ], [ -7.528826055999957, 54.802996252000071 ], [ -7.527837846999944, 54.807106633000046 ], [ -7.516971563999959, 54.808610099000077 ], [ -7.483591, 54.824271999000075 ], [ -7.481621, 54.827632999000059 ], [ -7.48139, 54.829372499000044 ], [ -7.471488281999939, 54.834863607000045 ], [ -7.47003849999993, 54.839679499000056 ], [ -7.466121499999929, 54.844165499000042 ], [ -7.449670669999932, 54.864792355000077 ], [ -7.444686900999955, 54.869211126000039 ], [ -7.442299009999942, 54.874162898000066 ], [ -7.444402, 54.883846499000072 ], [ -7.445037, 54.884914499000047 ], [ -7.445711, 54.886047499000028 ], [ -7.447990499999946, 54.888643499000068 ], [ -7.449670669999932, 54.888181795000037 ], [ -7.449670669999932, 54.890554546000033 ], [ -7.45324420999998, 54.897090995000042 ], [ -7.45204843099998, 54.901727774000051 ], [ -7.449670669999932, 54.904891633000034 ], [ -7.44630049999995, 54.909229499000048 ], [ -7.445360499999936, 54.912482999000076 ], [ -7.448312, 54.923473499000067 ], [ -7.447990499999946, 54.934089499000038 ], [ -7.447072, 54.93561549900005 ], [ -7.445009499999969, 54.93701149900005 ], [ -7.438493499999936, 54.939620999000056 ], [ -7.425158499999952, 54.943332499000064 ], [ -7.411333499999955, 54.943114999000045 ], [ -7.407891, 54.94227199900007 ], [ -7.40372, 54.942039499000032 ], [ -7.391931, 54.945487999000079 ], [ -7.398617844999933, 54.947357347000036 ], [ -7.406700330999968, 54.955314365000049 ], [ -7.403301042999942, 54.959691680000049 ], [ -7.406463365999969, 54.96388315400003 ], [ -7.401197930999956, 54.97177960700003 ], [ -7.405929968999942, 54.982959359000063 ], [ -7.391747892999945, 54.997149656000033 ], [ -7.405718499999978, 55.003535999000064 ], [ -7.391421, 55.020179499000051 ], [ -7.39046704499998, 55.022544681000056 ], [ -7.377689878999945, 55.028577938000069 ], [ -7.368376499999954, 55.036926999000059 ], [ -7.366782, 55.038867999000047 ], [ -7.362215297999967, 55.039953849000028 ], [ -7.356362585999932, 55.045244959000058 ], [ -7.344001926999965, 55.050542270000051 ], [ -7.332725, 55.049928999000031 ], [ -7.319829022999954, 55.045439007000027 ], [ -7.312546499999939, 55.049581499000055 ], [ -7.299584114999959, 55.055623879000052 ], [ -7.287764340999956, 55.048067624000055 ], [ -7.277771474999952, 55.054206592000071 ], [ -7.271804652999947, 55.063687024000046 ], [ -7.265604971999949, 55.066179998000052 ], [ -7.256068499999969, 55.067034999000043 ], [ -7.255889392999402, 55.065826753780698 ], [ -7.25642335445383, 55.06561112435412 ], [ -7.255820546613721, 55.065362320139897 ], [ -7.255428967999933, 55.062720754000054 ], [ -7.251446551990057, 55.063556988120368 ], [ -7.24706485572475, 55.061748477308576 ], [ -7.254026231999944, 55.051579837000077 ], [ -7.253900177890051, 55.05075940144782 ], [ -7.254171014080725, 55.050382256635942 ], [ -7.286700845067628, 55.027374029288069 ], [ -7.296338320057146, 55.016782521996049 ], [ -7.318853854721226, 55.006705760562625 ], [ -7.315986513866164, 54.992884874137758 ], [ -7.322330236251162, 54.989378571264126 ], [ -7.345097541518044, 54.985182523454853 ], [ -7.356590867374337, 54.978273153583189 ], [ -7.371434568950008, 54.95694935283052 ], [ -7.358825206917572, 54.962328433610594 ], [ -7.350970744903634, 54.975849032806764 ], [ -7.343001365719999, 54.982512712391951 ], [ -7.325988650455486, 54.985579848431314 ], [ -7.314227342817333, 54.991735458724463 ], [ -7.315970540108026, 55.002926826411965 ], [ -7.291532158681775, 55.008399963687452 ], [ -7.287472248445283, 55.012136578440334 ], [ -7.286904454276623, 55.023787975434914 ], [ -7.262403846060351, 55.042958140006249 ], [ -7.237463951400002, 55.04673767130663 ], [ -7.236394901458259, 55.048133087146802 ], [ -7.234732962999942, 55.048398891000033 ], [ -7.233659481696648, 55.051703592055723 ], [ -7.229855825195764, 55.056668451343079 ], [ -7.225545584999963, 55.059974150000073 ], [ -7.210767417999932, 55.056732791000059 ], [ -7.187714755153546, 55.060223974379952 ], [ -7.157619238037114, 55.059083223512005 ], [ -7.14775943714784, 55.056798100152321 ], [ -7.147656393362059, 55.050284182576398 ], [ -7.148325, 55.04943399900003 ], [ -7.147946689999969, 55.045244959000058 ], [ -7.149065499999949, 55.043380499000079 ], [ -7.14551145799993, 55.045139388000052 ], [ -7.137095200628663, 55.043666038069652 ], [ -7.132735967390602, 55.042161226459541 ], [ -7.129029700669085, 55.042254091728203 ], [ -7.127522178999925, 55.041990185000031 ], [ -7.120411712254752, 55.042470026486704 ], [ -7.108167409997634, 55.0427768231919 ], [ -7.072145462043011, 55.045788407209443 ], [ -7.061024086135728, 55.047747929713324 ], [ -7.059784672999967, 55.04788878100004 ], [ -7.058874548789799, 55.048126665837117 ], [ -7.053062557790668, 55.049150705241061 ], [ -7.052460743092121, 55.049803082205742 ], [ -7.044551707999972, 55.051870316000077 ], [ -7.043446852999978, 55.055473421000045 ], [ -7.041081, 55.055732499000044 ], [ -7.043141067825033, 55.058161226537443 ], [ -7.019557237576237, 55.071379422722146 ], [ -7.018039652940555, 55.074429573093113 ], [ -7.013780499999939, 55.079925499000069 ], [ -7.022361751999938, 55.088333337000051 ], [ -7.020382638696406, 55.096959403118476 ], [ -7.019023919397707, 55.100758238881753 ], [ -7.012942900153555, 55.104651770566463 ], [ -7.0076838440394, 55.106374566454171 ], [ -6.993789599999957, 55.106488303000049 ], [ -6.992336944328273, 55.11374441388395 ], [ -6.987513542315867, 55.117688656206724 ], [ -6.975466012845743, 55.137134909948202 ], [ -6.973962887321574, 55.140253865485569 ], [ -6.968616150999935, 55.148567361000062 ], [ -6.965599536040492, 55.157607652890299 ], [ -6.962157130246851, 55.164750576378253 ], [ -6.961735277864001, 55.172448569813341 ], [ -6.960558723999952, 55.179237175000083 ], [ -6.961275310851889, 55.180842081817886 ], [ -6.961132168414565, 55.183454155584911 ], [ -6.96497976760196, 55.190232157888147 ], [ -6.952680554593962, 55.192490414083416 ], [ -6.949741779133267, 55.191164021915661 ], [ -6.917501330022048, 55.174793600644364 ], [ -6.88946330508702, 55.169223070388455 ], [ -6.851075410801286, 55.166923880732725 ], [ -6.848212528070597, 55.167072038357411 ], [ -6.845767, 55.166908499000044 ], [ -6.82022749999993, 55.167331999000055 ], [ -6.80742166899995, 55.167715005000048 ], [ -6.797280321662925, 55.168018316160811 ], [ -6.787154554938468, 55.167187213918908 ], [ -6.774332046386633, 55.168759942017743 ], [ -6.767624437422325, 55.168549391866222 ], [ -6.766073544999927, 55.167665230000068 ], [ -6.759952514366698, 55.168308572138891 ], [ -6.75007605556516, 55.1679985525912 ], [ -6.729007720729385, 55.170575141729557 ], [ -6.728258004428561, 55.172325881463806 ], [ -6.725498863999974, 55.173509720000027 ], [ -6.725394682904978, 55.179012318397028 ], [ -6.724741538439863, 55.180537543293468 ], [ -6.720971187999965, 55.183508154000037 ], [ -6.719806823999932, 55.184761524000066 ], [ -6.720971187999965, 55.186531540000033 ], [ -6.721677432368842, 55.187692852898707 ], [ -6.720696926521669, 55.189982533067621 ], [ -6.720009638177306, 55.19013701408381 ], [ -6.713207, 55.188998999000034 ], [ -6.707876661999933, 55.192844691000062 ], [ -6.70080386199993, 55.193071874000054 ], [ -6.694195223242158, 55.19593929064542 ], [ -6.690583710571123, 55.196751046223675 ], [ -6.679109663999952, 55.19890317100004 ], [ -6.667785533999961, 55.199082856000075 ], [ -6.666846461425676, 55.199097756600743 ], [ -6.659150361799561, 55.199164747854866 ], [ -6.659274591369566, 55.199667824028737 ], [ -6.658164245999956, 55.199861974000044 ], [ -6.658164245999956, 55.202097105000064 ], [ -6.656641918999981, 55.205555640000057 ], [ -6.658164245999956, 55.207411740000055 ], [ -6.661938040999928, 55.212012573000038 ], [ -6.658164245999956, 55.212210785000082 ], [ -6.651005502765529, 55.20845864085603 ], [ -6.644896864598195, 55.203775167290246 ], [ -6.630942772676613, 55.207711100117329 ], [ -6.628764633507612, 55.208031422907965 ], [ -6.613366842305481, 55.206223726244104 ], [ -6.608452264014856, 55.206791645972935 ], [ -6.603822570999967, 55.206403676000036 ], [ -6.590839597380222, 55.208826933696017 ], [ -6.582620143904194, 55.209776758790497 ], [ -6.57308293794693, 55.213419018275928 ], [ -6.556302445999961, 55.218625835000068 ], [ -6.54760582199998, 55.217077893000067 ], [ -6.543112973999939, 55.219710133000035 ], [ -6.536326499999973, 55.219570499000042 ], [ -6.533773487903764, 55.221549847972305 ], [ -6.528866052725903, 55.224452019145474 ], [ -6.529088229662531, 55.22518232629011 ], [ -6.527949215999968, 55.226065403000064 ], [ -6.530004128144211, 55.228192932229149 ], [ -6.531030297926028, 55.23156600566621 ], [ -6.53033577399998, 55.233194156000081 ], [ -6.506748202999972, 55.240827486000057 ], [ -6.50243747199994, 55.24689526800006 ], [ -6.490441674999943, 55.248134715000049 ], [ -6.48269165399995, 55.251576413000066 ], [ -6.470185622999963, 55.250701691000074 ], [ -6.4661946423143, 55.248805437684986 ], [ -6.462392279948649, 55.246689761469732 ], [ -6.460441157999981, 55.242875510000033 ], [ -6.451679127999967, 55.239167476000034 ], [ -6.41785237299996, 55.237461148000079 ], [ -6.413755450263033, 55.235138619506216 ], [ -6.410272240471272, 55.232102036479944 ], [ -6.39894187446771, 55.232158541783292 ], [ -6.38626575486029, 55.237300634117275 ], [ -6.386215204312639, 55.238667276858301 ], [ -6.383095499999968, 55.240348999000048 ], [ -6.380156242999931, 55.242274407000082 ], [ -6.373235899999941, 55.242968 ], [ -6.369555086568975, 55.245994659277137 ], [ -6.368885378323381, 55.245807844801156 ], [ -6.361753584999974, 55.242796591000058 ], [ -6.358426041999962, 55.241443652000044 ], [ -6.354691940537525, 55.241848598876082 ], [ -6.347090602149365, 55.239728212786929 ], [ -6.345357269235664, 55.23963507642997 ], [ -6.344600192999962, 55.239300464000053 ], [ -6.335916443230559, 55.239127796995149 ], [ -6.333202361899168, 55.238981962547712 ], [ -6.323256581909909, 55.234962504649516 ], [ -6.311131207999949, 55.229681979000077 ], [ -6.308848594544485, 55.229845897173014 ], [ -6.29199118335672, 55.22869525636181 ], [ -6.287526269999944, 55.22512250300008 ], [ -6.277559558827445, 55.222300869247029 ], [ -6.258759260031354, 55.213079452454792 ], [ -6.257929911988064, 55.212894126099741 ], [ -6.256996499999957, 55.212379499000065 ], [ -6.254415009891447, 55.212108685054574 ], [ -6.244895664510978, 55.209981489366207 ], [ -6.238117, 55.204921499000079 ], [ -6.225830856999949, 55.205420611000079 ], [ -6.210698401762738, 55.209421281932443 ], [ -6.197387462038729, 55.211351753806156 ], [ -6.19305716599996, 55.211393799000064 ], [ -6.180076895714791, 55.213862287404773 ], [ -6.17867124048513, 55.214066148134464 ], [ -6.178538002938351, 55.214154942248726 ], [ -6.178112668999972, 55.214235829000074 ], [ -6.158133933999977, 55.225892592000037 ], [ -6.146236442999964, 55.227510117000065 ], [ -6.135719821999942, 55.22453097600004 ], [ -6.115764314999979, 55.210310453000034 ], [ -6.11532089420827, 55.210264293720456 ], [ -6.11434805401916, 55.209526061978011 ], [ -6.110725607105434, 55.209785932881054 ], [ -6.107675937999943, 55.209468468000068 ], [ -6.103352918145932, 55.209018443043071 ], [ -6.096006856801415, 55.2064704352156 ], [ -6.075118466999925, 55.19869986100008 ], [ -6.072307994636054, 55.198250399543753 ], [ -6.063701362574292, 55.19526515822421 ], [ -6.063299676999975, 55.190834787000028 ], [ -6.054141541304783, 55.183492785852359 ], [ -6.051766042405652, 55.179804014245207 ], [ -6.049835450999979, 55.175405158000046 ], [ -6.048274238203715, 55.174381798220381 ], [ -6.047155141696123, 55.172644019506038 ], [ -6.044857022652237, 55.172141846714609 ], [ -6.044802199999936, 55.172105911000074 ], [ -6.034308625256964, 55.169012003116499 ], [ -6.031470262083258, 55.166067084263013 ], [ -6.026720153999975, 55.159372534000056 ], [ -6.026201264999941, 55.141308597000034 ], [ -6.034325659746772, 55.134404654535736 ], [ -6.040622353938261, 55.131160855689075 ], [ -6.03968875092927, 55.129847210675784 ], [ -6.040924055999938, 55.128797474000066 ], [ -6.035552871999926, 55.121185023000066 ], [ -6.035878418863029, 55.104501861435061 ], [ -6.036300676110939, 55.103735160817408 ], [ -6.047719, 55.091651999000078 ], [ -6.053197629428499, 55.085432602000928 ], [ -6.054447770248089, 55.084377646211522 ], [ -6.054370000692355, 55.084101713972181 ], [ -6.05438546299996, 55.084084161000078 ], [ -6.052509862999955, 55.076493577000065 ], [ -6.054629410483425, 55.070093868130385 ], [ -6.058993459180556, 55.063476324472902 ], [ -6.052823812397379, 55.059607745785137 ], [ -6.049655907999977, 55.056456192000041 ], [ -6.045618082155007, 55.05508950747668 ], [ -6.043257355842002, 55.053609251665762 ], [ -6.024449229547997, 55.057065248262745 ], [ -6.022490169929152, 55.057194635086368 ], [ -6.013547350999943, 55.057110790000081 ], [ -6.007811211168455, 55.058164112395694 ], [ -5.990670236092101, 55.059296194491381 ], [ -5.986924207621666, 55.058834971282835 ], [ -5.976902192782176, 55.056204105358255 ], [ -5.974059860523438, 55.055457968458072 ], [ -5.968348458613569, 55.052818187251063 ], [ -5.963862864146603, 55.046147577249862 ], [ -5.966937640962349, 55.037842476519181 ], [ -5.972543716419182, 55.029648662056275 ], [ -5.971803280237611, 55.024700181412342 ], [ -5.974279107956511, 55.018012867233317 ], [ -5.977984666958548, 55.013466834926646 ], [ -5.977252552657244, 55.009981468781817 ], [ -5.978104394999946, 55.007680607000054 ], [ -5.984751647165487, 55.001361586003242 ], [ -5.986496448851597, 55.000224948222865 ], [ -5.986545718765346, 54.998595837381899 ], [ -5.990211007414985, 54.990400488100043 ], [ -5.992898344782418, 54.988494276889526 ], [ -5.981633305532171, 54.978932857565326 ], [ -5.976875496772019, 54.979981599975346 ], [ -5.965815181999972, 54.979283448000047 ], [ -5.960004156571549, 54.974628509259453 ], [ -5.957646846924149, 54.970619678355604 ], [ -5.954820936495426, 54.970476475813626 ], [ -5.953993486999934, 54.969813645000045 ], [ -5.945222948741005, 54.969990099377078 ], [ -5.934990906599995, 54.969471592339715 ], [ -5.921001055867789, 54.963191428605846 ], [ -5.918121808408372, 54.961683059403754 ], [ -5.898336537099962, 54.941107242927963 ], [ -5.889703228957244, 54.926948574027818 ], [ -5.888511734999952, 54.92468841200008 ], [ -5.88234573799997, 54.912988347000066 ], [ -5.879562243026741, 54.910317305951047 ], [ -5.878220558431622, 54.908116936447641 ], [ -5.87641171353625, 54.907294058675156 ], [ -5.87474949999995, 54.905698999000037 ], [ -5.86192388268799, 54.900703270262596 ], [ -5.858721256380363, 54.899246334950533 ], [ -5.856671380376973, 54.899627663246115 ], [ -5.845280673687542, 54.900165156989573 ], [ -5.836578845936515, 54.879935741241582 ], [ -5.828696044950035, 54.877910689784635 ], [ -5.820574017486413, 54.874449738661184 ], [ -5.813168958742414, 54.869325394837055 ], [ -5.810207442999967, 54.867171573000064 ], [ -5.806966, 54.861259499000028 ], [ -5.799492944915792, 54.85458534047622 ], [ -5.797593424786089, 54.852268091946108 ], [ -5.797077378941516, 54.849035738412063 ], [ -5.804923534592945, 54.844964146578207 ], [ -5.805608732834904, 54.843597828093621 ], [ -5.814966298999934, 54.845916481000074 ], [ -5.813537499999939, 54.843015499000046 ], [ -5.810398896665314, 54.834046009386412 ], [ -5.812074064865953, 54.830705642851342 ], [ -5.800948142642255, 54.822747945861124 ], [ -5.787907219991484, 54.819694682660121 ], [ -5.781155466999962, 54.817590395000082 ], [ -5.778801719531956, 54.817562817436752 ], [ -5.770393967507346, 54.81559431562539 ], [ -5.766605392906576, 54.817419919791853 ], [ -5.760254851999946, 54.817345514000067 ], [ -5.759528184750997, 54.817215710409407 ], [ -5.746540405005173, 54.813186228171304 ], [ -5.74565107899997, 54.81270048500005 ], [ -5.744372012999975, 54.809851330000072 ], [ -5.749947175999978, 54.80871073600008 ], [ -5.745282118590795, 54.803723522117814 ], [ -5.745965600032093, 54.802629351763244 ], [ -5.732836337948129, 54.790208934859137 ], [ -5.723221881999962, 54.775117795000028 ], [ -5.721779, 54.772852499000066 ], [ -5.720909, 54.772636499000043 ], [ -5.72071700999993, 54.775117795000028 ], [ -5.72001110399998, 54.784239699000068 ], [ -5.724344943999938, 54.785257223000031 ], [ -5.720138203999966, 54.789399152000044 ], [ -5.724462548646716, 54.796457927070414 ], [ -5.723439573876874, 54.797820210034672 ], [ -5.727032812483285, 54.800653456283712 ], [ -5.734857788999932, 54.813426432000028 ], [ -5.735414850373768, 54.813691674237262 ], [ -5.735418557919616, 54.813702702317983 ], [ -5.735564329618001, 54.813762848098925 ], [ -5.751508614999977, 54.821354647000078 ], [ -5.751509972816265, 54.821360240941189 ], [ -5.751435756954322, 54.825232148545012 ], [ -5.753230030677882, 54.825828353765324 ], [ -5.768216062999954, 54.831668508000064 ], [ -5.776683813999966, 54.838664710000046 ], [ -5.788130592892597, 54.844302076905706 ], [ -5.784029038899952, 54.851728086694628 ], [ -5.783015316999979, 54.851843495000082 ], [ -5.780260842999951, 54.857838393000065 ], [ -5.768739830999948, 54.852540602000033 ], [ -5.767957853096853, 54.852747294265257 ], [ -5.76657784009501, 54.852074027494439 ], [ -5.765848330220532, 54.853304882990116 ], [ -5.763023316999977, 54.85405159000004 ], [ -5.761702438999976, 54.858890313000074 ], [ -5.746346802999938, 54.855144211000038 ], [ -5.730991642999925, 54.848249244000044 ], [ -5.724952046746147, 54.847299406331658 ], [ -5.724562982243335, 54.847144792854529 ], [ -5.712404424084372, 54.835699929271243 ], [ -5.711092875066146, 54.834277404905372 ], [ -5.69239354399997, 54.810222124000063 ], [ -5.690425522493912, 54.804938962727242 ], [ -5.691486389556131, 54.79381920557708 ], [ -5.694492603999947, 54.775117795000028 ], [ -5.689561153999932, 54.767211173000078 ], [ -5.70191449999993, 54.758529499000076 ], [ -5.705623007999975, 54.753281052000034 ], [ -5.710023964014724, 54.747051670802918 ], [ -5.711091161084497, 54.745934049801214 ], [ -5.717692774441289, 54.742607550986307 ], [ -5.732296741274721, 54.737256388231657 ], [ -5.734807499999931, 54.736774499000035 ], [ -5.748942272999955, 54.726226456000063 ], [ -5.772429, 54.723415499000055 ], [ -5.777182488581498, 54.723089275842966 ], [ -5.777632951499186, 54.723214149213732 ], [ -5.778297972524002, 54.723012722236668 ], [ -5.779379499999948, 54.722938499000065 ], [ -5.786554, 54.721492999000077 ], [ -5.796507499999962, 54.718135999000026 ], [ -5.798846072338001, 54.716788946633415 ], [ -5.804825067822208, 54.714977979849948 ], [ -5.805063025095757, 54.713207889597371 ], [ -5.808909650999965, 54.710992176000047 ], [ -5.817765165999958, 54.709281278000049 ], [ -5.82494, 54.710082999000065 ], [ -5.830590981216458, 54.708118385461205 ], [ -5.831257819992175, 54.708063364232999 ], [ -5.831809474789461, 54.707694765406771 ], [ -5.839738435999948, 54.704938192000043 ], [ -5.844611825999948, 54.699923370000079 ], [ -5.855513675269766, 54.695139445297976 ], [ -5.855532049963813, 54.695133447850424 ], [ -5.855549348335981, 54.695123791324193 ], [ -5.860535, 54.692935999000042 ], [ -5.863379499999951, 54.690761499000075 ], [ -5.868339499999934, 54.688770499000043 ], [ -5.872610499999951, 54.685638499000049 ], [ -5.878580499999941, 54.683330499000078 ], [ -5.888319, 54.677863999000067 ], [ -5.895073499999967, 54.674072499000033 ], [ -5.896720773999959, 54.672601358000065 ], [ -5.902592499999969, 54.658920499000033 ], [ -5.90465949999998, 54.655746499000031 ], [ -5.912705, 54.649314999000069 ], [ -5.910717499999976, 54.648689499000056 ], [ -5.912931499999956, 54.648036999000055 ], [ -5.910404550329385, 54.647412647318184 ], [ -5.914363622582869, 54.642712950542375 ], [ -5.898431778203644, 54.639186858986534 ], [ -5.861933922746009, 54.635412515499119 ], [ -5.855336, 54.633769999000037 ], [ -5.854089702123571, 54.63460132309757 ], [ -5.853776454619322, 54.634568929312707 ], [ -5.853159805492315, 54.635221596542941 ], [ -5.849451, 54.637695499000074 ], [ -5.84724749999998, 54.640075499000034 ], [ -5.838449, 54.642307499000026 ], [ -5.83768085823671, 54.642770673562922 ], [ -5.82917726002222, 54.644984245026933 ], [ -5.821922239471316, 54.651579084968702 ], [ -5.805738872999939, 54.658827788000053 ], [ -5.773583479559478, 54.667458984260499 ], [ -5.77064025404411, 54.668108225014805 ], [ -5.766477263944084, 54.669366444723053 ], [ -5.761395499999935, 54.670730499000058 ], [ -5.740615248999973, 54.676941257000067 ], [ -5.736420228999975, 54.673155569000073 ], [ -5.725400517957149, 54.669029024034423 ], [ -5.723216533915434, 54.667689561823977 ], [ -5.721933070390653, 54.667730570904062 ], [ -5.721305451999967, 54.667495547000044 ], [ -5.698513090999938, 54.667932777000033 ], [ -5.69287049999997, 54.66578449900004 ], [ -5.679788499999972, 54.668704499000057 ], [ -5.672878867999941, 54.66356868500003 ], [ -5.664111958830381, 54.667218878553228 ], [ -5.651376605145799, 54.66589355454397 ], [ -5.651063984336491, 54.665953210519547 ], [ -5.650941499999931, 54.66584799900005 ], [ -5.641746030999968, 54.666667260000054 ], [ -5.637978967971051, 54.668450163356532 ], [ -5.635930180632897, 54.668841123918867 ], [ -5.636199508107816, 54.669292359236593 ], [ -5.634950499999945, 54.669883499000036 ], [ -5.636580374999937, 54.67757660400008 ], [ -5.630403976999958, 54.679844850000052 ], [ -5.613078951999967, 54.675327905000074 ], [ -5.610142682592206, 54.675643727236114 ], [ -5.608900546622522, 54.675142168976151 ], [ -5.606404907565328, 54.676045758624547 ], [ -5.597629683999969, 54.676989613000046 ], [ -5.589400499999954, 54.674715499000058 ], [ -5.585244315373726, 54.676904150738224 ], [ -5.582655271794749, 54.676620769422293 ], [ -5.576791625999931, 54.674761849000049 ], [ -5.571736311999928, 54.668536622000033 ], [ -5.568378411999959, 54.664401100000077 ], [ -5.565535456277007, 54.662906158294376 ], [ -5.564644217156683, 54.661915779390085 ], [ -5.553649425080664, 54.656034111585029 ], [ -5.551534553545755, 54.655819786306232 ], [ -5.542577724999944, 54.653935250000075 ], [ -5.537903551868915, 54.646018320666471 ], [ -5.537530064860221, 54.643369317140412 ], [ -5.530069968326761, 54.641505148147111 ], [ -5.528357238999945, 54.637840048000044 ], [ -5.531708737973105, 54.629122442524164 ], [ -5.534581422594272, 54.624093174660345 ], [ -5.531931229662533, 54.618169873790492 ], [ -5.532348, 54.617549999000062 ], [ -5.530962, 54.615573999000048 ], [ -5.530671837369651, 54.615355075149012 ], [ -5.52520525461847, 54.603137015860796 ], [ -5.521623732292687, 54.599493400532943 ], [ -5.520047674999944, 54.596595676000049 ], [ -5.517767080858722, 54.595569886172079 ], [ -5.51545512695202, 54.593217849823986 ], [ -5.510501785441021, 54.592301982562539 ], [ -5.505220973115295, 54.589926525947845 ], [ -5.502412080352883, 54.580829858611025 ], [ -5.500986255833738, 54.580333603742247 ], [ -5.500558189999936, 54.579332045000058 ], [ -5.497732235999933, 54.577937757000029 ], [ -5.496226208999929, 54.577194685000052 ], [ -5.491393164627361, 54.576994750921408 ], [ -5.488618306976357, 54.57602896824551 ], [ -5.479231520999974, 54.56674840200003 ], [ -5.47750949999994, 54.559127999000054 ], [ -5.480386704163847, 54.554690979689788 ], [ -5.484706401479002, 54.550640702106591 ], [ -5.484216085362385, 54.548785580782948 ], [ -5.484609956999975, 54.548178180000036 ], [ -5.483150207999927, 54.538432469000043 ], [ -5.480286776999947, 54.532849501000044 ], [ -5.479945055321511, 54.532626048933572 ], [ -5.479722261572874, 54.531783104107035 ], [ -5.47088384591251, 54.526326536840372 ], [ -5.470833622279484, 54.526156444132944 ], [ -5.471042116999968, 54.517831594000029 ], [ -5.462685, 54.498050499000044 ], [ -5.462449595396237, 54.497762205290051 ], [ -5.462113618648175, 54.496624350633454 ], [ -5.460207649480663, 54.495823997631369 ], [ -5.457104, 54.494022499000039 ], [ -5.453559173999963, 54.49285857600006 ], [ -5.452826114041827, 54.492724349353132 ], [ -5.434419876575027, 54.484995217284947 ], [ -5.437121781703507, 54.481239212653747 ], [ -5.441919446424947, 54.476964950372292 ], [ -5.440774856155977, 54.47578896164238 ], [ -5.436089657999958, 54.469409585000051 ], [ -5.436597209897649, 54.466039096616285 ], [ -5.43979883155049, 54.459851145913774 ], [ -5.437941942514604, 54.457109161204109 ], [ -5.438031146999947, 54.456516783000041 ], [ -5.448536006999973, 54.452145011000027 ], [ -5.448999626851787, 54.451583252218327 ], [ -5.449866771534062, 54.451268076560552 ], [ -5.450325236579039, 54.449977037768114 ], [ -5.450995, 54.44916549900006 ], [ -5.450788415095217, 54.448672725828168 ], [ -5.451911249713798, 54.445510820540157 ], [ -5.453559173999963, 54.442398739000055 ], [ -5.454567499999939, 54.441520499000035 ], [ -5.45521, 54.439452999000082 ], [ -5.457208854834564, 54.438746054934569 ], [ -5.45774386985713, 54.438788537156135 ], [ -5.458972499999959, 54.439502499000071 ], [ -5.461718, 54.43930799900005 ], [ -5.470984499999929, 54.436298499000031 ], [ -5.474257499999965, 54.434695999000041 ], [ -5.47875149999993, 54.430949999000063 ], [ -5.47885520901114, 54.430722352022173 ], [ -5.479522824318508, 54.430413365784318 ], [ -5.479164682825894, 54.430043039994764 ], [ -5.479479499999968, 54.429351999000062 ], [ -5.479778, 54.426357499000062 ], [ -5.479046, 54.424842999000077 ], [ -5.477208499999961, 54.423698499000068 ], [ -5.473240075999968, 54.423650307000059 ], [ -5.471597841999937, 54.419456272000048 ], [ -5.464479848999929, 54.414572234000048 ], [ -5.464696927999967, 54.398871515000053 ], [ -5.459395481999934, 54.392419731000075 ], [ -5.462229265999952, 54.384094980000043 ], [ -5.467707513321804, 54.38274857541159 ], [ -5.471644348976436, 54.382996166014472 ], [ -5.474229905999948, 54.384517422000044 ], [ -5.480302910999967, 54.384040092000077 ], [ -5.480814890727545, 54.383572908393397 ], [ -5.481565952706148, 54.3836201432552 ], [ -5.483315391702042, 54.381291190972092 ], [ -5.488392033999958, 54.376658734000046 ], [ -5.486449626999956, 54.373043184000039 ], [ -5.49286253799994, 54.366065340000034 ], [ -5.489785855999969, 54.364010782000037 ], [ -5.48295708939396, 54.364129514392211 ], [ -5.482585305493717, 54.363142499635742 ], [ -5.481560484999932, 54.357439946000056 ], [ -5.483278431999963, 54.356416994000028 ], [ -5.486551321999968, 54.357439946000056 ], [ -5.489728400999979, 54.357439946000056 ], [ -5.490915979709268, 54.355086136628302 ], [ -5.491339444759376, 54.355027079236322 ], [ -5.49145781892337, 54.354012198362014 ], [ -5.492814607999946, 54.351323010000044 ], [ -5.497122828999977, 54.350940835000074 ], [ -5.495829883999932, 54.347201452000036 ], [ -5.497732235999933, 54.343137995000063 ], [ -5.499467125999956, 54.339431890000071 ], [ -5.497732235999933, 54.336448910000058 ], [ -5.497732235999933, 54.334687520534182 ], [ -5.504484530121299, 54.331892484088556 ], [ -5.511627536999981, 54.340551290000064 ], [ -5.513742028999957, 54.343114140000068 ], [ -5.522155203999944, 54.341365175000078 ], [ -5.524486378966191, 54.342648551850715 ], [ -5.528831441648283, 54.347402567384677 ], [ -5.530013387036782, 54.349535782035495 ], [ -5.527809500607759, 54.35895717143643 ], [ -5.52976694443995, 54.359711739725626 ], [ -5.530303487999959, 54.361114185000076 ], [ -5.539823341999977, 54.36538762400005 ], [ -5.539925882999967, 54.369868631000031 ], [ -5.548125955999978, 54.379242220000037 ], [ -5.548771160075644, 54.379753370161282 ], [ -5.548812150759829, 54.379827260619834 ], [ -5.549747512441906, 54.380526866002789 ], [ -5.561838709999961, 54.390105878000043 ], [ -5.570439791999945, 54.391267467000034 ], [ -5.571736311999928, 54.392361656000048 ], [ -5.574275499999942, 54.39450449900005 ], [ -5.578892402999941, 54.402880892000042 ], [ -5.573470318999966, 54.418011736000039 ], [ -5.573680938134426, 54.418927275182249 ], [ -5.571623324956079, 54.422514558200476 ], [ -5.57072417514991, 54.423388512076876 ], [ -5.567734191999932, 54.42454878500007 ], [ -5.56343921399997, 54.429136638000045 ], [ -5.560395898490128, 54.429833741729027 ], [ -5.555394172802607, 54.429599761719999 ], [ -5.554609437746157, 54.431159191998375 ], [ -5.554019475999951, 54.431294329000082 ], [ -5.545858133999957, 54.43814614300004 ], [ -5.538571637999951, 54.438062677000062 ], [ -5.535322611999959, 54.439833240000041 ], [ -5.533560749999936, 54.452246079000076 ], [ -5.535990056999935, 54.458405063000043 ], [ -5.54130227685723, 54.461598202851654 ], [ -5.541355310537089, 54.463527510311252 ], [ -5.534919184999978, 54.468656615000043 ], [ -5.538660879999952, 54.471083736000082 ], [ -5.538815607999936, 54.475614225000072 ], [ -5.538173377999954, 54.479476445000046 ], [ -5.533447255999931, 54.483189949000064 ], [ -5.538443477528478, 54.484389039657088 ], [ -5.537080645755054, 54.489344954706155 ], [ -5.537803878214877, 54.489780821607475 ], [ -5.537797713999964, 54.489790269000082 ], [ -5.539153499999941, 54.495226999000067 ], [ -5.54699194899996, 54.497212226000045 ], [ -5.546662355999956, 54.503483470000049 ], [ -5.550935711999955, 54.507492186000036 ], [ -5.549597022999933, 54.510677067000074 ], [ -5.553220497999973, 54.512479920000033 ], [ -5.551323074999971, 54.518197566000026 ], [ -5.555478424999933, 54.521181229000035 ], [ -5.555587062169969, 54.521397214021327 ], [ -5.556856632327424, 54.531012058659428 ], [ -5.56091430102242, 54.531988467425592 ], [ -5.561161212999934, 54.532479361000071 ], [ -5.569759061999946, 54.534692139000072 ], [ -5.571736311999928, 54.534252464000076 ], [ -5.579966236999951, 54.532422352000026 ], [ -5.58714, 54.536981999000034 ], [ -5.588600593999956, 54.540140635000057 ], [ -5.59195951868067, 54.540945217887298 ], [ -5.595039664239271, 54.543929223039932 ], [ -5.595903322999959, 54.54784952600005 ], [ -5.605552092999972, 54.549954417000038 ], [ -5.613269686999956, 54.557630450000033 ], [ -5.61343163388706, 54.557664360518196 ], [ -5.613702178112817, 54.557940244646431 ], [ -5.616068969029444, 54.558216599606226 ], [ -5.632919489999949, 54.561744978000036 ], [ -5.638358214999926, 54.562196005000033 ], [ -5.640240499999948, 54.564824999000052 ], [ -5.651681165820195, 54.567673425034712 ], [ -5.669141173515414, 54.577529356838319 ], [ -5.671531, 54.579112999000074 ], [ -5.672372540587834, 54.579353418663153 ], [ -5.675834187781891, 54.581307470417784 ], [ -5.676699499999927, 54.582163499000046 ], [ -5.679648499999928, 54.583186499000078 ], [ -5.68567, 54.582353999000077 ], [ -5.687048466714709, 54.58031709390572 ], [ -5.695843935348989, 54.572305441243145 ], [ -5.695978603355285, 54.571744987200326 ], [ -5.696167062999962, 54.571616124000059 ], [ -5.699003499999947, 54.564200999000036 ], [ -5.699065, 54.558837999000048 ], [ -5.697867838999969, 54.547051533000058 ], [ -5.710041145114628, 54.542341246822829 ], [ -5.712365508361302, 54.54170906542123 ], [ -5.712083961785981, 54.541550808215682 ], [ -5.716677216999926, 54.539773514000046 ], [ -5.721334818999935, 54.541786368000032 ], [ -5.722579399999972, 54.540473812000073 ], [ -5.720154783999931, 54.538088351000056 ], [ -5.708102044999976, 54.537011379000035 ], [ -5.703047, 54.534808499000064 ], [ -5.689419316999931, 54.530338955000047 ], [ -5.67841240499996, 54.522293870000055 ], [ -5.678350910448412, 54.522284179569844 ], [ -5.677940010822454, 54.521888255738475 ], [ -5.654984187378115, 54.517490428294664 ], [ -5.653624386999979, 54.516825849000043 ], [ -5.654309738999928, 54.513411351000059 ], [ -5.655339081144707, 54.51312308207298 ], [ -5.657610535597485, 54.514850854783333 ], [ -5.673201679913348, 54.508344531375258 ], [ -5.677755117404217, 54.498746157109565 ], [ -5.670053243361963, 54.494427442672475 ], [ -5.668984434004215, 54.494707099489283 ], [ -5.668884251999941, 54.494617434000077 ], [ -5.657845477999956, 54.495459866000033 ], [ -5.655426549601305, 54.494786081758193 ], [ -5.649831208082993, 54.487846919674482 ], [ -5.650288954999951, 54.487052983000069 ], [ -5.648883568999963, 54.479218586000059 ], [ -5.649660122953905, 54.477075118704818 ], [ -5.650041102914258, 54.476814151152269 ], [ -5.649838429277419, 54.476582952293143 ], [ -5.653037498999936, 54.467752785000073 ], [ -5.642815608999967, 54.463354534000075 ], [ -5.646038, 54.459029999000052 ], [ -5.643594458999928, 54.456099748000042 ], [ -5.645356182999933, 54.453473790000032 ], [ -5.640752677999956, 54.451998623000065 ], [ -5.639040653805048, 54.452361869094545 ] ] ], [ [ [ -6.04510000478623, 55.734195448637053 ], [ -6.031289841999978, 55.725890768000056 ], [ -6.036850282198502, 55.711421910143706 ], [ -6.040258050268449, 55.708964109706017 ], [ -6.032999634625071, 55.693405509157117 ], [ -6.030048186238588, 55.694366239246079 ], [ -6.025750583273308, 55.692478459812975 ], [ -6.02495938413319, 55.691046233570958 ], [ -6.026374505999968, 55.685109887000067 ], [ -6.022632674999954, 55.683057475000055 ], [ -6.030229171999963, 55.67662856700008 ], [ -6.035250963019858, 55.674734443140402 ], [ -6.039742946479578, 55.673558115514766 ], [ -6.040622788200563, 55.672708293066755 ], [ -6.053955346999942, 55.66767950600007 ], [ -6.05196940299993, 55.663250017000053 ], [ -6.059181339999952, 55.659741286000042 ], [ -6.064290043999961, 55.659430722000081 ], [ -6.070440949999977, 55.661448286000052 ], [ -6.073487561999968, 55.660496545000058 ], [ -6.073437012255138, 55.658570429583726 ], [ -6.07805430845923, 55.65895080523552 ], [ -6.073308319476133, 55.653666801554657 ], [ -6.073206317999961, 55.649780202000045 ], [ -6.079901548999942, 55.641778060000036 ], [ -6.087015728999972, 55.640803137000034 ], [ -6.086874764999948, 55.644662544000028 ], [ -6.09027705799997, 55.646043258000077 ], [ -6.107675937999943, 55.639085994000027 ], [ -6.115044735999959, 55.636139071000059 ], [ -6.129747362999979, 55.633552588000043 ], [ -6.146910348999938, 55.626930052000034 ], [ -6.163855031659944, 55.629738363100699 ], [ -6.165210366165184, 55.630171417876795 ], [ -6.167627668616885, 55.628883412506688 ], [ -6.179836529409122, 55.626070157151716 ], [ -6.192327738034294, 55.632828831785275 ], [ -6.196589001604008, 55.63229035015658 ], [ -6.196632658999931, 55.632307989000083 ], [ -6.21299178199996, 55.630265067000039 ], [ -6.213056828650226, 55.630209365917089 ], [ -6.216042876577035, 55.629832029025181 ], [ -6.219187140274016, 55.62482070890843 ], [ -6.217273516831534, 55.623211064285861 ], [ -6.216003976999957, 55.617976371000054 ], [ -6.233108785999946, 55.602938640000048 ], [ -6.233719984230031, 55.60214150290836 ], [ -6.235684036788541, 55.600558638670407 ], [ -6.236770004829705, 55.598163604362966 ], [ -6.240352692999977, 55.593490990000078 ], [ -6.25858885699995, 55.587839998000049 ], [ -6.259773137940863, 55.587004875901741 ], [ -6.261015057398652, 55.58665895454709 ], [ -6.262127939399283, 55.585344335174362 ], [ -6.269795835999957, 55.579937147000066 ], [ -6.292374003999953, 55.580032865000078 ], [ -6.303113057583126, 55.582881383742233 ], [ -6.313158154325038, 55.588011503428163 ], [ -6.31750367614348, 55.588205558682041 ], [ -6.317624913999964, 55.588318445000027 ], [ -6.320632090119929, 55.588345262311158 ], [ -6.328110617823632, 55.588679226252154 ], [ -6.335798582758292, 55.590870561711533 ], [ -6.332661509620607, 55.596418857844185 ], [ -6.332559312710748, 55.603651605047084 ], [ -6.330281160999959, 55.609319017000075 ], [ -6.330407408808869, 55.619027869689312 ], [ -6.329134017881024, 55.622982467503903 ], [ -6.324249245786205, 55.629112891706093 ], [ -6.316524147670862, 55.635086178684332 ], [ -6.306229995442906, 55.646054522330452 ], [ -6.302937485999962, 55.648971863000043 ], [ -6.298298729999942, 55.650681770000062 ], [ -6.284690180770297, 55.650943253834079 ], [ -6.270591616809327, 55.650964617722991 ], [ -6.260626554771477, 55.657785176844584 ], [ -6.261945366485179, 55.670346021352032 ], [ -6.269532842540123, 55.680925967144923 ], [ -6.270411538999952, 55.683024961000058 ], [ -6.27787322699993, 55.692028101000062 ], [ -6.282030936999945, 55.697043821000079 ], [ -6.286761767092048, 55.701039832121921 ], [ -6.290210247204755, 55.704880952893689 ], [ -6.303546070794141, 55.712999463054928 ], [ -6.307750018419148, 55.714328777059052 ], [ -6.310448226999938, 55.715761498000063 ], [ -6.313441478608024, 55.716128451652523 ], [ -6.31458270562706, 55.71648931463028 ], [ -6.31518356598379, 55.716342020509785 ], [ -6.320394687999965, 55.716980871000032 ], [ -6.331123146999971, 55.714213150000035 ], [ -6.338686862999964, 55.715922739000064 ], [ -6.340580881999927, 55.717702336000059 ], [ -6.337256759999946, 55.724030108000079 ], [ -6.339201070999934, 55.729859984000029 ], [ -6.335317949693135, 55.732318492729028 ], [ -6.33439123596645, 55.732720733075496 ], [ -6.334236116356048, 55.733003430564452 ], [ -6.333008383999925, 55.733780741000032 ], [ -6.332257086986475, 55.736610109513016 ], [ -6.328943599082942, 55.742648770308925 ], [ -6.318264304999957, 55.744914049000045 ], [ -6.317021547254476, 55.746047899230177 ], [ -6.307176828147931, 55.747738957087279 ], [ -6.305375769617041, 55.748916295713592 ], [ -6.304677, 55.748911676000034 ], [ -6.294478938435931, 55.755926843752 ], [ -6.261619806508463, 55.764260769319208 ], [ -6.256318988053557, 55.771267582005464 ], [ -6.25249880399997, 55.774987108000062 ], [ -6.253130527070199, 55.775482204531755 ], [ -6.252277851441477, 55.776609301877841 ], [ -6.259622812442444, 55.782553911434093 ], [ -6.263561547043655, 55.782254429580874 ], [ -6.267105637999975, 55.783210558000064 ], [ -6.281199865999952, 55.782168064000075 ], [ -6.292210723412855, 55.783610104392167 ], [ -6.29793286321086, 55.78474807736194 ], [ -6.303475693812706, 55.783678418534841 ], [ -6.306739261999951, 55.783470615000056 ], [ -6.315795829939153, 55.784683535445211 ], [ -6.324589967452766, 55.786800742160437 ], [ -6.346575617970018, 55.784305215213578 ], [ -6.351509332889066, 55.780845642012878 ], [ -6.35682053802886, 55.770410213060465 ], [ -6.368651000999932, 55.756223770000076 ], [ -6.377347314618476, 55.739200801819585 ], [ -6.377438553397957, 55.739073535860008 ], [ -6.407185291505028, 55.713836849788841 ], [ -6.411400556889873, 55.71086537813477 ], [ -6.411728308192146, 55.709982622628331 ], [ -6.418440711999949, 55.70428792000007 ], [ -6.439176018999945, 55.69309275300003 ], [ -6.442052054999976, 55.692028101000062 ], [ -6.472182296999961, 55.680872738000062 ], [ -6.484169532999942, 55.672679452000068 ], [ -6.492718254999943, 55.672356993000051 ], [ -6.508723191999934, 55.677196134000042 ], [ -6.515120168181109, 55.68639045915625 ], [ -6.516984683644419, 55.695713191843801 ], [ -6.516191270999968, 55.695973069000047 ], [ -6.515608113369471, 55.696679526768527 ], [ -6.500857472494033, 55.705516934559057 ], [ -6.497384666593506, 55.710776774493006 ], [ -6.495048873999963, 55.713322103000053 ], [ -6.495316232766396, 55.713909581553402 ], [ -6.494164943556996, 55.715653300359634 ], [ -6.505129456359043, 55.721960425733073 ], [ -6.503511689113617, 55.724887608249418 ], [ -6.494544115999929, 55.737548630000049 ], [ -6.483129567290474, 55.745575834278604 ], [ -6.473447348900633, 55.749384557391643 ], [ -6.465031723999971, 55.751650247000043 ], [ -6.46601741563432, 55.752307292391038 ], [ -6.466007709887663, 55.752311110369533 ], [ -6.469313777575298, 55.759362909150376 ], [ -6.461004043875176, 55.768788748998389 ], [ -6.455849647942557, 55.773046374091052 ], [ -6.457261609386943, 55.778552554905467 ], [ -6.457595119999951, 55.781919677000076 ], [ -6.458294707165449, 55.782581293218428 ], [ -6.459294081056612, 55.78647851956822 ], [ -6.465529665432278, 55.786217814230845 ], [ -6.481195659049305, 55.788656087744478 ], [ -6.482436980362914, 55.789127097023091 ], [ -6.485594464999963, 55.792584627000053 ], [ -6.48108088012054, 55.799229623633877 ], [ -6.457679033560339, 55.809161424360354 ], [ -6.458381629175935, 55.810801072695035 ], [ -6.458184960999972, 55.810900632000028 ], [ -6.457913527999949, 55.821112829000072 ], [ -6.457875009999952, 55.822561799000027 ], [ -6.459659455253554, 55.824253269684071 ], [ -6.459612234068729, 55.830757638921924 ], [ -6.458802864999939, 55.831250194000063 ], [ -6.45336027999997, 55.840635600000041 ], [ -6.456824065999967, 55.842261652000047 ], [ -6.454175101999965, 55.852368110000043 ], [ -6.437118957999928, 55.856164958000079 ], [ -6.428858974999969, 55.860087906000047 ], [ -6.421469272229109, 55.856597060331524 ], [ -6.420812368595648, 55.855981349559784 ], [ -6.420264417030731, 55.856027894875098 ], [ -6.414193089999969, 55.853159841000036 ], [ -6.407846129999939, 55.85680652700006 ], [ -6.403869379738764, 55.85742055844095 ], [ -6.392315268534617, 55.858402013342413 ], [ -6.389093896355785, 55.862832727510053 ], [ -6.371925579999981, 55.874056866000046 ], [ -6.366648842635523, 55.875034491805536 ], [ -6.359793305716153, 55.8757196662296 ], [ -6.359200899647261, 55.876414378800142 ], [ -6.358824411999933, 55.876484131000041 ], [ -6.335880134999968, 55.890019641000038 ], [ -6.330340679149371, 55.890620530893749 ], [ -6.323496596123044, 55.887540793983945 ], [ -6.32287183699998, 55.885331825000037 ], [ -6.337249297999961, 55.867837290000068 ], [ -6.337275814502886, 55.867230159563931 ], [ -6.337473630803061, 55.867038249715563 ], [ -6.337360813557201, 55.865283993696579 ], [ -6.337848769999937, 55.854111585000055 ], [ -6.342241973233106, 55.842631018413584 ], [ -6.345848441452119, 55.835753441068448 ], [ -6.342559004782499, 55.832154558026346 ], [ -6.337612792999948, 55.826265682000042 ], [ -6.337101810333959, 55.826183990257206 ], [ -6.33546245083113, 55.824390411688228 ], [ -6.332361906438208, 55.825426213064546 ], [ -6.328585424999972, 55.824822460000064 ], [ -6.32427536199998, 55.826458906000028 ], [ -6.324877610979986, 55.82792649770942 ], [ -6.323878407662164, 55.828260302371007 ], [ -6.326574775215916, 55.832062235991792 ], [ -6.327499674999956, 55.834316080000065 ], [ -6.323024828011956, 55.839881243398082 ], [ -6.32011187066604, 55.842238544972986 ], [ -6.320262447070168, 55.847819132381794 ], [ -6.319664907999936, 55.850167919000057 ], [ -6.316998642958262, 55.852802328733453 ], [ -6.307109355612056, 55.860280871564839 ], [ -6.308096032605708, 55.863842130362933 ], [ -6.30776631699996, 55.865709618000039 ], [ -6.309041722584344, 55.867255452836602 ], [ -6.310842592999188, 55.873755417516378 ], [ -6.291378391074803, 55.876121716586432 ], [ -6.27926945671976, 55.877151251129476 ], [ -6.267770528986318, 55.88406705834808 ], [ -6.267796868855632, 55.88596670467448 ], [ -6.265976988999967, 55.889811147000046 ], [ -6.260441114042782, 55.891766581508612 ], [ -6.25602292971422, 55.892989873583758 ], [ -6.253484759394379, 55.894223771390706 ], [ -6.244419903999926, 55.897425746000067 ], [ -6.241291241999932, 55.898530758000049 ], [ -6.233204023191502, 55.904082982070321 ], [ -6.227238059188835, 55.90698325627244 ], [ -6.227205894044199, 55.907410802163163 ], [ -6.211386049062621, 55.914787545466858 ], [ -6.208659648523565, 55.915620445927118 ], [ -6.204710640449266, 55.919258557447442 ], [ -6.196977644999947, 55.925471289000029 ], [ -6.181385933622455, 55.925985268520698 ], [ -6.173728704116002, 55.925967932074684 ], [ -6.16726289600748, 55.930395420723535 ], [ -6.160977754999976, 55.932994177000069 ], [ -6.154934916111748, 55.933331275470984 ], [ -6.142421245144021, 55.932941437097895 ], [ -6.139154637697882, 55.935151326626695 ], [ -6.132594981999944, 55.936811268000042 ], [ -6.122605487999977, 55.935079748000078 ], [ -6.121326215999943, 55.920251997000037 ], [ -6.130718045683901, 55.891973074680436 ], [ -6.131889104797949, 55.890209317306073 ], [ -6.129659673631091, 55.888804065697997 ], [ -6.12740308399998, 55.885351029000049 ], [ -6.118856204999929, 55.879520703000082 ], [ -6.108485214181067, 55.856000303729211 ], [ -6.108181834423931, 55.853704213978347 ], [ -6.106729572207897, 55.851910182242342 ], [ -6.10340728999995, 55.84399468600003 ], [ -6.104081047203437, 55.835706225768327 ], [ -6.104261159924249, 55.834896445614447 ], [ -6.104219407398457, 55.834004139366677 ], [ -6.104442925999933, 55.831254447000049 ], [ -6.103936929529369, 55.82796721674562 ], [ -6.103204607606301, 55.812316536578919 ], [ -6.099281427060443, 55.807698313110734 ], [ -6.092653874698394, 55.797388290142372 ], [ -6.092177748404083, 55.791193127261238 ], [ -6.080822348871891, 55.78078258065176 ], [ -6.067909934837313, 55.776698413263865 ], [ -6.063523840999949, 55.774432009000066 ], [ -6.049888845999931, 55.764271049000058 ], [ -6.047308819999955, 55.756031489000065 ], [ -6.049238891875366, 55.747018485807132 ], [ -6.051815271157636, 55.740961670644651 ], [ -6.048637509513242, 55.735384225501775 ], [ -6.04510000478623, 55.734195448637053 ] ] ], [ [ [ -6.063739437999971, 56.634963523000067 ], [ -6.060121799999934, 56.628898135000043 ], [ -6.061231504605052, 56.625102585791581 ], [ -6.068551421510506, 56.621064901524051 ], [ -6.054861903553785, 56.613100767186609 ], [ -6.050665382081392, 56.613989670579983 ], [ -6.044044283999938, 56.61363435100003 ], [ -6.033649906999926, 56.609906312000078 ], [ -6.014196519083972, 56.591152995327604 ], [ -6.013134956013175, 56.589143633671938 ], [ -6.000449061674658, 56.581610560579122 ], [ -5.99689524732689, 56.581092981900312 ], [ -5.98860247999994, 56.57703405400008 ], [ -5.985859834999928, 56.566455770000061 ], [ -5.985274946897833, 56.565973324535015 ], [ -5.985462545959535, 56.565065503570281 ], [ -5.98153776508667, 56.562890706833649 ], [ -5.975290743999949, 56.557737846000066 ], [ -5.972961676886697, 56.553828398341999 ], [ -5.971211433760459, 56.547162055684453 ], [ -5.966175593591144, 56.542437641374853 ], [ -5.96455478699994, 56.539717042000063 ], [ -5.967265096999938, 56.530678598000065 ], [ -5.962762580999936, 56.527755021000075 ], [ -5.952715865999949, 56.521230669000033 ], [ -5.952126117568486, 56.521299147574069 ], [ -5.950963974007948, 56.52017474197072 ], [ -5.9472215226145, 56.521868644075916 ], [ -5.938465634999943, 56.522885333000033 ], [ -5.923593179755062, 56.518725521873179 ], [ -5.921535611578975, 56.515576243049338 ], [ -5.907023416144254, 56.519564257309362 ], [ -5.896765579999965, 56.521147024000072 ], [ -5.872078318346136, 56.521042715327717 ], [ -5.860647453471802, 56.520891968313407 ], [ -5.858607480999979, 56.520494753000037 ], [ -5.854661691624511, 56.519726424301709 ], [ -5.838368527719155, 56.510512942555614 ], [ -5.837595892999957, 56.509980579000057 ], [ -5.837298342384462, 56.509907772614199 ], [ -5.837274431969206, 56.509894251718208 ], [ -5.83723056677228, 56.509891188889895 ], [ -5.829603750999979, 56.508025016000033 ], [ -5.825610293999944, 56.508970586000032 ], [ -5.825562861547073, 56.509076507083421 ], [ -5.82533705236284, 56.509060740261191 ], [ -5.81403696563325, 56.514301657295789 ], [ -5.805745081529542, 56.515025950930458 ], [ -5.798810232999926, 56.514732966000054 ], [ -5.793233668757107, 56.511279243323877 ], [ -5.787064671497035, 56.50672876851803 ], [ -5.785272883118457, 56.506348905452164 ], [ -5.776592133999941, 56.500972674000081 ], [ -5.766694415033904, 56.49099679356641 ], [ -5.764972210298993, 56.488900423016275 ], [ -5.73926806456933, 56.481922149787465 ], [ -5.71989787285421, 56.485612913473872 ], [ -5.718776385992176, 56.48484599063422 ], [ -5.706008315031454, 56.470833659146081 ], [ -5.700382671810675, 56.470646852442833 ], [ -5.694084951999969, 56.469323367000072 ], [ -5.680430061999971, 56.460647606000066 ], [ -5.682033180999952, 56.452786250000031 ], [ -5.66903054353515, 56.450623749544057 ], [ -5.666553139515486, 56.449502945304801 ], [ -5.665338806747096, 56.450009767764655 ], [ -5.66094362299998, 56.449278794000065 ], [ -5.65952060367567, 56.452438093895147 ], [ -5.652610433403167, 56.455322171132202 ], [ -5.649748652417508, 56.453463016772936 ], [ -5.648863416609811, 56.452227511994657 ], [ -5.646329162999962, 56.446110572000066 ], [ -5.646478586999933, 56.445119262000048 ], [ -5.64832512156521, 56.433858206621856 ], [ -5.64863146611993, 56.432493219636555 ], [ -5.654886741999974, 56.425502663000032 ], [ -5.666479478999975, 56.428284163000058 ], [ -5.667232903999945, 56.433159088000082 ], [ -5.677601148999941, 56.438905911000063 ], [ -5.684598602999927, 56.436717163000083 ], [ -5.67693200399998, 56.431523952000077 ], [ -5.674426859999926, 56.422029507000047 ], [ -5.669012347999967, 56.421681887000034 ], [ -5.66659289123965, 56.419828777415404 ], [ -5.665822624714167, 56.417902350513202 ], [ -5.654712411479275, 56.415960258272449 ], [ -5.654304364999973, 56.415615432000038 ], [ -5.656592787999955, 56.409226408000052 ], [ -5.665531883999961, 56.399915029000056 ], [ -5.666957360999959, 56.392094840000027 ], [ -5.674710781999977, 56.38675231600007 ], [ -5.681401760999961, 56.385343630000079 ], [ -5.691127915886388, 56.386313350816032 ], [ -5.696485042250742, 56.387494564322878 ], [ -5.701329989960591, 56.387330521908943 ], [ -5.70809307899998, 56.38800481800007 ], [ -5.713740064999968, 56.390224427000078 ], [ -5.717524209999965, 56.396322895000083 ], [ -5.717050835607938, 56.398401889431803 ], [ -5.71202635782987, 56.406839609260544 ], [ -5.714656870325808, 56.408915851688938 ], [ -5.713583261999929, 56.413630990000058 ], [ -5.720077968999931, 56.414000957000042 ], [ -5.720731247857826, 56.413710309186307 ], [ -5.721177458772388, 56.414062499884608 ], [ -5.72597358971599, 56.411415208210414 ], [ -5.742504617999941, 56.412562675000061 ], [ -5.743605560999981, 56.409118360000036 ], [ -5.733102155999973, 56.403127116000064 ], [ -5.733424564088481, 56.397912499578318 ], [ -5.738963624731305, 56.394268899861558 ], [ -5.741992117999928, 56.392879530000073 ], [ -5.750908142548061, 56.392514399661579 ], [ -5.753490805855733, 56.392839908834787 ], [ -5.754262100667968, 56.390945039894113 ], [ -5.755509690999929, 56.389259965000065 ], [ -5.763173663999964, 56.378906678000078 ], [ -5.790244829999949, 56.367403947000071 ], [ -5.782797452999944, 56.366024708000054 ], [ -5.770845485162988, 56.368079254778017 ], [ -5.77142226672396, 56.366937875382803 ], [ -5.758019994880946, 56.370283960320592 ], [ -5.757692713999973, 56.37034022000006 ], [ -5.757503973910333, 56.370412792955655 ], [ -5.750306844285149, 56.372209667941945 ], [ -5.74032321271604, 56.377018105920655 ], [ -5.727773318263671, 56.381842949488409 ], [ -5.716932897373113, 56.382591709220577 ], [ -5.697563682815184, 56.383359040000975 ], [ -5.692067585546826, 56.380848370760916 ], [ -5.691495460999931, 56.377694084000041 ], [ -5.706416194999974, 56.361910207000051 ], [ -5.728434482999944, 56.352839305000032 ], [ -5.749223677999964, 56.340958139000065 ], [ -5.754331218215759, 56.339054090784074 ], [ -5.757991909998339, 56.338246822133158 ], [ -5.796901484259407, 56.323862629934425 ], [ -5.825469888999976, 56.316699315000051 ], [ -5.826206922255252, 56.316226147276275 ], [ -5.829433202579992, 56.315720677267279 ], [ -5.831440751395554, 56.312866083122849 ], [ -5.832090138999945, 56.312449183000069 ], [ -5.836838616999955, 56.31179213300004 ], [ -5.842120816696013, 56.31106121734669 ], [ -5.847181072880227, 56.311537981895839 ], [ -5.849410390999935, 56.31179213300004 ], [ -5.858607480999979, 56.312840612000059 ], [ -5.861185270999954, 56.313134478000052 ], [ -5.873895, 56.314662285000054 ], [ -5.884735619273506, 56.319832979267396 ], [ -5.886006121082471, 56.32261630232194 ], [ -5.882237221869916, 56.32421493590396 ], [ -5.875896453957864, 56.325629353611987 ], [ -5.869565608769385, 56.329589785455099 ], [ -5.867020717999935, 56.330669238000041 ], [ -5.866056517123623, 56.331784992869046 ], [ -5.864613652198045, 56.332687616140731 ], [ -5.861491298241015, 56.337067777111905 ], [ -5.861185270999954, 56.337421906000031 ], [ -5.858607480999979, 56.34040449400004 ], [ -5.853668504714483, 56.342203378598882 ], [ -5.849958061814903, 56.342590570098935 ], [ -5.846524477222601, 56.350664258049108 ], [ -5.849905468434198, 56.351253759014085 ], [ -5.851398189999941, 56.352855523000073 ], [ -5.858607480999979, 56.354123886000082 ], [ -5.861185270999954, 56.354418423000027 ], [ -5.874262272999943, 56.355912559000046 ], [ -5.878101365280191, 56.354561853664173 ], [ -5.885278401919487, 56.35335999863311 ], [ -5.889698545999977, 56.353330208000045 ], [ -5.890757894970097, 56.352126777884926 ], [ -5.896484772424237, 56.348829136411119 ], [ -5.896720773999959, 56.34875704500007 ], [ -5.910478655999952, 56.34152984800005 ], [ -5.923546895999948, 56.33118894100005 ], [ -5.93544706299997, 56.321769892000077 ], [ -5.95625037280819, 56.318636434730891 ], [ -5.963888606864997, 56.318934213997778 ], [ -5.976798350515805, 56.321244156604209 ], [ -5.98041427180101, 56.322533727049915 ], [ -5.9820794584616, 56.321647141021423 ], [ -5.986704126999939, 56.321587917000045 ], [ -6.017566748999968, 56.303846473000078 ], [ -6.045156428999974, 56.293341096000063 ], [ -6.047187395302589, 56.293294115882098 ], [ -6.059410627018127, 56.293889849393416 ], [ -6.071664051064038, 56.298712674180848 ], [ -6.075240135523529, 56.300863027206958 ], [ -6.076464864717, 56.300602226276538 ], [ -6.078671154999938, 56.301470600000073 ], [ -6.090407992999928, 56.298026914000047 ], [ -6.100608297999941, 56.297575789000064 ], [ -6.107675937999943, 56.297189134000064 ], [ -6.123998582989326, 56.296296144501284 ], [ -6.127081513500798, 56.296290874824081 ], [ -6.130000570881721, 56.293331124272747 ], [ -6.141428139548713, 56.286600601257703 ], [ -6.155648402973529, 56.285715940759168 ], [ -6.156317994999938, 56.285706076000054 ], [ -6.164897203532687, 56.288147886590934 ], [ -6.167185306156682, 56.289445042954526 ], [ -6.168226968116223, 56.28909560273447 ], [ -6.168725451999933, 56.289237481000043 ], [ -6.180918880999968, 56.287444759000039 ], [ -6.19305716599996, 56.289537236000058 ], [ -6.19547950599997, 56.289954801000079 ], [ -6.21332009899993, 56.290037455000061 ], [ -6.22150395999995, 56.287004066000065 ], [ -6.226296790999925, 56.285227467000027 ], [ -6.230793486999971, 56.285787478000032 ], [ -6.238438807543769, 56.28666823368355 ], [ -6.244410038092553, 56.288534521651002 ], [ -6.248643047775761, 56.286251435604811 ], [ -6.249070139999958, 56.286129218000042 ], [ -6.249181608250103, 56.285960961451423 ], [ -6.252557158385798, 56.284140348698372 ], [ -6.25619456473437, 56.275412419272989 ], [ -6.268038211749994, 56.266502172559122 ], [ -6.268849504063583, 56.266278223112948 ], [ -6.275410074999968, 56.271720421000055 ], [ -6.279454171785421, 56.27147691781645 ], [ -6.280679822115872, 56.27271556826895 ], [ -6.283364688735594, 56.271241457742804 ], [ -6.287115447999952, 56.271015617000046 ], [ -6.297850843999981, 56.272440458000062 ], [ -6.308566535999944, 56.268462179000039 ], [ -6.32287064999997, 56.270402576000038 ], [ -6.329091214999949, 56.274575630000072 ], [ -6.328364133999969, 56.282411081000078 ], [ -6.328405597835276, 56.282412694513141 ], [ -6.328125000068326, 56.283482074638243 ], [ -6.335234380279501, 56.282678428004033 ], [ -6.346326784999974, 56.283110075000081 ], [ -6.353250113999934, 56.292617336000035 ], [ -6.363958756999978, 56.286382074000073 ], [ -6.380688354999961, 56.287944254000081 ], [ -6.382841793999944, 56.289649378000036 ], [ -6.374342178999939, 56.299222650000047 ], [ -6.355889748999971, 56.299863327000082 ], [ -6.350994587999935, 56.303010982000046 ], [ -6.363165753015494, 56.304801338524946 ], [ -6.371234655254739, 56.313447951961564 ], [ -6.372393585605923, 56.317279703601045 ], [ -6.37252390499998, 56.318961226000056 ], [ -6.365514222999934, 56.334692512000061 ], [ -6.347993767999981, 56.346729928000059 ], [ -6.336441951999973, 56.347492592000037 ], [ -6.332371575312446, 56.346769182845904 ], [ -6.321512222111153, 56.344010353195358 ], [ -6.317332692970333, 56.344096392097171 ], [ -6.316578781999965, 56.343962403000035 ], [ -6.299350384999968, 56.343630072000053 ], [ -6.288927759999979, 56.338272984000071 ], [ -6.281238323928744, 56.338291793948791 ], [ -6.27698804440729, 56.337467354055143 ], [ -6.26964755299997, 56.327390679000075 ], [ -6.274737968999943, 56.322688282000058 ], [ -6.265794047999975, 56.319787198000029 ], [ -6.238614909999967, 56.317199171000027 ], [ -6.236052699999959, 56.318505587000061 ], [ -6.23921519253911, 56.322965134133113 ], [ -6.23765683189697, 56.329887032860427 ], [ -6.250353845055986, 56.336453105893618 ], [ -6.25162271765707, 56.338228988896056 ], [ -6.250207929408405, 56.339832132710292 ], [ -6.24705563699996, 56.342607387000044 ], [ -6.230793486999971, 56.342825878000042 ], [ -6.214607814999965, 56.33512535300008 ], [ -6.213701087417248, 56.335211082069513 ], [ -6.212977051749135, 56.33487355686924 ], [ -6.190581322070045, 56.33267414609503 ], [ -6.189643339307894, 56.333383314559008 ], [ -6.189192075999927, 56.333284956000057 ], [ -6.181002043999968, 56.334411861000035 ], [ -6.182547169999964, 56.338036807000037 ], [ -6.17634718599993, 56.340492921000077 ], [ -6.174259487937921, 56.340266191767157 ], [ -6.158687353138475, 56.337135672873103 ], [ -6.144059299996343, 56.33730745327631 ], [ -6.125361800206576, 56.344532728003117 ], [ -6.117256328841756, 56.344796240451132 ], [ -6.107675937999943, 56.344266001000051 ], [ -6.103632498999957, 56.344042208000076 ], [ -6.098169743482839, 56.345416753757007 ], [ -6.09310495842675, 56.345581412152399 ], [ -6.092405156889746, 56.346867246647854 ], [ -6.091725383999972, 56.347038292000036 ], [ -6.082273555151172, 56.352811133611148 ], [ -6.07701935047957, 56.354204913756348 ], [ -6.065737188237252, 56.356526313384229 ], [ -6.057553767791831, 56.357152343206224 ], [ -6.044042561323662, 56.360990165061118 ], [ -6.02707475677923, 56.364481433340153 ], [ -6.01994335630053, 56.364840626693592 ], [ -6.017923797358288, 56.367603354515502 ], [ -6.004402213999981, 56.378630823000037 ], [ -6.011371166306898, 56.380037404115562 ], [ -6.012482043099549, 56.381657812553442 ], [ -6.01430118316196, 56.387086835380956 ], [ -6.005027218354757, 56.386486999283576 ], [ -6.00171058799998, 56.386147891000064 ], [ -5.993636399999957, 56.38328765600005 ], [ -5.98176792199996, 56.386171190000027 ], [ -5.987543677999952, 56.389467017000072 ], [ -5.997694195999941, 56.389196111000047 ], [ -6.004109196999934, 56.392977216000077 ], [ -6.004603711607897, 56.392924027768331 ], [ -6.004727959527258, 56.393061757194175 ], [ -6.023146629013411, 56.394041657596631 ], [ -6.024460861810114, 56.393555999721372 ], [ -6.026240347999931, 56.393837760000054 ], [ -6.039501479999956, 56.389544744000034 ], [ -6.045302337073444, 56.385854299825397 ], [ -6.060658455023315, 56.380179643376039 ], [ -6.071858644160784, 56.381357550211021 ], [ -6.080346389241035, 56.373483977322735 ], [ -6.081318004999957, 56.372943277000047 ], [ -6.101618630999951, 56.367708870000058 ], [ -6.107675937999943, 56.366950718000055 ], [ -6.113809920999927, 56.366182953000077 ], [ -6.12003428643663, 56.366247019363172 ], [ -6.123343944567068, 56.366763352946293 ], [ -6.135893630212668, 56.366410256963398 ], [ -6.145801885999958, 56.366512241000066 ], [ -6.178946961999941, 56.358256188000041 ], [ -6.196393264999926, 56.360658344000058 ], [ -6.203011039842882, 56.365768837862475 ], [ -6.204011965147174, 56.366811596844137 ], [ -6.208227570999952, 56.373419743000056 ], [ -6.202762465999967, 56.386897562000058 ], [ -6.187480713999946, 56.397438503000046 ], [ -6.164790339927196, 56.406282336959109 ], [ -6.160076141100603, 56.407823443297332 ], [ -6.158883856750823, 56.409081872370678 ], [ -6.153840523999975, 56.412521576000074 ], [ -6.145460069445828, 56.423250375229976 ], [ -6.138422728026171, 56.430678129392106 ], [ -6.131186495655703, 56.444378406388395 ], [ -6.126645478999933, 56.448626866000041 ], [ -6.115372366999964, 56.450995804000058 ], [ -6.107675937999943, 56.450383958000032 ], [ -6.089225863981418, 56.44891717028419 ], [ -6.084621667955275, 56.447853923219839 ], [ -6.081239402357193, 56.448282243627972 ], [ -6.079313654999964, 56.448129146000042 ], [ -6.064458405308618, 56.45040734093223 ], [ -6.05477631057795, 56.451633453621014 ], [ -6.047838610629523, 56.458034524810159 ], [ -6.04096788499993, 56.463179240000045 ], [ -6.024714620345239, 56.466988941835879 ], [ -6.017581701533913, 56.468550562858411 ], [ -6.00211986131212, 56.47926514815898 ], [ -6.000629757999945, 56.479832556000076 ], [ -6.000030265435674, 56.480713174586668 ], [ -5.99681532396761, 56.48294103130371 ], [ -5.996293544511218, 56.488720774444346 ], [ -6.005245209098803, 56.498884558775501 ], [ -6.011148214218451, 56.499384045837303 ], [ -6.011901311059953, 56.499010537535248 ], [ -6.01272023699994, 56.499238494000053 ], [ -6.039742366999974, 56.488220646000059 ], [ -6.055569384999956, 56.486816547000046 ], [ -6.082714535999969, 56.479900774000043 ], [ -6.100449828999956, 56.478901052000026 ], [ -6.10277991958945, 56.478354766535482 ], [ -6.103352546982251, 56.47835397715437 ], [ -6.104041598338087, 56.478058968267206 ], [ -6.107675937999943, 56.47720690400007 ], [ -6.122907822999935, 56.473635570000056 ], [ -6.136941753999963, 56.48030314600004 ], [ -6.147914042999957, 56.482085163000079 ], [ -6.149067166999941, 56.484972836000054 ], [ -6.146598626597013, 56.486849012239603 ], [ -6.141844868745352, 56.488221525702954 ], [ -6.142617617300728, 56.48987471724417 ], [ -6.140254302999949, 56.491670918000068 ], [ -6.145383631898219, 56.495792233237729 ], [ -6.147048950448493, 56.499354958164986 ], [ -6.151096050187871, 56.50038204937313 ], [ -6.151545761999955, 56.500743384000032 ], [ -6.17186053599994, 56.506149194000045 ], [ -6.178067504999945, 56.51099183000008 ], [ -6.187070064999943, 56.510987218000082 ], [ -6.205484273999957, 56.519865827000046 ], [ -6.22065209031799, 56.524992479999604 ], [ -6.229363560979323, 56.52894496923517 ], [ -6.245590611755668, 56.526761744921934 ], [ -6.267538757262493, 56.524301768093771 ], [ -6.267579668058645, 56.524299193584767 ], [ -6.284853817999931, 56.524410788000068 ], [ -6.289056683565095, 56.525374466116851 ], [ -6.296015501413933, 56.528691530389949 ], [ -6.302493743452226, 56.528455459397833 ], [ -6.332709284999964, 56.535383603000071 ], [ -6.338570816999948, 56.542070591000027 ], [ -6.335622591999936, 56.55300476900004 ], [ -6.327631027999928, 56.55624285600004 ], [ -6.320877335195843, 56.55753770879457 ], [ -6.307385206461731, 56.559249162518995 ], [ -6.292624244614746, 56.570822803783528 ], [ -6.283057163999956, 56.577734081000074 ], [ -6.283492091077552, 56.577983060012613 ], [ -6.280861258540028, 56.580045819359327 ], [ -6.29159116789765, 56.580248236966611 ], [ -6.295120518050734, 56.579034337005353 ], [ -6.307091414999945, 56.57729921300006 ], [ -6.311603829721199, 56.578298212404817 ], [ -6.313298459232345, 56.579037826275325 ], [ -6.314792159999968, 56.58110587200008 ], [ -6.316519093428465, 56.586936018261738 ], [ -6.316498279571647, 56.58788323382413 ], [ -6.317272734498981, 56.589480318810558 ], [ -6.321639174999973, 56.604221470000027 ], [ -6.310564831999955, 56.602878664000059 ], [ -6.304844307921178, 56.603990818658417 ], [ -6.298834204234936, 56.603893757191315 ], [ -6.294721197296659, 56.605958901387048 ], [ -6.291649658249101, 56.606556054097716 ], [ -6.273580313080686, 56.603402137398803 ], [ -6.265815019746981, 56.605448961100763 ], [ -6.262473790432844, 56.609290553828757 ], [ -6.256021859999976, 56.612260287000026 ], [ -6.235192867999956, 56.607574237000051 ], [ -6.23391162475505, 56.607026103721779 ], [ -6.225226640896608, 56.602820754474408 ], [ -6.224959263091265, 56.603195967593685 ], [ -6.22150395999995, 56.601717627000028 ], [ -6.22150395999995, 56.603315270000053 ], [ -6.222604609231619, 56.606500269603195 ], [ -6.221708654930069, 56.607757568457089 ], [ -6.22550460616129, 56.614892124886765 ], [ -6.227330493999943, 56.620175781000057 ], [ -6.226661819999947, 56.622552774000042 ], [ -6.22393073348369, 56.632259631817782 ], [ -6.223639845108854, 56.632380149083424 ], [ -6.22150395999995, 56.632491939000033 ], [ -6.216002641999978, 56.632779871000082 ], [ -6.20499551599994, 56.629845008000075 ], [ -6.204688678999958, 56.635181766000073 ], [ -6.204610151605855, 56.635233628857854 ], [ -6.201620936356733, 56.635414600103843 ], [ -6.200534196274486, 56.637925564507796 ], [ -6.194911522999973, 56.641639019000081 ], [ -6.19305716599996, 56.641714765000074 ], [ -6.183631356293279, 56.642099782403754 ], [ -6.167737841527867, 56.641878366693334 ], [ -6.16603237052899, 56.64452926541118 ], [ -6.154146709724112, 56.649583778968143 ], [ -6.149282431430247, 56.651426078055152 ], [ -6.136255789092707, 56.652079923956435 ], [ -6.130687236426581, 56.651440143947582 ], [ -6.122300295341502, 56.653826246244435 ], [ -6.119820560999926, 56.653045330000054 ], [ -6.117947412040464, 56.650975583919369 ], [ -6.116937756172149, 56.646089434979615 ], [ -6.112627454651353, 56.645097268209391 ], [ -6.112593129999937, 56.645059341000035 ], [ -6.100608297999941, 56.642306869000038 ], [ -6.099841925513133, 56.64215423114122 ], [ -6.086457132989949, 56.639073252628748 ], [ -6.084259690914134, 56.639050728646424 ], [ -6.074134054999945, 56.637034013000061 ], [ -6.063739437999971, 56.634963523000067 ] ] ], [ [ [ -6.246112928715542, 57.663564011571907 ], [ -6.244624018283503, 57.66004312049364 ], [ -6.23952870476479, 57.654610830541529 ], [ -6.234867751616917, 57.643680089649216 ], [ -6.234130144090557, 57.637467145992048 ], [ -6.222275734137611, 57.634582757588419 ], [ -6.216492632808369, 57.635549921969307 ], [ -6.205671350999978, 57.635868040000048 ], [ -6.19305716599996, 57.632349124000029 ], [ -6.189226712167036, 57.631191669866226 ], [ -6.185695302812604, 57.628281057890398 ], [ -6.177367919999938, 57.621033702000034 ], [ -6.169740895999951, 57.607889997000029 ], [ -6.166933131999401, 57.605522993542415 ], [ -6.165001750430179, 57.602288245905754 ], [ -6.160064153433231, 57.599732301727421 ], [ -6.157883273999971, 57.597893775000045 ], [ -6.15148566299996, 57.588934060000042 ], [ -6.151015564296575, 57.588703000267941 ], [ -6.14967024308686, 57.586390852755812 ], [ -6.146455352460529, 57.586461595819067 ], [ -6.141858619999937, 57.584202241000071 ], [ -6.14429603918678, 57.57607150639214 ], [ -6.145281433690855, 57.574638247857081 ], [ -6.145176060940632, 57.573135932827938 ], [ -6.146931446999929, 57.567280322000045 ], [ -6.144158377716922, 57.558626671195647 ], [ -6.143875360759012, 57.55459165618015 ], [ -6.14108400172508, 57.549032761502204 ], [ -6.139543401999958, 57.544225160000053 ], [ -6.139831337207321, 57.540816625689388 ], [ -6.142053127449515, 57.537810325686053 ], [ -6.140568310895879, 57.532092440389093 ], [ -6.141751270999976, 57.51808873400006 ], [ -6.141881632979146, 57.516544893792513 ], [ -6.143221340291783, 57.511214722151081 ], [ -6.147150374999967, 57.500522978000049 ], [ -6.141955861999975, 57.491017932000034 ], [ -6.137023434999946, 57.47158021100006 ], [ -6.138482805999956, 57.46481546800004 ], [ -6.145628896999938, 57.43189423900003 ], [ -6.150067915999955, 57.425953939000067 ], [ -6.15782103968099, 57.422153181995931 ], [ -6.168035149302455, 57.417852044036692 ], [ -6.169346083391439, 57.416503344277928 ], [ -6.173025311999936, 57.414699703000053 ], [ -6.184432397999956, 57.41431263000004 ], [ -6.185007866864452, 57.414099322073952 ], [ -6.187954664076187, 57.414543509275688 ], [ -6.199975013335859, 57.408416867044991 ], [ -6.197779267449063, 57.406560938941027 ], [ -6.200357844999928, 57.395859537000035 ], [ -6.198746725999968, 57.393122720000065 ], [ -6.194748463999929, 57.393653579000045 ], [ -6.19305716599996, 57.395058185000039 ], [ -6.18845892280537, 57.398683028447415 ], [ -6.187848568356515, 57.398167133606478 ], [ -6.187104087709367, 57.399751059195722 ], [ -6.18076066499998, 57.404751646000079 ], [ -6.177636805190485, 57.404600515529161 ], [ -6.173996328867133, 57.402976155725128 ], [ -6.167283823653254, 57.404720054242659 ], [ -6.155641865269145, 57.406273161779204 ], [ -6.149587346587126, 57.405946109987973 ], [ -6.137026706999961, 57.403854463000073 ], [ -6.127225541999962, 57.396674055000062 ], [ -6.125167017999956, 57.388241009000069 ], [ -6.131501345999936, 57.378167766000047 ], [ -6.140160850999962, 57.372106143000053 ], [ -6.140980118999948, 57.369066501000077 ], [ -6.140849174501029, 57.368932741703638 ], [ -6.141303777247231, 57.368680953763089 ], [ -6.136161925054047, 57.36414473462105 ], [ -6.120527099659804, 57.348173821280625 ], [ -6.116603731776593, 57.342430710908673 ], [ -6.104998728069822, 57.332955627650733 ], [ -6.105512859999976, 57.332183335000082 ], [ -6.104482386999962, 57.322634056000027 ], [ -6.133302845999935, 57.314471653000055 ], [ -6.154061384999977, 57.300838429000066 ], [ -6.149500202999945, 57.300700076000055 ], [ -6.135489880999955, 57.307194741000046 ], [ -6.115593360999981, 57.313015689000053 ], [ -6.100731006999979, 57.31367995200003 ], [ -6.096966125776757, 57.313309781533476 ], [ -6.083079814481493, 57.310899257794347 ], [ -6.073972178346339, 57.313180778018285 ], [ -6.069111146999944, 57.31364968500003 ], [ -6.061505940826791, 57.312773253612768 ], [ -6.055380231809665, 57.311492497508631 ], [ -6.049953296999945, 57.308296187000053 ], [ -6.048670181157399, 57.303192653911914 ], [ -6.049787640786747, 57.298061967086198 ], [ -6.046894610557503, 57.296130405121573 ], [ -6.04628693899997, 57.293713420000074 ], [ -6.073530281305083, 57.278076772257371 ], [ -6.077932953942479, 57.276441336098799 ], [ -6.079127388475275, 57.273954206785078 ], [ -6.080481903999953, 57.272007041000052 ], [ -6.080180668559247, 57.271760998450524 ], [ -6.080313802039996, 57.27148377925306 ], [ -6.079429751901925, 57.271147666073645 ], [ -6.07757513699994, 57.269632857000033 ], [ -6.075408658714498, 57.269618858647732 ], [ -6.069793700918297, 57.267484068734916 ], [ -6.061343790454681, 57.272125240699204 ], [ -6.034903418999932, 57.282706317000077 ], [ -6.021115165999959, 57.28500710600008 ], [ -6.00411231718262, 57.277501755923005 ], [ -5.997398257323425, 57.272386074457813 ], [ -5.990646205233843, 57.271557582364885 ], [ -5.98984354199996, 57.271203273000083 ], [ -5.948887497711812, 57.262771997456959 ], [ -5.939187049642271, 57.259917616404948 ], [ -5.932731022307462, 57.262412342075955 ], [ -5.931316000999971, 57.262487479000072 ], [ -5.922847869999941, 57.261242628000048 ], [ -5.909039562999965, 57.253293295000049 ], [ -5.907280363874453, 57.247557154251041 ], [ -5.910021900789843, 57.242803931556352 ], [ -5.895069718492437, 57.239901542322343 ], [ -5.892608137405061, 57.240059965255391 ], [ -5.891394484999978, 57.239785064000046 ], [ -5.883607831140161, 57.240639208784721 ], [ -5.880242228096051, 57.24085581294554 ], [ -5.880030153173768, 57.241031656558988 ], [ -5.878744702999938, 57.241172662000054 ], [ -5.855398065999964, 57.251180333000036 ], [ -5.841687890999935, 57.250745230000064 ], [ -5.836022533534213, 57.252411220756812 ], [ -5.835679173155086, 57.252323746444006 ], [ -5.833816455796693, 57.253059953893533 ], [ -5.824417275999963, 57.25582393600007 ], [ -5.817582450002867, 57.256956558052082 ], [ -5.811282872806089, 57.25643336760595 ], [ -5.803976956938393, 57.259679142913228 ], [ -5.768825306688713, 57.271490749357156 ], [ -5.743283618117785, 57.274242069905142 ], [ -5.72099876058491, 57.271395519016771 ], [ -5.718513302355099, 57.268763605480999 ], [ -5.725403966999977, 57.262006213000063 ], [ -5.667662099999973, 57.264170799000055 ], [ -5.658650370999965, 57.261259387000052 ], [ -5.650685238999927, 57.253528092000067 ], [ -5.663802167050619, 57.238169151443223 ], [ -5.666725277849025, 57.235829830282626 ], [ -5.664733929922702, 57.231380764333252 ], [ -5.66453443499995, 57.222776076000059 ], [ -5.664717152037908, 57.22231105708255 ], [ -5.668537735527764, 57.217265844743054 ], [ -5.668690552924557, 57.212198663625522 ], [ -5.668891407999979, 57.211687483000048 ], [ -5.675422322999964, 57.205986402000065 ], [ -5.718351746999929, 57.184321521000072 ], [ -5.744902003999925, 57.177647825000065 ], [ -5.764063044999943, 57.170463356000027 ], [ -5.781778668999948, 57.168184444000076 ], [ -5.79458203799814, 57.173071791256461 ], [ -5.795158863090819, 57.173367023669186 ], [ -5.795181218135339, 57.173300512415715 ], [ -5.797728261999964, 57.174272779000034 ], [ -5.803061285999945, 57.174736002000031 ], [ -5.798460476013847, 57.16163108969981 ], [ -5.798323315408674, 57.160208189190264 ], [ -5.800641562999942, 57.147078504000035 ], [ -5.792488137999953, 57.139972522000051 ], [ -5.803054029999942, 57.135500440000044 ], [ -5.80075777299993, 57.129198839000082 ], [ -5.806431938999935, 57.121763008000073 ], [ -5.810428843466359, 57.119414491199372 ], [ -5.812200426807976, 57.119221448611142 ], [ -5.813134689075815, 57.117824579824877 ], [ -5.826543860999948, 57.109945566000079 ], [ -5.846486203999973, 57.110710744000073 ], [ -5.847148612833979, 57.110566701146084 ], [ -5.849282145753989, 57.110897541388624 ], [ -5.850518101014852, 57.109833995497951 ], [ -5.852805837999938, 57.109336520000056 ], [ -5.857534798721391, 57.103796090851873 ], [ -5.860369443894399, 57.101356864028105 ], [ -5.863441488056452, 57.096875840148002 ], [ -5.870101849999969, 57.089072590000058 ], [ -5.880766686958715, 57.083217207963017 ], [ -5.884626030966274, 57.082271575672905 ], [ -5.885059965052557, 57.080860042679767 ], [ -5.887213355999961, 57.079677753000055 ], [ -5.899243768292439, 57.063514819703762 ], [ -5.905221343090318, 57.057437539311138 ], [ -5.916826963693211, 57.051304459733103 ], [ -5.919180827081894, 57.047540019279701 ], [ -5.924330418999944, 57.044293355000036 ], [ -5.938392784079764, 57.038959762312025 ], [ -5.953050136754143, 57.035456656998974 ], [ -5.955456326618711, 57.032487879012123 ], [ -5.960434116999977, 57.030599896000069 ], [ -5.97019652483834, 57.030031378791257 ], [ -5.972816705626201, 57.030774116432497 ], [ -5.975943913584277, 57.029696677612833 ], [ -5.976183434999939, 57.029682729000058 ], [ -5.999183664999975, 57.022833029000083 ], [ -6.017321727999956, 57.022181314000079 ], [ -6.02094307699997, 57.031066063000083 ], [ -6.02113369533918, 57.0312449297613 ], [ -6.021096944568171, 57.031346559196606 ], [ -6.031070709345443, 57.04124784491222 ], [ -6.031408947869155, 57.041937899880054 ], [ -6.035019358999932, 57.055162926000037 ], [ -6.024996726999973, 57.068003653000062 ], [ -6.008719083999949, 57.074703274000058 ], [ -6.005069402999936, 57.09302509500003 ], [ -5.998772586999962, 57.10109260400003 ], [ -5.993772741473221, 57.10460079465485 ], [ -5.987209439463868, 57.105286478687901 ], [ -5.991078138545049, 57.112560033518889 ], [ -5.99388432931419, 57.112840524918028 ], [ -5.999699507999935, 57.11627418300003 ], [ -5.99703261999997, 57.122400191000054 ], [ -5.976320240999939, 57.132465654000043 ], [ -5.968343678999929, 57.139973945000065 ], [ -5.954506817940664, 57.144443898326557 ], [ -5.943153262213002, 57.147155642319319 ], [ -5.942641679365973, 57.148826234557589 ], [ -5.91956735499997, 57.162145742000064 ], [ -5.892687907480555, 57.167210317824889 ], [ -5.886527657325189, 57.167612910307582 ], [ -5.87916971958392, 57.169757389804964 ], [ -5.873901706999959, 57.17074997900005 ], [ -5.869889123993699, 57.172462230164662 ], [ -5.856655716887587, 57.176319122029952 ], [ -5.858013273281204, 57.177529898342883 ], [ -5.850422814999945, 57.180768902000068 ], [ -5.848699017999934, 57.183120859000041 ], [ -5.861634858768142, 57.180759915116731 ], [ -5.862719774397817, 57.181727528802696 ], [ -5.866611422313849, 57.179851633430701 ], [ -5.875153347999969, 57.178292631000033 ], [ -5.894102976999932, 57.177351080000051 ], [ -5.909878282999955, 57.172378688000038 ], [ -5.929326338822239, 57.173697737381005 ], [ -5.935275435812457, 57.175169468296531 ], [ -5.961656978104217, 57.170691628013422 ], [ -5.963535616999934, 57.170412433000081 ], [ -5.985994029999972, 57.169888921000052 ], [ -5.992451881999955, 57.17339116200003 ], [ -5.994563486880592, 57.181943494944527 ], [ -5.993658422997555, 57.184929847334672 ], [ -5.997016440158863, 57.1885611190297 ], [ -6.003828658999964, 57.197998536000057 ], [ -6.009175608331226, 57.201709724619953 ], [ -6.012811303498609, 57.205641270028707 ], [ -6.015633388833788, 57.206191914374543 ], [ -6.018509920999975, 57.208188446000065 ], [ -6.028904878999981, 57.220899854000038 ], [ -6.03482194399993, 57.223301 ], [ -6.036343687999931, 57.217013313000052 ], [ -6.027272920999962, 57.20060976700006 ], [ -6.031031533999965, 57.186519616000055 ], [ -6.036219163999931, 57.181113315000061 ], [ -6.045251884297931, 57.176655962868445 ], [ -6.048930167792719, 57.176202059077752 ], [ -6.04854464344444, 57.17378775382258 ], [ -6.061162595438581, 57.152924540597638 ], [ -6.063887000484272, 57.151250243004313 ], [ -6.064299514822482, 57.14773778620151 ], [ -6.066639033999934, 57.143869497000082 ], [ -6.074134054999945, 57.137274664000074 ], [ -6.08446321699995, 57.130375485000059 ], [ -6.109132211999963, 57.139283221000028 ], [ -6.10451292943643, 57.167069081383133 ], [ -6.103574275731773, 57.169435143617079 ], [ -6.107147643826314, 57.172873275511712 ], [ -6.113803568939504, 57.185858771970743 ], [ -6.114363909066924, 57.189549326540202 ], [ -6.117881418191724, 57.188285797634819 ], [ -6.121160549999956, 57.189129254000079 ], [ -6.136555251999937, 57.187527002000081 ], [ -6.148319395516601, 57.191680102986176 ], [ -6.149497031862211, 57.194633245328021 ], [ -6.158327590102747, 57.195213300515242 ], [ -6.15881240799996, 57.195384456000056 ], [ -6.159166484418318, 57.195268405185416 ], [ -6.164752245219631, 57.195635318515144 ], [ -6.164683633390145, 57.193460124262216 ], [ -6.166099575999965, 57.192996040000082 ], [ -6.16741750999995, 57.181544803000065 ], [ -6.176852806999932, 57.175606524000045 ], [ -6.187267859999963, 57.174368122000033 ], [ -6.195918053974095, 57.174752557857616 ], [ -6.208558321009377, 57.176827073510651 ], [ -6.214642792455206, 57.175584731207422 ], [ -6.215820422999968, 57.175637068000071 ], [ -6.252240020711906, 57.169685106908105 ], [ -6.256575107155129, 57.169750452221876 ], [ -6.297232340160039, 57.16233636884931 ], [ -6.313637207332189, 57.1622017785349 ], [ -6.313687068371857, 57.162465906605505 ], [ -6.312278670999945, 57.170034942000029 ], [ -6.309850905520383, 57.171852005847761 ], [ -6.302566647932167, 57.174190759496128 ], [ -6.284639119799181, 57.189511776247571 ], [ -6.28565430600122, 57.200507879535223 ], [ -6.293378949078942, 57.202348351095623 ], [ -6.311286449040136, 57.194383058253976 ], [ -6.331285181999931, 57.188650321000068 ], [ -6.344868840999936, 57.187989473000073 ], [ -6.366217373999973, 57.196868786000039 ], [ -6.379309731999967, 57.20806929400004 ], [ -6.384271269999942, 57.215701691000049 ], [ -6.384397115999946, 57.221152812000071 ], [ -6.379576863999944, 57.225344992000032 ], [ -6.363749359907519, 57.227701052148532 ], [ -6.354627013525658, 57.22787797438906 ], [ -6.3569185972987, 57.229645179802517 ], [ -6.35401186799993, 57.230697525000039 ], [ -6.349754061999931, 57.244279821000077 ], [ -6.365403286999936, 57.236569067000062 ], [ -6.394154769999943, 57.233655674000033 ], [ -6.411187953999956, 57.236305609000055 ], [ -6.420275330999971, 57.240445018000059 ], [ -6.426799872671272, 57.245607769432084 ], [ -6.426795720945449, 57.247340201888676 ], [ -6.436033410694357, 57.252914100520599 ], [ -6.449272253999936, 57.263389757000027 ], [ -6.460429866503022, 57.281314417144038 ], [ -6.457134008427545, 57.28501665599407 ], [ -6.465450646144706, 57.286081698868415 ], [ -6.477907018999929, 57.29333224100003 ], [ -6.477874157999963, 57.308414552000045 ], [ -6.464699946278718, 57.316094694678561 ], [ -6.447596907670857, 57.320497632060267 ], [ -6.442734795442367, 57.324692951224442 ], [ -6.436276960999976, 57.32684914500004 ], [ -6.421525850999956, 57.335758586000054 ], [ -6.408087511999952, 57.333275265000054 ], [ -6.385284064999951, 57.324967031000028 ], [ -6.364814767188214, 57.311965490430374 ], [ -6.356942057329775, 57.304082870628179 ], [ -6.354432829454542, 57.305371166292957 ], [ -6.350069549999944, 57.302599730000054 ], [ -6.329788839999935, 57.29891916400004 ], [ -6.323467430999926, 57.299964135000039 ], [ -6.34150550499993, 57.307486531000052 ], [ -6.363574533374386, 57.32335465751401 ], [ -6.364520311462798, 57.324248432719116 ], [ -6.365857838604386, 57.32499640519972 ], [ -6.369173140999976, 57.32738018200007 ], [ -6.375585761172931, 57.330436458076768 ], [ -6.38926684828607, 57.338087201263363 ], [ -6.391562064354122, 57.338050817245076 ], [ -6.39874823699995, 57.341475771000034 ], [ -6.404244290999941, 57.347516693000046 ], [ -6.405846450999945, 57.353983838000033 ], [ -6.422128229999942, 57.349683048000031 ], [ -6.435894106737965, 57.347819407638106 ], [ -6.443268060572336, 57.347466469202402 ], [ -6.445891724796047, 57.346465918507647 ], [ -6.456019215999959, 57.345094847000041 ], [ -6.457739209175802, 57.351561875641792 ], [ -6.455073833390486, 57.359797000931053 ], [ -6.468111640801114, 57.362770663284707 ], [ -6.475321313999927, 57.367330823000032 ], [ -6.476452296681638, 57.375430435154662 ], [ -6.474986434176401, 57.378596067454566 ], [ -6.480191988077808, 57.380003922671705 ], [ -6.484195860999932, 57.384195981000062 ], [ -6.489252960999977, 57.394154865000075 ], [ -6.493883189999963, 57.393797456000073 ], [ -6.503708800999959, 57.384292831000039 ], [ -6.518303066956814, 57.376864835681687 ], [ -6.519446158074005, 57.376797428025505 ], [ -6.522475639999925, 57.38372101300007 ], [ -6.522090080674881, 57.388316946557843 ], [ -6.517710924119513, 57.39285051793712 ], [ -6.522646740577542, 57.393352644867655 ], [ -6.528876852999929, 57.398133905000066 ], [ -6.536487355999952, 57.395389130000069 ], [ -6.537144154615176, 57.394827485367358 ], [ -6.543332457226882, 57.395457029318607 ], [ -6.54756917643367, 57.390033912590148 ], [ -6.565665291999949, 57.386488162000035 ], [ -6.565650825388064, 57.385154755498021 ], [ -6.567273735693959, 57.384865879956294 ], [ -6.569305777239492, 57.377129554685212 ], [ -6.565481481966717, 57.369546151293051 ], [ -6.565375911399882, 57.35981557433697 ], [ -6.567635774870837, 57.358578920480852 ], [ -6.565309627624327, 57.353706112217793 ], [ -6.565207191999946, 57.344264487000032 ], [ -6.571065362999946, 57.337014418000081 ], [ -6.582237963999944, 57.33591001700006 ], [ -6.619698048432786, 57.347515571366721 ], [ -6.623172164063817, 57.349299073493455 ], [ -6.627737992312311, 57.350006436168862 ], [ -6.629364265999925, 57.350510274000044 ], [ -6.649867135764763, 57.354385826574315 ], [ -6.653403878286042, 57.357238054692687 ], [ -6.662942572177782, 57.356857409422538 ], [ -6.676140535999934, 57.359352153000032 ], [ -6.699594555999965, 57.369304299000078 ], [ -6.719751262999978, 57.374054576000049 ], [ -6.734044619999963, 57.386956790000056 ], [ -6.732194380999942, 57.399355097000068 ], [ -6.738325597019451, 57.409752020481704 ], [ -6.738643407866675, 57.41057503221208 ], [ -6.739032892719569, 57.410951407234613 ], [ -6.73995380599996, 57.412513033000039 ], [ -6.743127194620246, 57.414907897348883 ], [ -6.746431470235905, 57.418100952996781 ], [ -6.747777327086986, 57.418417217446269 ], [ -6.748508138999966, 57.418968740000082 ], [ -6.763606880836869, 57.425179653865627 ], [ -6.765514016558257, 57.427430867940359 ], [ -6.771086633767891, 57.426645332950663 ], [ -6.77367583299997, 57.426685048000081 ], [ -6.776190040858914, 57.425925939407939 ], [ -6.779461741565797, 57.425464749398941 ], [ -6.786114149108966, 57.429922362428158 ], [ -6.785651409999957, 57.436762824000027 ], [ -6.783487874993314, 57.441028919772137 ], [ -6.778135657034625, 57.442402123958914 ], [ -6.781913870507604, 57.447592779484175 ], [ -6.782902906999936, 57.452679526000054 ], [ -6.779641463999951, 57.456714247000036 ], [ -6.77367583299997, 57.45875806600003 ], [ -6.766485241491054, 57.458705867318251 ], [ -6.753408429367577, 57.456053102447136 ], [ -6.740042015999961, 57.45279729400005 ], [ -6.737245636890481, 57.452774314949274 ], [ -6.734698653120006, 57.452257633283295 ], [ -6.733864731415045, 57.45274653259375 ], [ -6.726078891999975, 57.452682553000045 ], [ -6.729226373703612, 57.455465840501518 ], [ -6.727793335593731, 57.456305980936293 ], [ -6.732871181631236, 57.458688908752713 ], [ -6.745505765999951, 57.469861549000029 ], [ -6.74838806899993, 57.480028952000055 ], [ -6.747758313999952, 57.495462472000042 ], [ -6.733745683999928, 57.507975237000039 ], [ -6.718203692999964, 57.512232945000051 ], [ -6.707602100999964, 57.506695615000069 ], [ -6.703828124045826, 57.499747189538908 ], [ -6.703104853605737, 57.496675133850488 ], [ -6.6759622098877, 57.474457740632317 ], [ -6.671772951890872, 57.473000909889613 ], [ -6.669198544999972, 57.470568843000081 ], [ -6.667785533999961, 57.46699680100005 ], [ -6.667180545789338, 57.46577498903887 ], [ -6.667501568841999, 57.460471153221249 ], [ -6.660735051665809, 57.460155633363307 ], [ -6.654309568999963, 57.45744168300007 ], [ -6.647184167744537, 57.451225329649006 ], [ -6.638698577876767, 57.44244813957016 ], [ -6.621013522256021, 57.434813380133562 ], [ -6.6166573052773, 57.43937819607504 ], [ -6.615751712999952, 57.439720831000045 ], [ -6.609874701999956, 57.44476535900003 ], [ -6.602418081999929, 57.444716611000047 ], [ -6.594728457999963, 57.438741538000045 ], [ -6.592362617999981, 57.436903012000073 ], [ -6.588375865999978, 57.427573877000043 ], [ -6.583603239999945, 57.426996536000047 ], [ -6.580285507999974, 57.434201686000051 ], [ -6.590175009999939, 57.442528929000048 ], [ -6.594728457999963, 57.450408978000041 ], [ -6.595126446435612, 57.45109762029665 ], [ -6.593781471537341, 57.453331112640797 ], [ -6.602981209614939, 57.458001256053365 ], [ -6.605286243221213, 57.457301310276442 ], [ -6.614051361216966, 57.457716127667787 ], [ -6.613955855078359, 57.467194438072909 ], [ -6.618324687667763, 57.469887871313539 ], [ -6.623694543999932, 57.476371933000053 ], [ -6.625108252353204, 57.479415775685553 ], [ -6.625784754862309, 57.484279036148735 ], [ -6.629297081737944, 57.48843470639644 ], [ -6.634782885999925, 57.500246142000037 ], [ -6.624362516266896, 57.502685309035684 ], [ -6.618475556301689, 57.502217053973993 ], [ -6.614177354072257, 57.505069419438129 ], [ -6.600506749999965, 57.508269391000056 ], [ -6.594728457999963, 57.505554054000072 ], [ -6.580318941314331, 57.498781704153437 ], [ -6.571948647311842, 57.493498921737967 ], [ -6.570024450397076, 57.495963257744059 ], [ -6.565633049999974, 57.498348554000074 ], [ -6.56491203571221, 57.502510772444516 ], [ -6.560714363976501, 57.507886767760112 ], [ -6.574248551928861, 57.514969348856482 ], [ -6.576318777942994, 57.515267876265753 ], [ -6.580418168999927, 57.51808873400006 ], [ -6.586031649748735, 57.521950347512963 ], [ -6.586361527761937, 57.522893905829221 ], [ -6.604864716433269, 57.535970449476793 ], [ -6.60681185897878, 57.536243278765909 ], [ -6.607784490999961, 57.536912197000049 ], [ -6.629459017382224, 57.545501877412697 ], [ -6.647498249843977, 57.55470764624107 ], [ -6.641854048025493, 57.55937027941485 ], [ -6.642245346571713, 57.562811658559539 ], [ -6.64125585499994, 57.563759341000036 ], [ -6.635616836343274, 57.580770124376279 ], [ -6.635602355064407, 57.580797553464492 ], [ -6.635598186753742, 57.580826383123927 ], [ -6.635075203999975, 57.582404024000027 ], [ -6.635187769516134, 57.583664988529755 ], [ -6.633516430638508, 57.595224618921122 ], [ -6.636619797974823, 57.599706642791055 ], [ -6.636731962999932, 57.600963121000063 ], [ -6.634713278316672, 57.603192765102705 ], [ -6.628700551651283, 57.606009528352168 ], [ -6.614056783999956, 57.604015052000079 ], [ -6.608400160580656, 57.601342056585707 ], [ -6.599878072814533, 57.59599995593311 ], [ -6.595940352691396, 57.59545426684204 ], [ -6.594728457999963, 57.594881595000061 ], [ -6.587147568999967, 57.590856462000033 ], [ -6.572432527999979, 57.574361772000032 ], [ -6.568291362999958, 57.557865853000067 ], [ -6.56759979461587, 57.55696230251035 ], [ -6.567367434259324, 57.551612972960413 ], [ -6.564581155595533, 57.547845959323752 ], [ -6.548069358213979, 57.544336557386316 ], [ -6.545695964620462, 57.545301677909023 ], [ -6.53557355408298, 57.544528312573981 ], [ -6.527497648797237, 57.540650605940925 ], [ -6.515237685110971, 57.537219540186484 ], [ -6.506695586999967, 57.534040516000061 ], [ -6.499241648720787, 57.529470605773945 ], [ -6.495319008465174, 57.525002718001247 ], [ -6.489834215890547, 57.523703034071275 ], [ -6.480676782999979, 57.51808873400006 ], [ -6.477125840986167, 57.515911135068301 ], [ -6.46838514467975, 57.508409786830271 ], [ -6.462306275999936, 57.502958917000058 ], [ -6.459728934276616, 57.503183667559924 ], [ -6.45570850384405, 57.500906944100279 ], [ -6.442880006057949, 57.511414052833125 ], [ -6.43858851899995, 57.514216675000057 ], [ -6.430781644999968, 57.515284672000064 ], [ -6.430383444999961, 57.508923610000068 ], [ -6.442045600668786, 57.491901963853131 ], [ -6.449077129705529, 57.485124707339594 ], [ -6.442976067035172, 57.482416956710281 ], [ -6.437356819999934, 57.476719059000061 ], [ -6.433354888999929, 57.47864256500003 ], [ -6.432552519999945, 57.492004241000075 ], [ -6.427407901209166, 57.496305304976083 ], [ -6.421140908925565, 57.499590635199809 ], [ -6.420933426181828, 57.501718170814371 ], [ -6.418342261999953, 57.503884466000045 ], [ -6.413340533396897, 57.506246873540256 ], [ -6.400532245466422, 57.508734822154281 ], [ -6.403665399102718, 57.51469364631464 ], [ -6.403626096999972, 57.51808873400006 ], [ -6.403575178999972, 57.522486478000076 ], [ -6.398307041999942, 57.525445836000074 ], [ -6.385168221999947, 57.519342149000067 ], [ -6.384166756999946, 57.51808873400006 ], [ -6.373671461999947, 57.504950420000057 ], [ -6.357353004999936, 57.499135111000044 ], [ -6.348164151161226, 57.492304392924048 ], [ -6.346663117508513, 57.484462380034927 ], [ -6.334390219465509, 57.482023423939019 ], [ -6.325934394999933, 57.46444311700003 ], [ -6.322323787999949, 57.463169622000066 ], [ -6.322986949999972, 57.481476402000055 ], [ -6.315116438999951, 57.48637354400006 ], [ -6.327918829915277, 57.494257208488904 ], [ -6.330514669616036, 57.496600509006214 ], [ -6.337681810278899, 57.500269215316919 ], [ -6.364063963999968, 57.516515247000029 ], [ -6.365231837999943, 57.51808873400006 ], [ -6.374953713707518, 57.531179598823947 ], [ -6.373822927485719, 57.535016655494303 ], [ -6.380054758051982, 57.538048343496541 ], [ -6.39507142399998, 57.55826883900005 ], [ -6.392401030999963, 57.565216491000058 ], [ -6.379132887999958, 57.56960988000003 ], [ -6.378010267653848, 57.571165599406086 ], [ -6.374577402924558, 57.571568011854424 ], [ -6.36055254936042, 57.587455034022639 ], [ -6.366665274823474, 57.586887410941912 ], [ -6.366627849999929, 57.586939274000031 ], [ -6.370596743999954, 57.588119697000081 ], [ -6.383986470999957, 57.587159186000065 ], [ -6.392794047999928, 57.589893449000044 ], [ -6.392817043138776, 57.589996210983585 ], [ -6.39194381255669, 57.591817617389211 ], [ -6.394867539105178, 57.609431624769854 ], [ -6.397976599687444, 57.613053530560542 ], [ -6.398242290999974, 57.614240867000035 ], [ -6.421683953999946, 57.643312858000058 ], [ -6.414525080138418, 57.649375902034713 ], [ -6.405297875296469, 57.650803565832177 ], [ -6.406716813986261, 57.655988933976687 ], [ -6.403797904999976, 57.658461037000052 ], [ -6.39093579953303, 57.660392491604085 ], [ -6.382982731167715, 57.660091161378148 ], [ -6.354573130645235, 57.671052575116448 ], [ -6.34305107594605, 57.684240341518546 ], [ -6.348188400074264, 57.701784014720545 ], [ -6.324061751548129, 57.700802921817456 ], [ -6.319570828235158, 57.704045284454537 ], [ -6.313390402999971, 57.705368715000077 ], [ -6.303755081999952, 57.705686969000055 ], [ -6.298290232999932, 57.704540691000034 ], [ -6.295848428999932, 57.701637979000054 ], [ -6.296042258999933, 57.692295008000031 ], [ -6.283344470999964, 57.688075561000062 ], [ -6.282950369500861, 57.687896435144232 ], [ -6.276412725166892, 57.682856440472506 ], [ -6.269393455169863, 57.681734586261314 ], [ -6.255983726999943, 57.675639636000028 ], [ -6.246112928715542, 57.663564011571907 ] ] ], [ [ [ -6.211555575999967, 58.325353076000056 ], [ -6.215062301177401, 58.323248719480901 ], [ -6.230597688038138, 58.317059789827248 ], [ -6.232315833999962, 58.316638204000071 ], [ -6.24422119999997, 58.307366137000031 ], [ -6.240570486060552, 58.303946609854236 ], [ -6.241239377861596, 58.298444374053361 ], [ -6.242864893999979, 58.296170532000076 ], [ -6.264352483999971, 58.29277305800008 ], [ -6.275201204999973, 58.293639273000053 ], [ -6.279271569999935, 58.292223274000037 ], [ -6.281804549999947, 58.288455094000028 ], [ -6.28201386891805, 58.286156456080093 ], [ -6.282763123219183, 58.285862445695443 ], [ -6.282344965045143, 58.282520520447619 ], [ -6.283486757999981, 58.26998190900008 ], [ -6.304348359999949, 58.267197348000082 ], [ -6.316782804999946, 58.269440968000026 ], [ -6.322661535999941, 58.267110903000059 ], [ -6.327059134449193, 58.260121017486554 ], [ -6.327457904558344, 58.259752869399392 ], [ -6.326782789592719, 58.257353406330211 ], [ -6.325483931999941, 58.252466208000044 ], [ -6.325394544134813, 58.252419367126791 ], [ -6.325066208838109, 58.251252412668862 ], [ -6.318886590527208, 58.247369587628931 ], [ -6.318557378999969, 58.246071384000061 ], [ -6.327074029999949, 58.240581084000041 ], [ -6.341974538999978, 58.237775562000081 ], [ -6.344816, 58.234204499000043 ], [ -6.343347876239638, 58.234044460457561 ], [ -6.346843600651255, 58.229429840714772 ], [ -6.330599427121626, 58.225660800905302 ], [ -6.321923256352989, 58.218204378829057 ], [ -6.31279401430383, 58.217741112896881 ], [ -6.31162379999995, 58.217441501000053 ], [ -6.303848430999949, 58.210366204000081 ], [ -6.300262308876358, 58.209719873153553 ], [ -6.291281819100334, 58.206722259424794 ], [ -6.2892186821674, 58.207729467820556 ], [ -6.285930632999964, 58.207136859000059 ], [ -6.276783474999945, 58.211102058000051 ], [ -6.267725893999966, 58.211527889000081 ], [ -6.248790162999967, 58.223639383000034 ], [ -6.246516302999964, 58.22354445700006 ], [ -6.23765900799998, 58.223174689000075 ], [ -6.230225625999935, 58.22583902000008 ], [ -6.223669238453199, 58.229310777457229 ], [ -6.219773053983033, 58.230958104533045 ], [ -6.208912015376995, 58.238305449636925 ], [ -6.206817944116207, 58.242295857509916 ], [ -6.202903347557623, 58.246992383751881 ], [ -6.192201303340845, 58.249833890071329 ], [ -6.180419270612174, 58.252227541791953 ], [ -6.174303412272366, 58.25203967109411 ], [ -6.171309148299206, 58.254078365028633 ], [ -6.169068749999951, 58.254533527000035 ], [ -6.16497491399997, 58.25749029800005 ], [ -6.164533001282575, 58.258692016311912 ], [ -6.15763884452091, 58.26338601647344 ], [ -6.151320945999942, 58.260844267000039 ], [ -6.147445766504105, 58.261311761506327 ], [ -6.137785749724382, 58.259109996440777 ], [ -6.140217781999979, 58.251689964000036 ], [ -6.148278834999928, 58.250512404000062 ], [ -6.152372490999937, 58.24766549900005 ], [ -6.152455595996513, 58.24569369683455 ], [ -6.153072356803477, 58.245477437733655 ], [ -6.152488945655715, 58.244902421544943 ], [ -6.152498806999972, 58.244668445000059 ], [ -6.149416123608195, 58.241873815682439 ], [ -6.148309006487308, 58.240782629355685 ], [ -6.157154984999977, 58.236620757000082 ], [ -6.157781, 58.233001209000065 ], [ -6.158161728722875, 58.232722211937961 ], [ -6.164345860472622, 58.228822946721777 ], [ -6.160320972767002, 58.226211160944658 ], [ -6.157298443999935, 58.222215977000076 ], [ -6.163062443999934, 58.218448442000067 ], [ -6.162969693272767, 58.218076525956391 ], [ -6.163329243449539, 58.217966556711133 ], [ -6.164699152971624, 58.212569106274998 ], [ -6.177604869999925, 58.205516173000035 ], [ -6.19305716599996, 58.201903994000077 ], [ -6.207559439999955, 58.198513561000027 ], [ -6.210686254999928, 58.195331513000042 ], [ -6.208914776999961, 58.190011077000065 ], [ -6.230225625999935, 58.182109533000073 ], [ -6.246516302999964, 58.180931280000038 ], [ -6.253692075999936, 58.180412266000076 ], [ -6.259710078999944, 58.187242250000054 ], [ -6.273927993999962, 58.190056086000027 ], [ -6.276807191999978, 58.198034220000068 ], [ -6.283271232999937, 58.199403945000029 ], [ -6.286557444999971, 58.204706229000067 ], [ -6.286803249492985, 58.20471414319649 ], [ -6.286869406997255, 58.204903364398945 ], [ -6.294429840986494, 58.204959697467608 ], [ -6.307539042999963, 58.205381776000081 ], [ -6.322564499999942, 58.200721999000052 ], [ -6.332120905999943, 58.194759607000037 ], [ -6.332517682999935, 58.191232921000051 ], [ -6.339097978999973, 58.193441813000049 ], [ -6.348870427999941, 58.18924392200006 ], [ -6.353068870999948, 58.189421036000056 ], [ -6.355894638999928, 58.190929271000073 ], [ -6.35554839699995, 58.196718632000056 ], [ -6.360810773999958, 58.199137439000083 ], [ -6.360294892999946, 58.203358885000057 ], [ -6.365293288999965, 58.204485924000039 ], [ -6.372617859999934, 58.202995251000061 ], [ -6.378003445534896, 58.204393672803434 ], [ -6.378431558169552, 58.204724430788076 ], [ -6.378701193852889, 58.204574850217625 ], [ -6.391676234999977, 58.207943951000061 ], [ -6.389808, 58.211372499000049 ], [ -6.39644838199996, 58.207268506000048 ], [ -6.39347749999996, 58.199172999000041 ], [ -6.384359913680535, 58.19187111768246 ], [ -6.380000352633942, 58.184497355968176 ], [ -6.379172274114003, 58.181977917776621 ], [ -6.380443251999964, 58.180341519000081 ], [ -6.375988020334694, 58.172289789911893 ], [ -6.373323560034066, 58.164183139540398 ], [ -6.369998124567923, 58.159561713786175 ], [ -6.369419308999966, 58.154094900000075 ], [ -6.376097873999981, 58.149066035000033 ], [ -6.387304811999968, 58.145288174000029 ], [ -6.370170100999928, 58.140595093000059 ], [ -6.369549123999946, 58.137338037000063 ], [ -6.37319426199997, 58.132799899000076 ], [ -6.385715205999929, 58.130353094000043 ], [ -6.400771145999954, 58.132861027000047 ], [ -6.425905536999949, 58.130418047000035 ], [ -6.447932218999938, 58.133317945000044 ], [ -6.469169014999977, 58.13908869100004 ], [ -6.482869458999971, 58.140282176000028 ], [ -6.482646263999925, 58.138269971000057 ], [ -6.46278134399995, 58.131130503000065 ], [ -6.438278776999937, 58.128879269000038 ], [ -6.429370521932116, 58.124487923526047 ], [ -6.444394503619606, 58.116457025751828 ], [ -6.44731533099997, 58.115197280000075 ], [ -6.448714548503435, 58.114147795112189 ], [ -6.453773856178259, 58.111443399993107 ], [ -6.454821641438311, 58.109567162202588 ], [ -6.458292982999978, 58.106963478000068 ], [ -6.465742471487041, 58.104433753349724 ], [ -6.473643779636404, 58.103629947064576 ], [ -6.477383013730716, 58.102592345871258 ], [ -6.490398137999932, 58.100640954000028 ], [ -6.505118222999954, 58.101376691000041 ], [ -6.514740814999925, 58.099200955000072 ], [ -6.526540324999928, 58.098969625000052 ], [ -6.542232345999935, 58.093464808000078 ], [ -6.552716801857951, 58.092473991978139 ], [ -6.555323004752552, 58.092561363815832 ], [ -6.555906328966415, 58.092172571036102 ], [ -6.589366016999975, 58.089010519000055 ], [ -6.594728457999963, 58.088511011000037 ], [ -6.624095119999936, 58.085775396000031 ], [ -6.63308, 58.082850999000073 ], [ -6.625495985999976, 58.080806025000072 ], [ -6.61792711399994, 58.083414591000064 ], [ -6.606936277999978, 58.08369708400005 ], [ -6.595623822999926, 58.086954626000079 ], [ -6.581329466999932, 58.087421524000035 ], [ -6.567990063999957, 58.085978410000052 ], [ -6.555562185087494, 58.087696020764469 ], [ -6.538488745558936, 58.086111664421878 ], [ -6.519413471154508, 58.088150024604033 ], [ -6.513313103341125, 58.092022474855106 ], [ -6.508816776999936, 58.09293714000006 ], [ -6.481351822999954, 58.093532009000057 ], [ -6.465796697999963, 58.095724864000033 ], [ -6.455500164789211, 58.095260223803031 ], [ -6.442233204398519, 58.093785643292904 ], [ -6.440363512103424, 58.094577168920189 ], [ -6.433786512999973, 58.094280376000029 ], [ -6.429356516999974, 58.096292374000029 ], [ -6.430707946687333, 58.099569220627764 ], [ -6.429004138193168, 58.102555180800103 ], [ -6.42841100499993, 58.103128324000068 ], [ -6.421335136074717, 58.105422195292199 ], [ -6.401975750879842, 58.108616829003608 ], [ -6.395969629494459, 58.101733445941989 ], [ -6.393658880162166, 58.100357634574578 ], [ -6.394607980999979, 58.098884241000064 ], [ -6.389430946999937, 58.094576898000071 ], [ -6.39539476799996, 58.089112213000078 ], [ -6.39234483499996, 58.087877152000033 ], [ -6.384055960999945, 58.08977744300006 ], [ -6.380455816999927, 58.089011666000033 ], [ -6.379220691055756, 58.084053962078535 ], [ -6.3799979685312, 58.079461455781768 ], [ -6.374306359875064, 58.077029774893305 ], [ -6.372893990999955, 58.075590972000043 ], [ -6.374134764554647, 58.071421325024417 ], [ -6.379441022884578, 58.06772935362693 ], [ -6.373772595514548, 58.066427936106408 ], [ -6.368814360999977, 58.059447495000029 ], [ -6.379155855999954, 58.049343293000049 ], [ -6.394548395730294, 58.046603638844871 ], [ -6.413308739306558, 58.046603203175152 ], [ -6.402102947392905, 58.041611552131542 ], [ -6.392059091168074, 58.04184844516886 ], [ -6.364529930999936, 58.040150782000069 ], [ -6.360338215999946, 58.038134484000068 ], [ -6.359412612999961, 58.034507781000059 ], [ -6.363859943199274, 58.026330409233893 ], [ -6.364909768270934, 58.02577757827288 ], [ -6.365198868130208, 58.023868508174935 ], [ -6.367012521999925, 58.020533716000045 ], [ -6.376738836027784, 58.014546429639879 ], [ -6.379132866588179, 58.014028072437611 ], [ -6.38828945159662, 58.007392048804093 ], [ -6.388312172827709, 58.006257577238635 ], [ -6.392959743999938, 58.002100139000049 ], [ -6.400504851999926, 58.003083602000061 ], [ -6.404885123409172, 58.004916055017738 ], [ -6.409955620655126, 58.009512544068798 ], [ -6.417689203893417, 58.011558413590024 ], [ -6.423536717441137, 58.011549200571785 ], [ -6.43439961699994, 58.01294800900007 ], [ -6.439611900490632, 58.011523873404364 ], [ -6.454536676426244, 58.011500358754631 ], [ -6.45771141219698, 58.01130315419126 ], [ -6.464397110999926, 58.013430828000082 ], [ -6.472472493999931, 58.011292413000035 ], [ -6.487890721999975, 58.011063448000073 ], [ -6.500169779999965, 58.008033602000069 ], [ -6.522001064999927, 58.010377337000079 ], [ -6.522912123080581, 58.010060486063317 ], [ -6.52559638036837, 58.010529876053113 ], [ -6.52722603367531, 58.008560179285872 ], [ -6.532616307999945, 58.006685531000073 ], [ -6.551671360999933, 58.006327148000082 ], [ -6.56482914399993, 58.004291632000047 ], [ -6.560826171999963, 58.002653140000064 ], [ -6.533822391235963, 58.000587425751483 ], [ -6.534794450203492, 57.999412536959028 ], [ -6.504887342676511, 57.999444722795772 ], [ -6.48829541322652, 58.000566132028986 ], [ -6.472097581999947, 57.999315069000033 ], [ -6.456012761999943, 57.991055417000041 ], [ -6.455352931080274, 57.989205134022335 ], [ -6.455649256507684, 57.985450863466838 ], [ -6.45320548547431, 57.983183315505165 ], [ -6.450906521999968, 57.97673661400006 ], [ -6.451185005770057, 57.972212880665097 ], [ -6.452736139261106, 57.969616055936228 ], [ -6.452083919812265, 57.968074002696589 ], [ -6.452641326999981, 57.966809202000036 ], [ -6.464993707999952, 57.958764003000056 ], [ -6.465144482664101, 57.957893609602358 ], [ -6.465340852697977, 57.95780944854738 ], [ -6.465511250393015, 57.955776329411194 ], [ -6.467282983999951, 57.945548449000057 ], [ -6.471650910999927, 57.940518156000053 ], [ -6.48340585699998, 57.93856561900003 ], [ -6.495330908249418, 57.938311118842179 ], [ -6.501281380530884, 57.939904212809211 ], [ -6.504277744757045, 57.936013232702607 ], [ -6.517868355999951, 57.929964633000054 ], [ -6.544893182999942, 57.945774992000054 ], [ -6.546739768999942, 57.939607892000026 ], [ -6.539416686999971, 57.927232208000078 ], [ -6.540328772999942, 57.919778114000053 ], [ -6.544548738999936, 57.917806323000036 ], [ -6.559445854425175, 57.916429306183375 ], [ -6.559759319271016, 57.916410084947096 ], [ -6.569569467999941, 57.920422626000061 ], [ -6.571994777999976, 57.914448539000034 ], [ -6.575327921999929, 57.913026958000046 ], [ -6.58745528399993, 57.918334123000079 ], [ -6.59404294999996, 57.923985744000049 ], [ -6.603110197175649, 57.932906504772397 ], [ -6.603642106097993, 57.934222936439539 ], [ -6.608617229813458, 57.939036169578053 ], [ -6.613060806999954, 57.948297590000038 ], [ -6.637902835999967, 57.957111763000057 ], [ -6.639061733999938, 57.953869806000057 ], [ -6.627006943999959, 57.941469419000043 ], [ -6.623867369285674, 57.934780097179605 ], [ -6.625139832137222, 57.932927370401956 ], [ -6.619191825545245, 57.92999151345257 ], [ -6.613704775999963, 57.925514078000049 ], [ -6.611513416165801, 57.920764462484875 ], [ -6.61121997861912, 57.91761725100605 ], [ -6.613467306999951, 57.91664034300004 ], [ -6.619107534999955, 57.916935383000066 ], [ -6.633627644999933, 57.923115119000045 ], [ -6.642365333999976, 57.922682972000075 ], [ -6.649381663999975, 57.920127582000077 ], [ -6.655022441999961, 57.921164098000077 ], [ -6.673882596999931, 57.935431627000071 ], [ -6.691154844999971, 57.956383606000031 ], [ -6.691707459224017, 57.95669368588905 ], [ -6.693664550478275, 57.959228634493968 ], [ -6.696070619973001, 57.959141918927472 ], [ -6.701690737999968, 57.962295449000067 ], [ -6.703393016687252, 57.964306661283132 ], [ -6.711353005498887, 57.983030777020879 ], [ -6.708276734741407, 57.990192697307457 ], [ -6.704956054977686, 57.993201732573937 ], [ -6.707982443600303, 57.997400240261165 ], [ -6.711798285999976, 58.005333202000031 ], [ -6.711442735999981, 58.011630792000062 ], [ -6.695142195087453, 58.026927660885981 ], [ -6.6863169546881, 58.033850425190764 ], [ -6.68245058499997, 58.036168280000027 ], [ -6.671388846999946, 58.039646591000064 ], [ -6.670453298141219, 58.041323428029273 ], [ -6.665947556534093, 58.042812704642699 ], [ -6.667047082764448, 58.047428580122556 ], [ -6.666029296999966, 58.049252815000045 ], [ -6.659282154999971, 58.053449013000034 ], [ -6.644409022256438, 58.054230111928582 ], [ -6.63398842648697, 58.053608460182964 ], [ -6.620325069568638, 58.049779416602682 ], [ -6.617595672202242, 58.048609137401911 ], [ -6.614733301612598, 58.051024203928776 ], [ -6.610630005999951, 58.052073293000035 ], [ -6.61249085706033, 58.052916220565663 ], [ -6.611248850753668, 58.053964137934656 ], [ -6.616090150351014, 58.054546626994259 ], [ -6.616728730999967, 58.054835891000039 ], [ -6.641819, 58.057729499000061 ], [ -6.68053228399998, 58.056894432000036 ], [ -6.69152, 58.058276999000043 ], [ -6.674337795999975, 58.052580767000052 ], [ -6.674294707999934, 58.044798480000054 ], [ -6.688654072969728, 58.037444688140141 ], [ -6.688938737232604, 58.037336945843435 ], [ -6.689110725187472, 58.037210825057144 ], [ -6.698729055999934, 58.032285036000076 ], [ -6.722856150999974, 58.015028846000064 ], [ -6.747316044267224, 58.006642019308181 ], [ -6.750610232176257, 58.005824565551393 ], [ -6.750698262332413, 58.005482321821489 ], [ -6.75287713299997, 58.004735229000062 ], [ -6.755307172999949, 57.995964980000053 ], [ -6.753327978212339, 57.995258509770863 ], [ -6.753959178872606, 57.99280452720717 ], [ -6.739232661722617, 57.989884830302415 ], [ -6.729401636999967, 57.977903550000065 ], [ -6.723703445999945, 57.96365856400007 ], [ -6.72622625799994, 57.955898632000071 ], [ -6.731615796999961, 57.952793987000064 ], [ -6.72128696733094, 57.952424690134897 ], [ -6.721029400486202, 57.950859665840937 ], [ -6.715171974183824, 57.952206054735527 ], [ -6.70755713899996, 57.95193379400007 ], [ -6.704792774441261, 57.949548996821704 ], [ -6.703737020346978, 57.947694301351135 ], [ -6.695994460228908, 57.941958755208319 ], [ -6.680691709999962, 57.928757184000062 ], [ -6.677129617999981, 57.92340672000006 ], [ -6.678704784999979, 57.918650021000076 ], [ -6.694428814588437, 57.917579809322888 ], [ -6.697942256729448, 57.917719244647515 ], [ -6.697880128405942, 57.917128669494168 ], [ -6.704149815999926, 57.914337553000053 ], [ -6.673009604999947, 57.900096079000036 ], [ -6.669788253966685, 57.891407399452575 ], [ -6.669793248259566, 57.890537500205539 ], [ -6.669317932131515, 57.890138839873764 ], [ -6.667193405999967, 57.884408534000045 ], [ -6.672467938999944, 57.881957261000082 ], [ -6.697473591999938, 57.881522045000054 ], [ -6.707208733197255, 57.882770712107344 ], [ -6.718367814622638, 57.885622859007924 ], [ -6.72300579689454, 57.884796904992555 ], [ -6.744435381999949, 57.887545547000059 ], [ -6.77367583299997, 57.89724327700003 ], [ -6.783835510682341, 57.896800666850858 ], [ -6.784736036938284, 57.896964907204904 ], [ -6.784887260655245, 57.896754846970843 ], [ -6.794371764999937, 57.896341651000057 ], [ -6.791598941135958, 57.887431857157772 ], [ -6.792252540921822, 57.886523961711475 ], [ -6.8034477326622, 57.883163380490558 ], [ -6.803608743999973, 57.883194714000069 ], [ -6.804204735188706, 57.882936142893051 ], [ -6.812499165203974, 57.88044631454585 ], [ -6.804205537255427, 57.867807269490129 ], [ -6.795473016613495, 57.868478403860479 ], [ -6.795470165999973, 57.868477445000053 ], [ -6.781019417999971, 57.869053930000064 ], [ -6.77367583299997, 57.866184015000044 ], [ -6.767564498356092, 57.861378250237493 ], [ -6.766864949572345, 57.860454138141776 ], [ -6.764253906999954, 57.85198652400004 ], [ -6.755068732999973, 57.84457764900003 ], [ -6.754797797087015, 57.844513289080695 ], [ -6.752348304230622, 57.841277480471547 ], [ -6.743316961097311, 57.84156571914847 ], [ -6.739098684999931, 57.832671774000062 ], [ -6.740866351999955, 57.827093242000046 ], [ -6.746082000999934, 57.824875893000069 ], [ -6.755572868999934, 57.826224283000045 ], [ -6.764616588999957, 57.824002592000056 ], [ -6.77367583299997, 57.826084585000046 ], [ -6.79447179899995, 57.831046959000048 ], [ -6.791577644999961, 57.81915633300008 ], [ -6.78737082899994, 57.812677626000038 ], [ -6.788590386999942, 57.808297826000057 ], [ -6.792107619012495, 57.806922303521276 ], [ -6.794936643808799, 57.807573691002993 ], [ -6.804514335999954, 57.812272390000032 ], [ -6.814466599999946, 57.811605721000035 ], [ -6.824314461999961, 57.814446849000035 ], [ -6.842340717999946, 57.827301763000037 ], [ -6.844279391999976, 57.827526762000048 ], [ -6.845169054999928, 57.824022027000069 ], [ -6.839311772999963, 57.814541815000041 ], [ -6.845789349999961, 57.807744452000065 ], [ -6.851601663796523, 57.810067900593459 ], [ -6.851880550446822, 57.810708641890415 ], [ -6.852848598938873, 57.810566357800681 ], [ -6.853771945999938, 57.810935462000032 ], [ -6.858061136397031, 57.80980021730926 ], [ -6.863457560917254, 57.809007049036211 ], [ -6.859526313457399, 57.804168176886627 ], [ -6.858954802999961, 57.792414102000066 ], [ -6.863812140515049, 57.791882285010381 ], [ -6.871876359206397, 57.79479503666181 ], [ -6.872715802373238, 57.794234887754037 ], [ -6.87573850299998, 57.795150292000073 ], [ -6.880752991999941, 57.792909789000078 ], [ -6.87948460450072, 57.789718158964725 ], [ -6.881241440339863, 57.788545846513671 ], [ -6.875601437610928, 57.779087081961045 ], [ -6.876470595999933, 57.775390424000079 ], [ -6.882321520999938, 57.773566541000037 ], [ -6.888499127999978, 57.773615950000078 ], [ -6.908507566999958, 57.777837859000044 ], [ -6.911901533999981, 57.774665209000034 ], [ -6.90399860399998, 57.768511518000082 ], [ -6.903856073999975, 57.764573816000052 ], [ -6.912385806999964, 57.761130062000063 ], [ -6.935362091999934, 57.75649246100005 ], [ -6.936706868547828, 57.755214955252555 ], [ -6.940404057900651, 57.754529357044419 ], [ -6.939056403084054, 57.751452196985873 ], [ -6.940701456999932, 57.746719086000041 ], [ -6.947602490999941, 57.740505823000035 ], [ -6.961230010999941, 57.738701168000034 ], [ -6.970406631999936, 57.74008494800006 ], [ -6.970121957088703, 57.735660594756169 ], [ -6.971203208361089, 57.735749840882534 ], [ -6.973938645537727, 57.731149670529341 ], [ -6.974747343999979, 57.731342776000076 ], [ -6.986534376008765, 57.740261631703348 ], [ -6.989219426734962, 57.742972373576379 ], [ -6.995215144711088, 57.746830081113835 ], [ -7.000282411999933, 57.750664314000062 ], [ -7.013074533999941, 57.755766154000071 ], [ -7.014408382999932, 57.75984126600008 ], [ -7.017823287999931, 57.762894632000041 ], [ -7.021908970460973, 57.764769073684278 ], [ -7.021954179041813, 57.764930010211913 ], [ -7.022928413467517, 57.76523677681206 ], [ -7.055316980469897, 57.780096100966787 ], [ -7.059455343802086, 57.782200624868999 ], [ -7.072840691999943, 57.792848551000077 ], [ -7.084797708999929, 57.805902856000046 ], [ -7.08603438072003, 57.806164601617169 ], [ -7.087369561555647, 57.80774557629735 ], [ -7.102361158459034, 57.80962021756234 ], [ -7.104690866999931, 57.810113308000041 ], [ -7.122810440999956, 57.820279654000046 ], [ -7.126700245486954, 57.829467216190039 ], [ -7.125957727666787, 57.831387877848499 ], [ -7.108172873280441, 57.840209926811802 ], [ -7.106895443999974, 57.840429295000035 ], [ -7.084368455999936, 57.832484481000051 ], [ -7.079154704999951, 57.824865683000041 ], [ -7.079839128999936, 57.81578773800004 ], [ -7.072991983999941, 57.812575276000075 ], [ -7.070743733999961, 57.822224214000073 ], [ -7.062579949973526, 57.82398244617395 ], [ -7.062292814361683, 57.823968767744645 ], [ -7.060608115506159, 57.824407119682078 ], [ -7.054035296999928, 57.825822706000054 ], [ -7.052739584809544, 57.82645448005411 ], [ -7.046164035541437, 57.828165411804264 ], [ -7.038001114358639, 57.833503834358595 ], [ -7.035828310888292, 57.834031860224492 ], [ -7.02522456636018, 57.834821343730255 ], [ -7.020382878048661, 57.837785346520263 ], [ -7.020127398999932, 57.837847432000046 ], [ -7.019517533520261, 57.838315096357817 ], [ -7.005689263548334, 57.846780538191467 ], [ -7.004059846036544, 57.850677094165249 ], [ -6.992789290311517, 57.865427795412792 ], [ -6.982816099982756, 57.863167524062135 ], [ -6.954274773961401, 57.870374440927719 ], [ -6.948428535477584, 57.870748910827132 ], [ -6.944377980999946, 57.869103878000033 ], [ -6.935713928999974, 57.870322142000077 ], [ -6.930214610951889, 57.869354002511464 ], [ -6.919708013613729, 57.86600100993877 ], [ -6.91390138626108, 57.869382131466672 ], [ -6.912896441999976, 57.869719018000069 ], [ -6.913032874130363, 57.869887854476616 ], [ -6.91133737581896, 57.870875120490609 ], [ -6.914731113679011, 57.871989447267921 ], [ -6.916109993999953, 57.873695829000042 ], [ -6.95711221199997, 57.888300087000061 ], [ -6.957108512630356, 57.890079495378615 ], [ -6.951404571463513, 57.894286513012275 ], [ -6.95152581377141, 57.896850027962252 ], [ -6.946129413971939, 57.902297491021699 ], [ -6.939205050272619, 57.902812600421328 ], [ -6.928064505685549, 57.906913058806126 ], [ -6.91480441799996, 57.909554890000038 ], [ -6.888449304999938, 57.906786385000032 ], [ -6.879090835420235, 57.904820984461786 ], [ -6.870553255028483, 57.900791168178046 ], [ -6.852386355245756, 57.899703502914406 ], [ -6.84953778150584, 57.90278685907623 ], [ -6.83558596599994, 57.90536465100007 ], [ -6.860422279999966, 57.922330560000034 ], [ -6.858846519999929, 57.925015622000046 ], [ -6.849010351999937, 57.928236581000078 ], [ -6.84959852399993, 57.929917601000056 ], [ -6.868351290588603, 57.931188370853135 ], [ -6.869265675869997, 57.932737946199438 ], [ -6.874364774229902, 57.931595870924504 ], [ -6.876611013999934, 57.931748086000027 ], [ -6.90182541799993, 57.935772498000063 ], [ -6.909183379999945, 57.938825784000073 ], [ -6.91305863599996, 57.943019154000069 ], [ -6.923311826999964, 57.943307678000053 ], [ -6.944119082999975, 57.948845297000048 ], [ -6.944234826646048, 57.948858196606402 ], [ -6.945407033207687, 57.949370145715704 ], [ -6.978396427166806, 57.954657099909276 ], [ -6.986145870999962, 57.957234265000068 ], [ -6.999143897999943, 57.963678728000048 ], [ -7.001273696999931, 57.962453606000054 ], [ -6.997253886999943, 57.958170230000064 ], [ -7.000550525999927, 57.95487498600005 ], [ -7.021714184999951, 57.95313582600005 ], [ -7.034052007999946, 57.954987452000069 ], [ -7.053363578999949, 57.961988276000056 ], [ -7.059834975999934, 57.967615568000042 ], [ -7.069437326999946, 57.966446819000055 ], [ -7.078297082999939, 57.968481227000041 ], [ -7.081929614999979, 57.97282673400008 ], [ -7.081437654999945, 57.979633101000047 ], [ -7.082928084191771, 57.984165918936128 ], [ -7.082618952202552, 57.98672020437408 ], [ -7.085107651063788, 57.988727882252569 ], [ -7.090189353999961, 57.99323183000007 ], [ -7.090707019064451, 57.993244992556093 ], [ -7.092989206486379, 57.995086073963307 ], [ -7.094890892382004, 57.993351374985039 ], [ -7.095932, 57.993377847000033 ], [ -7.100492214999974, 57.989079509000078 ], [ -7.10514171899996, 57.987457041000027 ], [ -7.108018509936488, 57.987613312796285 ], [ -7.11057495627563, 57.988585341999162 ], [ -7.111861896999926, 57.989670999000055 ], [ -7.108545410999966, 57.994804859000055 ], [ -7.10738257099996, 57.996604739000077 ], [ -7.102865607203193, 57.99840715825276 ], [ -7.093555450223619, 57.99964404133965 ], [ -7.093363159931147, 58.002198951740908 ], [ -7.093085585999972, 58.002309713000045 ], [ -7.090326476999962, 58.011741181000048 ], [ -7.082935324999937, 58.018609423000044 ], [ -7.072707344999969, 58.017478394000079 ], [ -7.065533895450415, 58.013228421537903 ], [ -7.059490561040207, 58.009131074139873 ], [ -7.058243905008244, 58.010497297464809 ], [ -7.057059260999949, 58.010300252000036 ], [ -7.04181390399998, 58.025155465000068 ], [ -7.035718971114435, 58.027856833736912 ], [ -7.016712875145316, 58.033603892347195 ], [ -7.009604888999945, 58.035155867000071 ], [ -6.994312079999929, 58.040350868000075 ], [ -6.968332282999938, 58.041931367000075 ], [ -6.961599167999964, 58.043815008000081 ], [ -6.955261119999932, 58.045588035000037 ], [ -6.926503784999966, 58.050394180000069 ], [ -6.907952, 58.049674999000047 ], [ -6.907830504999936, 58.050630526000077 ], [ -6.912639444999968, 58.053172422000046 ], [ -6.926072429999977, 58.052513242000032 ], [ -6.940727261999939, 58.051169381000079 ], [ -6.945071818999963, 58.050770972000066 ], [ -6.961599167999964, 58.049189529000046 ], [ -6.981613774999971, 58.047274309000045 ], [ -7.01143175806815, 58.040532182078259 ], [ -7.015789747298584, 58.040156244914954 ], [ -7.026354142569594, 58.037158090341258 ], [ -7.03658078999996, 58.034845749000056 ], [ -7.04796071233336, 58.03660805268639 ], [ -7.057148865306083, 58.040434287781771 ], [ -7.061902318999955, 58.042798503000029 ], [ -7.061626933141722, 58.044842819292718 ], [ -7.056810583350966, 58.046899011076484 ], [ -7.047509814999955, 58.050314885000034 ], [ -7.032816396999976, 58.051234241000031 ], [ -7.024884304999944, 58.053803638000034 ], [ -7.03151676799996, 58.055983 ], [ -7.051897373999964, 58.05413949800004 ], [ -7.057501282999965, 58.057156657000064 ], [ -7.052056449965208, 58.063122735813444 ], [ -7.038813233443761, 58.065313577659595 ], [ -7.038595139647652, 58.067285894529718 ], [ -7.025833146999958, 58.070942139000067 ], [ -7.029714988999956, 58.078786647000072 ], [ -7.033083568999928, 58.07929669400005 ], [ -7.041748138999935, 58.073068221000028 ], [ -7.061490282999955, 58.067341960000078 ], [ -7.061607550334191, 58.067182134397861 ], [ -7.063513755555164, 58.06665813966157 ], [ -7.062988524152697, 58.065299982188755 ], [ -7.065929951956166, 58.061291061263503 ], [ -7.068097284487064, 58.06159302465754 ], [ -7.083707478999941, 58.064301532000059 ], [ -7.086792790999937, 58.068230318000076 ], [ -7.099791708999931, 58.070838071000082 ], [ -7.103393856999958, 58.083295515000032 ], [ -7.102573000999939, 58.090176275000033 ], [ -7.104143782173963, 58.092131963084498 ], [ -7.104011177873303, 58.094262837959661 ], [ -7.107334186997621, 58.096104150172948 ], [ -7.111169014999973, 58.100878671000032 ], [ -7.111396264999939, 58.105103160000056 ], [ -7.11154586716528, 58.107883873354432 ], [ -7.110726714166162, 58.109342455989633 ], [ -7.11692117980532, 58.112404438795892 ], [ -7.128264105999961, 58.119099876000064 ], [ -7.133459542999958, 58.126838460000045 ], [ -7.128264105999961, 58.13725045800004 ], [ -7.115432566999971, 58.140082715000062 ], [ -7.112398834999965, 58.143767010000033 ], [ -7.112461042123391, 58.144507823067379 ], [ -7.103320096181275, 58.152837262103901 ], [ -7.101960295999959, 58.153310194000028 ], [ -7.099177925336009, 58.156611702927968 ], [ -7.090919852069135, 58.164136648187593 ], [ -7.098181223605483, 58.167307323423223 ], [ -7.105700337999963, 58.177731476000076 ], [ -7.10162785259419, 58.183075292616145 ], [ -7.097690161375877, 58.186455313992155 ], [ -7.086503280999978, 58.188180903000045 ], [ -7.080080867009474, 58.184797788409888 ], [ -7.079934358983166, 58.183915018863047 ], [ -7.074666325836073, 58.183712690655291 ], [ -7.060144453999953, 58.181662895000045 ], [ -7.054863185503677, 58.182952115734921 ], [ -7.051710774424964, 58.182831041765589 ], [ -7.049733235999952, 58.178387216000033 ], [ -7.046037333999948, 58.176962222000043 ], [ -7.032259300999954, 58.184591031000082 ], [ -7.01868503999998, 58.185787982000079 ], [ -7.023596401999953, 58.192721974000051 ], [ -7.030517102999966, 58.19645390900007 ], [ -7.034084771999972, 58.196016343000053 ], [ -7.036136871782351, 58.192794345632826 ], [ -7.046549439104979, 58.192185044104747 ], [ -7.048272464232776, 58.192515428618705 ], [ -7.061542786778743, 58.197370576260099 ], [ -7.062135516071214, 58.198509981695636 ], [ -7.055698003999964, 58.208278795000069 ], [ -7.056219427999963, 58.214467445000082 ], [ -7.052217033380477, 58.223481373749088 ], [ -7.040262103313069, 58.233038544893077 ], [ -7.038388438872033, 58.236208337443287 ], [ -7.034784672999933, 58.239939310000068 ], [ -7.027920193999933, 58.242153698000038 ], [ -7.025162240698474, 58.237492385637744 ], [ -7.025920152392928, 58.232882738247838 ], [ -7.009484367179196, 58.233545958848808 ], [ -6.999253952999936, 58.232904696000048 ], [ -6.992703810430252, 58.229792204979375 ], [ -6.975483537035245, 58.21976435184348 ], [ -6.96512353412345, 58.220843076946664 ], [ -6.966410512884424, 58.228763548516561 ], [ -6.965948687999969, 58.231062117000079 ], [ -6.962192336368305, 58.232389891522971 ], [ -6.956673002474941, 58.232519955915535 ], [ -6.946706872233472, 58.225382634457127 ], [ -6.938871025876836, 58.216720939020206 ], [ -6.911508065825324, 58.213917244193986 ], [ -6.909925130999966, 58.212384796000038 ], [ -6.911988321999956, 58.20464193600003 ], [ -6.937475631595101, 58.203442362817235 ], [ -6.944520831370994, 58.203614354419074 ], [ -6.944814181228803, 58.201045714474624 ], [ -6.948434751999969, 58.199326709000047 ], [ -6.945206041437775, 58.197614494862236 ], [ -6.945520877486047, 58.194857716810304 ], [ -6.934110522182607, 58.189855218143805 ], [ -6.908259630477176, 58.185387849369874 ], [ -6.902779210968824, 58.1866143026798 ], [ -6.89629109599997, 58.186518511000031 ], [ -6.887265909288206, 58.175338589155444 ], [ -6.889621973375029, 58.159920811696168 ], [ -6.887972831680599, 58.149674177321572 ], [ -6.87980651895549, 58.138880848672386 ], [ -6.876663446860277, 58.126785039997742 ], [ -6.866171479230104, 58.131250143379532 ], [ -6.879838824401986, 58.145456552078201 ], [ -6.886378527047043, 58.16241431247073 ], [ -6.881376654795222, 58.172253514354679 ], [ -6.875624426999934, 58.172033340000041 ], [ -6.87171430199993, 58.173911237000027 ], [ -6.87766062399993, 58.181409949000056 ], [ -6.876494587999957, 58.186956419000069 ], [ -6.86502300799998, 58.184824017000039 ], [ -6.863236488999974, 58.190740332000075 ], [ -6.861381747561352, 58.191976739551116 ], [ -6.856496214728224, 58.19345617286416 ], [ -6.847004022957075, 58.198320191772773 ], [ -6.841848546999927, 58.198733768000068 ], [ -6.832444153999973, 58.202708096000038 ], [ -6.826121027999932, 58.203076697000029 ], [ -6.800316425416343, 58.198988125287848 ], [ -6.796450256973515, 58.198167801103352 ], [ -6.788689016884177, 58.194064259358186 ], [ -6.78445812427863, 58.193200661322898 ], [ -6.781297484999925, 58.191828137000073 ], [ -6.776402476663357, 58.19155636492917 ], [ -6.757870673992102, 58.187773704892777 ], [ -6.755470448896707, 58.189218070712158 ], [ -6.749905136999928, 58.189121739000029 ], [ -6.73535855199998, 58.174894478000056 ], [ -6.727989735164527, 58.173880219187197 ], [ -6.727429151533784, 58.173772811965819 ], [ -6.727416664980626, 58.173801340651146 ], [ -6.720350147999966, 58.172828691000063 ], [ -6.722279821999962, 58.180934707000063 ], [ -6.72010522599993, 58.187253525000074 ], [ -6.728859926999974, 58.191595537000069 ], [ -6.7303030682536, 58.191244872971815 ], [ -6.738533258003145, 58.195698857216712 ], [ -6.755592578113314, 58.199178218535629 ], [ -6.759078509999938, 58.200930523000068 ], [ -6.756537245999937, 58.207345291000081 ], [ -6.746223248999968, 58.211946108000063 ], [ -6.75149557773741, 58.214828002235954 ], [ -6.750390649208839, 58.216142654260182 ], [ -6.759314408061387, 58.219101833243883 ], [ -6.759822658999951, 58.219379647000039 ], [ -6.768583776845535, 58.228543412618606 ], [ -6.770093440859398, 58.231397151757221 ], [ -6.771723248202858, 58.231827169348257 ], [ -6.77367583299997, 58.233869492000053 ], [ -6.78880333099994, 58.23723121200004 ], [ -6.797599241574134, 58.244593956991132 ], [ -6.800343274622207, 58.247528910930498 ], [ -6.802866900178044, 58.249003327308571 ], [ -6.807842748999974, 58.253168434000031 ], [ -6.810646989849494, 58.259956255448557 ], [ -6.810820579705592, 58.262280344762246 ], [ -6.812238348658282, 58.263808228240563 ], [ -6.815029742999968, 58.270564954000065 ], [ -6.794251217999943, 58.277507724000031 ], [ -6.802499189999935, 58.279250362000028 ], [ -6.819031305999943, 58.27961573400006 ], [ -6.825216914999942, 58.283185484000057 ], [ -6.818551879999973, 58.288501967000059 ], [ -6.808845596999959, 58.291277452000031 ], [ -6.808158456781422, 58.291757409893741 ], [ -6.805168748038966, 58.292158245906364 ], [ -6.805010132087656, 58.293956470941197 ], [ -6.799909517999936, 58.297519179000062 ], [ -6.800083538560529, 58.304556484187195 ], [ -6.789865988004062, 58.306488250407455 ], [ -6.776316262999956, 58.30891112200004 ], [ -6.77367583299997, 58.308720073000075 ], [ -6.769033589029337, 58.308384178922132 ], [ -6.761689543437399, 58.306144952927411 ], [ -6.759889762138893, 58.307648652421477 ], [ -6.759325581999974, 58.307598029000076 ], [ -6.747567499999946, 58.314550999000062 ], [ -6.738230797999961, 58.31473380500006 ], [ -6.740004493038389, 58.317950239547329 ], [ -6.731879949399797, 58.32061135742839 ], [ -6.729531944674004, 58.322827410108182 ], [ -6.72432312899997, 58.327509821000035 ], [ -6.718451327842009, 58.328649254001505 ], [ -6.713624953828344, 58.32873010590987 ], [ -6.712105295161136, 58.33079337811165 ], [ -6.706440635999968, 58.335467168000037 ], [ -6.698918427999956, 58.336291740000036 ], [ -6.69352250299994, 58.332197461000078 ], [ -6.689353858999937, 58.332234798000059 ], [ -6.686511633999942, 58.337799626000049 ], [ -6.682507607452651, 58.33906507244054 ], [ -6.678788423846356, 58.339591145415113 ], [ -6.677937221263321, 58.340509513147083 ], [ -6.671639837999976, 58.342499760000067 ], [ -6.671184362999952, 58.346923764000053 ], [ -6.666800780999949, 58.350355225000044 ], [ -6.659785012999976, 58.350497274000077 ], [ -6.649732958999948, 58.35394922100005 ], [ -6.645678393999958, 58.350870314000076 ], [ -6.644669853999972, 58.345426415000077 ], [ -6.639389623999932, 58.344031182000037 ], [ -6.632749489999981, 58.347821531000079 ], [ -6.622628546999977, 58.346627079000029 ], [ -6.617995139961566, 58.347387876588471 ], [ -6.616536260040164, 58.347342610773069 ], [ -6.611971144768069, 58.349930799675583 ], [ -6.596930416999953, 58.35748092800003 ], [ -6.594728457999963, 58.358586094000032 ], [ -6.580526879999979, 58.363185911000073 ], [ -6.547834261999981, 58.366244867000034 ], [ -6.521343228718136, 58.394977498098328 ], [ -6.504755763271036, 58.398493931971515 ], [ -6.495146348999981, 58.400058879000028 ], [ -6.485489204999965, 58.408006178000051 ], [ -6.447176567999975, 58.423965786000053 ], [ -6.432005993999951, 58.435475238000038 ], [ -6.401321030999952, 58.446396108000044 ], [ -6.382345115999954, 58.450103350000063 ], [ -6.380059310894918, 58.451240141697689 ], [ -6.380047917776778, 58.451241016060123 ], [ -6.380016544073403, 58.451261410775935 ], [ -6.369412859999954, 58.456534905000069 ], [ -6.353977980999957, 58.460553231000063 ], [ -6.341497334999929, 58.468515025000045 ], [ -6.332955358999925, 58.476969704000055 ], [ -6.312692910999942, 58.478077755000072 ], [ -6.311531794000296, 58.478477891578891 ], [ -6.310786008966886, 58.478457569661202 ], [ -6.309032825074749, 58.479339069975843 ], [ -6.301303054999948, 58.48200285300004 ], [ -6.287276006859904, 58.490278391394448 ], [ -6.279127955590411, 58.494375229033665 ], [ -6.278833158568395, 58.495259419084448 ], [ -6.274846891999971, 58.497611197000083 ], [ -6.275840081918373, 58.50423660812482 ], [ -6.274757147024445, 58.507484674378361 ], [ -6.279253578615855, 58.509129131411648 ], [ -6.280309784999929, 58.510298548000037 ], [ -6.265430022999965, 58.514829398000074 ], [ -6.253414525999972, 58.513399461000063 ], [ -6.241501607999965, 58.506499127000041 ], [ -6.226134053999942, 58.501170612000067 ], [ -6.222661850999941, 58.496040856000036 ], [ -6.223812159999966, 58.488843479000082 ], [ -6.212269086849933, 58.484105430427675 ], [ -6.208495320201173, 58.481783447448699 ], [ -6.204111997999973, 58.47745589200008 ], [ -6.193909105999978, 58.474430313000028 ], [ -6.185007907999932, 58.46866108100005 ], [ -6.192349021999974, 58.457485033000069 ], [ -6.192630252999948, 58.446577353000066 ], [ -6.190369323671092, 58.444956076096197 ], [ -6.190302133836099, 58.44291830043926 ], [ -6.18660920648085, 58.442259755128276 ], [ -6.173755655999969, 58.433042676000071 ], [ -6.169370899999933, 58.425354730000038 ], [ -6.17073479499993, 58.418618260000073 ], [ -6.186771717271456, 58.408881633902233 ], [ -6.187866449576745, 58.408417701415772 ], [ -6.18796059753966, 58.408159819426203 ], [ -6.188213655999959, 58.408006178000051 ], [ -6.199849055286903, 58.392446931694337 ], [ -6.201530218144853, 58.391054749677153 ], [ -6.202209745569697, 58.389290137444675 ], [ -6.208202283999981, 58.38127671400008 ], [ -6.210774424999954, 58.373310514000082 ], [ -6.217891499999951, 58.368304999000031 ], [ -6.216601863254783, 58.367460638183147 ], [ -6.216714262752816, 58.367383837993941 ], [ -6.211190479443919, 58.363525436266343 ], [ -6.211341459999971, 58.362731312000051 ], [ -6.209568325999953, 58.361502485000074 ], [ -6.202569091999976, 58.35748092800003 ], [ -6.20238817538338, 58.357376964594891 ], [ -6.19182562854968, 58.349998950890893 ], [ -6.18863550902379, 58.349473692989996 ], [ -6.186779498999954, 58.348407003000034 ], [ -6.176328357999978, 58.346453066000038 ], [ -6.171785838367684, 58.346699369781156 ], [ -6.166879582959245, 58.34589154756754 ], [ -6.163064735999967, 58.343377628000042 ], [ -6.19305716599996, 58.339608568000074 ], [ -6.193112234931701, 58.339566130043735 ], [ -6.19464397433967, 58.339469075038039 ], [ -6.199074937511533, 58.334971072472563 ], [ -6.211555575999967, 58.325353076000056 ] ] ], [ [ [ -1.261851347630869, 50.760738176961127 ], [ -1.258205823525038, 50.75727166230417 ], [ -1.256603, 50.755050499000049 ], [ -1.255349326213997, 50.754555430149672 ], [ -1.255185008081071, 50.754399180677808 ], [ -1.254429018867687, 50.754192005864162 ], [ -1.248253771999941, 50.751753435000069 ], [ -1.239486, 50.743831499000066 ], [ -1.23755266070222, 50.743379080898691 ], [ -1.237472057289153, 50.743312716209005 ], [ -1.237248861955432, 50.743307989366862 ], [ -1.23661313599996, 50.743159224000067 ], [ -1.222653207814516, 50.739892283728786 ], [ -1.216001981249785, 50.737287180973233 ], [ -1.216708499999925, 50.735362999000074 ], [ -1.208056063945366, 50.734813019457981 ], [ -1.194361925462147, 50.733001470941247 ], [ -1.187871767412187, 50.733530033938678 ], [ -1.182624499999974, 50.73319649900003 ], [ -1.178744, 50.73411549900004 ], [ -1.172039, 50.733199999000078 ], [ -1.164260499999955, 50.73274249900004 ], [ -1.162801499999944, 50.733520499000065 ], [ -1.160197499999924, 50.733176999000079 ], [ -1.14361, 50.728961999000035 ], [ -1.139327481999942, 50.727063679000025 ], [ -1.136831499999971, 50.726669499000081 ], [ -1.132069458946245, 50.726734513437023 ], [ -1.124482306156592, 50.724682517932735 ], [ -1.120769499999938, 50.723315999000079 ], [ -1.114609, 50.721973499000057 ], [ -1.114460656564751, 50.721972096714367 ], [ -1.108342959995808, 50.720317525335076 ], [ -1.108161, 50.720142499000076 ], [ -1.106232499999976, 50.714198999000075 ], [ -1.105197, 50.713092999000025 ], [ -1.104436064255111, 50.712927981169514 ], [ -1.0985758304098, 50.698567151952545 ], [ -1.097825901987761, 50.698356866557148 ], [ -1.097630300999924, 50.695580435000068 ], [ -1.103984210999954, 50.697366628000054 ], [ -1.106087267999953, 50.693228602000033 ], [ -1.097644421999973, 50.691387074000033 ], [ -1.091143371999976, 50.694995665000079 ], [ -1.083443022642929, 50.694323802359207 ], [ -1.082112123605237, 50.693950608568777 ], [ -1.071874159999936, 50.688449972000058 ], [ -1.070260990999941, 50.684330046000071 ], [ -1.094605882999929, 50.671564882000041 ], [ -1.094913648269835, 50.671002694771332 ], [ -1.095749020200742, 50.670601010728205 ], [ -1.098261475419485, 50.66578371858899 ], [ -1.108835499999941, 50.665515999000036 ], [ -1.114578, 50.665569499000071 ], [ -1.124845, 50.663905999000065 ], [ -1.133528499999954, 50.661880499000063 ], [ -1.139327481999942, 50.659816683000031 ], [ -1.143197, 50.658439499000053 ], [ -1.15196149999997, 50.654437999000038 ], [ -1.160586, 50.649329999000031 ], [ -1.165928, 50.64375749900006 ], [ -1.167873499999928, 50.641727499000069 ], [ -1.168879499999946, 50.638732999000069 ], [ -1.169214499999953, 50.636256999000068 ], [ -1.169691772379608, 50.634628727138633 ], [ -1.172062301107228, 50.628840553812076 ], [ -1.174160499999971, 50.625060999000027 ], [ -1.174616499999956, 50.623149999000077 ], [ -1.174415499999952, 50.620601499000031 ], [ -1.173082499999964, 50.618709499000033 ], [ -1.172272, 50.615360499000076 ], [ -1.176978499999962, 50.610530999000048 ], [ -1.175270499999954, 50.608146499000043 ], [ -1.175151, 50.606891499000028 ], [ -1.184440889999962, 50.597858830000064 ], [ -1.20469049999997, 50.593070999000076 ], [ -1.209936288789454, 50.59168003963913 ], [ -1.211961031076157, 50.591295123471525 ], [ -1.251097333485931, 50.580882369056525 ], [ -1.269188132999943, 50.579619077000075 ], [ -1.292348321672484, 50.575594953636141 ], [ -1.295014803389008, 50.575180492080158 ], [ -1.301069187999929, 50.575649742000053 ], [ -1.307398710999962, 50.577868973000079 ], [ -1.317435619999969, 50.588725048000072 ], [ -1.339416, 50.601894499000082 ], [ -1.362154739999937, 50.610001449000038 ], [ -1.376438790021605, 50.618750315340961 ], [ -1.385647058264681, 50.62499999965047 ], [ -1.388184429253663, 50.625944425384965 ], [ -1.389136347999965, 50.626527468000063 ], [ -1.404067379313839, 50.631856161131012 ], [ -1.409442067396981, 50.633856654461567 ], [ -1.410049128665395, 50.633990970576562 ], [ -1.410321963999934, 50.634088342000041 ], [ -1.44629726924086, 50.642728159249593 ], [ -1.446687130102509, 50.642921324077946 ], [ -1.458574690999967, 50.650335294000058 ], [ -1.460551453385706, 50.65075496192425 ], [ -1.471965658356773, 50.657845466478669 ], [ -1.476372190999939, 50.661475861000042 ], [ -1.484102196570505, 50.665384684470411 ], [ -1.484864950056874, 50.665858506964639 ], [ -1.485092312739574, 50.665885355431733 ], [ -1.486982524999974, 50.666841177000038 ], [ -1.510563541999943, 50.669545262000042 ], [ -1.532400499999937, 50.666679499000054 ], [ -1.573271142999943, 50.660846330000027 ], [ -1.574413247065973, 50.661154082612612 ], [ -1.569093704610452, 50.665619373635536 ], [ -1.569501819112508, 50.669517240336816 ], [ -1.567523809948814, 50.673978217651708 ], [ -1.548082232108925, 50.678395629155204 ], [ -1.546364249975679, 50.681423569483492 ], [ -1.538777499999981, 50.689986999000041 ], [ -1.538707544492757, 50.690052736588171 ], [ -1.535191654770642, 50.69187605383712 ], [ -1.53508022730741, 50.694044539189143 ], [ -1.533687470999951, 50.701082239000073 ], [ -1.532776705066371, 50.701743659544064 ], [ -1.52600520157655, 50.705350783119002 ], [ -1.520824876999939, 50.707174254000051 ], [ -1.516320262879003, 50.707085418016931 ], [ -1.509070634601756, 50.706071734523221 ], [ -1.490452545187638, 50.706860827131266 ], [ -1.486314231999927, 50.706893328000035 ], [ -1.469878078999955, 50.709994160000065 ], [ -1.46765863650016, 50.710943371394713 ], [ -1.467204927964758, 50.711040973562319 ], [ -1.466160445935771, 50.711584117688076 ], [ -1.444769131699593, 50.720732757142088 ], [ -1.436286921108177, 50.7236100681286 ], [ -1.42727844331849, 50.726005928309988 ], [ -1.414931332499275, 50.724770731437438 ], [ -1.41368996999995, 50.724575296000069 ], [ -1.414431228999945, 50.714398746000029 ], [ -1.404395444999977, 50.71908656800008 ], [ -1.393568518999928, 50.716852302000063 ], [ -1.393814977999966, 50.72308501100008 ], [ -1.403282037999929, 50.727548545000047 ], [ -1.353937213999927, 50.73909062000007 ], [ -1.351148372663759, 50.741716314822177 ], [ -1.348628163258638, 50.742393970605519 ], [ -1.347817627269582, 50.744852212451711 ], [ -1.34594, 50.746619999000075 ], [ -1.343608662999941, 50.751484450000078 ], [ -1.328824899999972, 50.758014592000052 ], [ -1.320539682999936, 50.765251116000059 ], [ -1.307360490627455, 50.767042144713749 ], [ -1.305328247998415, 50.766882502382281 ], [ -1.299700928999926, 50.765987629000051 ], [ -1.295474, 50.760043999000061 ], [ -1.292835571999944, 50.757491637000044 ], [ -1.293852, 50.750579999000081 ], [ -1.29262, 50.748019999000064 ], [ -1.292642499999943, 50.746528499000078 ], [ -1.290958, 50.74533849900007 ], [ -1.28953249999995, 50.741851999000062 ], [ -1.290061, 50.738475999000059 ], [ -1.28705, 50.73592749900007 ], [ -1.286946499999942, 50.734157499000048 ], [ -1.28321894499993, 50.72889947300007 ], [ -1.289537499999938, 50.709502999000051 ], [ -1.277252499999975, 50.730805499000041 ], [ -1.285764400999938, 50.740169490000028 ], [ -1.29067, 50.753884999000036 ], [ -1.288066275407303, 50.761380987526771 ], [ -1.280288299893173, 50.765231712433959 ], [ -1.278049654999961, 50.765932737000071 ], [ -1.269188132999943, 50.764454684000043 ], [ -1.267226499999936, 50.763583999000048 ], [ -1.261851347630869, 50.760738176961127 ] ] ], [ [ [ -1.40746650899996, 50.72302634600004 ], [ -1.411124617999974, 50.723369141000035 ], [ -1.410961027387281, 50.725030507540488 ], [ -1.408011521633011, 50.726049694516497 ], [ -1.405618496999978, 50.726120595000054 ], [ -1.40746650899996, 50.72302634600004 ] ] ], [ [ [ -1.340860796744774, 60.538107988301007 ], [ -1.350945115424338, 60.539753437171555 ], [ -1.354874875138263, 60.532835836753272 ], [ -1.356058494999957, 60.53172274800005 ], [ -1.355560654338371, 60.531628651880176 ], [ -1.357653379799331, 60.527944803610069 ], [ -1.344269999887177, 60.529494622146103 ], [ -1.339400212999976, 60.528574191000075 ], [ -1.332683343999975, 60.525863810000033 ], [ -1.343578768999976, 60.521258368000076 ], [ -1.334338911999964, 60.515992582000081 ], [ -1.328970376999962, 60.510280823000073 ], [ -1.332672317583191, 60.507601165132911 ], [ -1.337213754710433, 60.505836606074638 ], [ -1.336272618558297, 60.504995079320558 ], [ -1.337383773999932, 60.504190767000068 ], [ -1.337278817999959, 60.493108402000075 ], [ -1.34731426999997, 60.482031470000038 ], [ -1.328465854999934, 60.474402890000079 ], [ -1.329435217000093, 60.464483035407959 ], [ -1.332286000498073, 60.462304472773155 ], [ -1.328061195288047, 60.459163930752773 ], [ -1.324544388999925, 60.452585029000034 ], [ -1.32839131999998, 60.449880324000048 ], [ -1.342108658999962, 60.446621924000056 ], [ -1.351257235023696, 60.439069859443521 ], [ -1.351933955986794, 60.438798547115539 ], [ -1.352201545362201, 60.438290340027685 ], [ -1.354973578999932, 60.436002052000049 ], [ -1.360789440999952, 60.42703313800007 ], [ -1.360405754403076, 60.42270886494677 ], [ -1.361604809314031, 60.420431613828157 ], [ -1.360034692871207, 60.418526880492685 ], [ -1.359777033999933, 60.41562298100007 ], [ -1.369818817999942, 60.410909367000045 ], [ -1.37782298999997, 60.403996903000063 ], [ -1.37796207699995, 60.398207855000067 ], [ -1.356784970999968, 60.400617038000064 ], [ -1.354498434738709, 60.401731952297325 ], [ -1.352402925454271, 60.401013731898388 ], [ -1.344862268120445, 60.40643054383753 ], [ -1.342469277999953, 60.407597365000072 ], [ -1.343088054999953, 60.423891941000079 ], [ -1.340015717999961, 60.428642898000078 ], [ -1.329658398999925, 60.435457019000069 ], [ -1.319302390720894, 60.437671091766418 ], [ -1.315745950015184, 60.437793731895511 ], [ -1.308049680384936, 60.440076875812856 ], [ -1.299572844999943, 60.441889189000051 ], [ -1.287357157075168, 60.442229726710686 ], [ -1.281066536990807, 60.440642475669904 ], [ -1.279209666265694, 60.443178881699161 ], [ -1.26283303799994, 60.445557336000036 ], [ -1.265140794227898, 60.448563517454851 ], [ -1.259904741909736, 60.448805332300537 ], [ -1.276483654796323, 60.45816814894107 ], [ -1.281111187780034, 60.457506071756775 ], [ -1.293965736999951, 60.461060398000029 ], [ -1.298691739999924, 60.465349521000064 ], [ -1.293191667759624, 60.471991896634684 ], [ -1.287954449937445, 60.474451422295658 ], [ -1.287053709775142, 60.479404639737169 ], [ -1.284047396999938, 60.483035330000064 ], [ -1.276936593999949, 60.484109446000048 ], [ -1.269230549449032, 60.480136933359447 ], [ -1.26787495656356, 60.477029561865209 ], [ -1.245532750935354, 60.485468148836446 ], [ -1.244463160364262, 60.487819508517809 ], [ -1.239872545999958, 60.490539768000076 ], [ -1.228557553999963, 60.49190752800007 ], [ -1.20890757899997, 60.482413214000076 ], [ -1.20410037299996, 60.473921138000037 ], [ -1.205839309999931, 60.462223409000046 ], [ -1.189749739999968, 60.462071455000057 ], [ -1.180375526999967, 60.458437321000076 ], [ -1.180915421999941, 60.453869141000041 ], [ -1.186951477999969, 60.448166356000058 ], [ -1.175408360999938, 60.444878989000074 ], [ -1.169512392999934, 60.440917730000081 ], [ -1.170008103643025, 60.438722382686016 ], [ -1.174969673311523, 60.437228560150004 ], [ -1.173977262159184, 60.435526938758599 ], [ -1.176405645999978, 60.433848003000037 ], [ -1.172343911999974, 60.424167029000046 ], [ -1.175694359999966, 60.422226247000083 ], [ -1.178398112179221, 60.422246791068623 ], [ -1.181401195870889, 60.422603352705941 ], [ -1.192106655011553, 60.427703208302653 ], [ -1.193080544431268, 60.431321025145394 ], [ -1.22040475660231, 60.419579056157168 ], [ -1.24554577899994, 60.408870229000058 ], [ -1.245756672377101, 60.4086846374286 ], [ -1.248330235151798, 60.40757870639203 ], [ -1.247899957908896, 60.406798491285521 ], [ -1.249003149999965, 60.405827654000063 ], [ -1.247543449803457, 60.406152040621336 ], [ -1.246610879787909, 60.404461025755893 ], [ -1.225188796918244, 60.411119876027911 ], [ -1.197934263364179, 60.417176603344352 ], [ -1.197379908834279, 60.417019494081075 ], [ -1.196324302999926, 60.413142750000077 ], [ -1.213322889999972, 60.406777933000058 ], [ -1.214181787899625, 60.406090729314791 ], [ -1.220275640208399, 60.404118179910313 ], [ -1.214957475906374, 60.401250839055081 ], [ -1.202641045716934, 60.404815896043779 ], [ -1.172534097999971, 60.411422010000081 ], [ -1.164901198494543, 60.389739286810723 ], [ -1.164705753067665, 60.387989759020286 ], [ -1.164333286950266, 60.388126024537087 ], [ -1.163845346999949, 60.386739937000073 ], [ -1.161787979629794, 60.389057216936166 ], [ -1.15176677691494, 60.392723441333771 ], [ -1.13657905428861, 60.40193811680215 ], [ -1.135567761999937, 60.401952800000061 ], [ -1.125864431999958, 60.404174461000082 ], [ -1.125864431999958, 60.40474454200006 ], [ -1.126696049999964, 60.406695268000078 ], [ -1.132029748062, 60.408637955917044 ], [ -1.133948419011227, 60.41221764746993 ], [ -1.130384292269965, 60.414747434892817 ], [ -1.122090100877188, 60.418556332209107 ], [ -1.111595549144971, 60.418448795537103 ], [ -1.111646869999959, 60.417577921000031 ], [ -1.104993255999943, 60.418171498000049 ], [ -1.104791028321615, 60.41837907026035 ], [ -1.101021528620379, 60.418340444555952 ], [ -1.099564872623342, 60.423743345615428 ], [ -1.086908600999948, 60.436734104000038 ], [ -1.086741154372156, 60.436814558649331 ], [ -1.078589319741013, 60.437840223247804 ], [ -1.072364967428405, 60.443722019814892 ], [ -1.068931880999969, 60.445371547000036 ], [ -1.051917252999942, 60.447455136000031 ], [ -1.051404172328873, 60.440817087403602 ], [ -1.053264583941872, 60.436028174125823 ], [ -1.055775679999954, 60.432504900000083 ], [ -1.089597098999946, 60.41040253400007 ], [ -1.094823254791021, 60.408681335689842 ], [ -1.117524624161661, 60.401981830497391 ], [ -1.118953755148685, 60.400734122077978 ], [ -1.12131231099994, 60.399957348000044 ], [ -1.125864431999958, 60.395706822000079 ], [ -1.135257515306808, 60.386500060258548 ], [ -1.137172460940008, 60.384828209454838 ], [ -1.136981550655729, 60.384810222941773 ], [ -1.137412654999935, 60.384387670000081 ], [ -1.130554053999958, 60.380452611000067 ], [ -1.128542860999971, 60.374969161000081 ], [ -1.125864431999958, 60.375208710000038 ], [ -1.117254166353548, 60.382951617697508 ], [ -1.115943312933211, 60.382828116324788 ], [ -1.11206499262551, 60.387618058299033 ], [ -1.106724582999959, 60.392420500000071 ], [ -1.102925757550763, 60.392180804521125 ], [ -1.089559436218678, 60.3879523274382 ], [ -1.082604905936419, 60.387843770845258 ], [ -1.077455110999949, 60.386391790000062 ], [ -1.07820389741796, 60.38100706591856 ], [ -1.078734517083831, 60.380357742516026 ], [ -1.078368357196301, 60.379824391516927 ], [ -1.078733565999926, 60.37719807700006 ], [ -1.07525235199995, 60.368236609000064 ], [ -1.078688629999931, 60.35810771000007 ], [ -1.08551566999995, 60.355474959000048 ], [ -1.090976824153999, 60.354631927382236 ], [ -1.096715330947575, 60.354830741645571 ], [ -1.098963287712237, 60.353318404381554 ], [ -1.115921501453511, 60.347362731641127 ], [ -1.123527628995498, 60.347755231667705 ], [ -1.125864431999958, 60.348003967000068 ], [ -1.161061267901754, 60.351694050789931 ], [ -1.16486310924472, 60.352818370071816 ], [ -1.176629620610024, 60.351234181167413 ], [ -1.180557670999974, 60.350900768000031 ], [ -1.180411495912049, 60.350725006892617 ], [ -1.182496309057115, 60.350444317251515 ], [ -1.176255815866353, 60.345728212040306 ], [ -1.175076009999941, 60.344309612000075 ], [ -1.173831780999933, 60.33191279700003 ], [ -1.169805610999958, 60.327629665000075 ], [ -1.1593113807049, 60.334165357816012 ], [ -1.144168724163296, 60.331740871559042 ], [ -1.134353202828783, 60.328472946836676 ], [ -1.123555660365071, 60.323995470814282 ], [ -1.099427819338189, 60.321570873397206 ], [ -1.089374729683254, 60.324300769619398 ], [ -1.088230217999978, 60.324434371000052 ], [ -1.084965587324469, 60.323321771237872 ], [ -1.091270446773365, 60.310404300917924 ], [ -1.084544373360782, 60.304459943741023 ], [ -1.085333059768105, 60.302450336587157 ], [ -1.095870468331728, 60.301823120883782 ], [ -1.101829896999959, 60.302764044000071 ], [ -1.109308583441367, 60.302132503165112 ], [ -1.114184975555645, 60.303332805764569 ], [ -1.117665204328466, 60.301193467417903 ], [ -1.125864431999958, 60.297904402000029 ], [ -1.128048182999976, 60.297028345000058 ], [ -1.143802451622503, 60.287895613038366 ], [ -1.155084133125911, 60.283455372067863 ], [ -1.154514653889673, 60.281685761323274 ], [ -1.155702841999926, 60.280996970000047 ], [ -1.154119913034304, 60.280459135988167 ], [ -1.151539564099266, 60.27244091002018 ], [ -1.147968714760377, 60.272779035341763 ], [ -1.146330241999976, 60.27177441300006 ], [ -1.135770352999941, 60.273072987000035 ], [ -1.132155968830466, 60.272895643597124 ], [ -1.0979710434709, 60.264278712057241 ], [ -1.097787009999934, 60.263512621000075 ], [ -1.105491326999925, 60.259831791000067 ], [ -1.122978542999931, 60.262071803000083 ], [ -1.125864431999958, 60.261514546000058 ], [ -1.134909350124842, 60.259767918015129 ], [ -1.142020940813381, 60.259189963546248 ], [ -1.144039438518261, 60.254335502378069 ], [ -1.149025876999929, 60.250136318000045 ], [ -1.145958723621026, 60.249719646249268 ], [ -1.14764083057013, 60.24567420054705 ], [ -1.151143685999955, 60.244058395000081 ], [ -1.154799303471434, 60.243346852146438 ], [ -1.177183794510947, 60.242167797503853 ], [ -1.177969744903565, 60.244695388787846 ], [ -1.177708087742069, 60.246986017087927 ], [ -1.169256410999935, 60.259124768000049 ], [ -1.185884041999941, 60.260335601000065 ], [ -1.19838399899993, 60.26818696600003 ], [ -1.204815470999961, 60.266522593000047 ], [ -1.203299, 60.263435499000082 ], [ -1.20274988245633, 60.261834821846108 ], [ -1.203325152633226, 60.253587603585231 ], [ -1.198529871433426, 60.249533493447935 ], [ -1.197500577999961, 60.246533104000036 ], [ -1.205694243999972, 60.240897373000053 ], [ -1.215509800662079, 60.23697563895945 ], [ -1.22302341439871, 60.236023425840642 ], [ -1.22486436349925, 60.228963732490513 ], [ -1.195560455550151, 60.227082133134047 ], [ -1.195231362756703, 60.226491455790097 ], [ -1.199820362660472, 60.216285142924306 ], [ -1.200736045831491, 60.215608358539271 ], [ -1.200314259830938, 60.215186675033479 ], [ -1.203454485999941, 60.208202554000081 ], [ -1.197123928999929, 60.209557824000058 ], [ -1.194783540707326, 60.210829608472984 ], [ -1.178936957874043, 60.212699055317614 ], [ -1.175904338521584, 60.211283364019778 ], [ -1.177214118999927, 60.208228620000057 ], [ -1.180021924846597, 60.205450158586579 ], [ -1.18609774131744, 60.20392143742464 ], [ -1.187867049902134, 60.197687023084669 ], [ -1.200623070787816, 60.18506431561989 ], [ -1.202366352125182, 60.183897971813906 ], [ -1.201964824529469, 60.183736584572529 ], [ -1.204362666999941, 60.181363802000078 ], [ -1.199913548358109, 60.182912108730456 ], [ -1.195669651233061, 60.181206345896214 ], [ -1.164104923690527, 60.197916469116642 ], [ -1.153832417289141, 60.202833716056134 ], [ -1.155182700299866, 60.19976224292661 ], [ -1.157560932999957, 60.198049916000059 ], [ -1.158040798774002, 60.193260959421515 ], [ -1.158065557479176, 60.193204641081536 ], [ -1.158046720958457, 60.193201857302249 ], [ -1.158339557999966, 60.190279407000048 ], [ -1.155986638999934, 60.189082896000059 ], [ -1.148802385999943, 60.191213254000047 ], [ -1.145655396999928, 60.189572187000067 ], [ -1.152633396999931, 60.185213145000034 ], [ -1.152364243675594, 60.184552806388545 ], [ -1.155379056797756, 60.18236506029956 ], [ -1.160381356709893, 60.170931110044002 ], [ -1.164083158999972, 60.169155964000083 ], [ -1.162041056089584, 60.167137471021974 ], [ -1.163066744933815, 60.164793014386305 ], [ -1.15701821394402, 60.162172700858136 ], [ -1.155547818999935, 60.160719306000033 ], [ -1.152391460728189, 60.160168322594494 ], [ -1.14723765889039, 60.157935619033935 ], [ -1.146946549243523, 60.150259137349508 ], [ -1.147177565890596, 60.150227770263939 ], [ -1.148302585999943, 60.150692932000027 ], [ -1.158880244999978, 60.148489767000058 ], [ -1.158667271999946, 60.142012803000057 ], [ -1.157969652115601, 60.141123400674367 ], [ -1.158002734438412, 60.140941142919587 ], [ -1.170543216311844, 60.141032948780285 ], [ -1.170996439999954, 60.141123328000049 ], [ -1.171074242704302, 60.141036836297168 ], [ -1.171192527013261, 60.141037702228232 ], [ -1.171267352330777, 60.140822160206199 ], [ -1.174842207999973, 60.136848065000038 ], [ -1.174178024906929, 60.132437668521284 ], [ -1.174442410688414, 60.131676078088674 ], [ -1.17395802538614, 60.130976798586509 ], [ -1.172554495999975, 60.121656897000037 ], [ -1.176863467159398, 60.12095173705481 ], [ -1.189128160735777, 60.128174543420585 ], [ -1.189547178872792, 60.128088101973148 ], [ -1.189819376999935, 60.12824330400008 ], [ -1.201095435999946, 60.130690017000063 ], [ -1.204033166999977, 60.129695667000078 ], [ -1.20541362199998, 60.124379901000054 ], [ -1.195756211999935, 60.120117954000079 ], [ -1.194654454529382, 60.118347345979892 ], [ -1.19710490842632, 60.111687802662651 ], [ -1.198940189999973, 60.10798466500006 ], [ -1.204706499999929, 60.107547999000076 ], [ -1.210069775999955, 60.103295390000028 ], [ -1.220794427999977, 60.099771364000048 ], [ -1.208210258999941, 60.089489545000049 ], [ -1.214521637999951, 60.075341697000056 ], [ -1.210828009713851, 60.072484641399903 ], [ -1.210472256206751, 60.065182241688341 ], [ -1.210473780999962, 60.065170389000059 ], [ -1.210471605093209, 60.065168876559824 ], [ -1.210444569960544, 60.06461393798287 ], [ -1.200248806813401, 60.057453127132156 ], [ -1.200484942150386, 60.049660765043413 ], [ -1.202024221240549, 60.04780733564013 ], [ -1.184273958476069, 60.041401028534722 ], [ -1.19982221812156, 60.037165662895895 ], [ -1.211767093999924, 60.037500446000081 ], [ -1.216003948999969, 60.034177548000059 ], [ -1.228412678999973, 60.033312029000058 ], [ -1.228827973007767, 60.033002594762827 ], [ -1.231444001439115, 60.033055543878334 ], [ -1.231734485045838, 60.030836961937354 ], [ -1.231773393999958, 60.030807971000058 ], [ -1.231746220957436, 60.030747328371369 ], [ -1.232250452296171, 60.026896238270922 ], [ -1.222805499673825, 60.009666442852051 ], [ -1.222167590736639, 60.009370505537632 ], [ -1.222020002999955, 60.00904113100006 ], [ -1.212368656369364, 60.001134283604756 ], [ -1.205536603531073, 59.989705919892401 ], [ -1.20513724127307, 59.988508715834918 ], [ -1.206688422999946, 59.987327848000064 ], [ -1.203989031999924, 59.979142848000038 ], [ -1.204994063070556, 59.974755507012084 ], [ -1.211161286376665, 59.975090861183361 ], [ -1.212609731999976, 59.975871575000042 ], [ -1.213423555999952, 59.983780151000076 ], [ -1.220181686467326, 59.991399056435696 ], [ -1.220920919964158, 59.993607759890381 ], [ -1.222333750005544, 59.993825225724422 ], [ -1.222605419999979, 59.994131498000058 ], [ -1.223293667145725, 59.993972978232073 ], [ -1.227071047090931, 59.994554400665209 ], [ -1.227808389518488, 59.992933129759791 ], [ -1.228536384999927, 59.99276545500004 ], [ -1.236163524999938, 59.98269453100005 ], [ -1.241098398999952, 59.984484877000057 ], [ -1.243420033438298, 59.989983246506938 ], [ -1.243821859091156, 59.991307139413095 ], [ -1.243991261210405, 59.99133609573753 ], [ -1.244124815999953, 59.991652396000063 ], [ -1.252200676999962, 59.994894488000057 ], [ -1.261339654999972, 59.989890754000044 ], [ -1.274424720999946, 59.990074123000056 ], [ -1.267492552999954, 59.978335045000051 ], [ -1.264852863298662, 59.97759065426375 ], [ -1.263738871051828, 59.975418806033133 ], [ -1.257477317761219, 59.975510755338306 ], [ -1.25585037299993, 59.975051958000051 ], [ -1.25993823999994, 59.966122604000077 ], [ -1.259445030536225, 59.964936179343511 ], [ -1.259627461138109, 59.964652061343713 ], [ -1.258200371087098, 59.961942127590412 ], [ -1.255605190999972, 59.955699373000073 ], [ -1.263259088999973, 59.948943744000076 ], [ -1.263168442311869, 59.948657133137154 ], [ -1.263411641034168, 59.948534250655314 ], [ -1.262700100530068, 59.947176308574981 ], [ -1.259529393999969, 59.937151023000069 ], [ -1.262528931999952, 59.934625623000045 ], [ -1.269177673999934, 59.93198785900006 ], [ -1.271962941999959, 59.921949062000067 ], [ -1.286627364999958, 59.919600365000065 ], [ -1.282938513999966, 59.915068052000038 ], [ -1.282517146542928, 59.91484044162317 ], [ -1.283441066451587, 59.914444446653988 ], [ -1.270661711868058, 59.908309817544193 ], [ -1.2708464823136, 59.907797188188191 ], [ -1.271962941999959, 59.904776918000039 ], [ -1.27543955699997, 59.895370057000036 ], [ -1.275390380118685, 59.895190543230875 ], [ -1.275875806622878, 59.893843770074056 ], [ -1.274709052797174, 59.892703447011684 ], [ -1.273065435999968, 59.886703639000075 ], [ -1.278301452999926, 59.88553046100003 ], [ -1.292957039999976, 59.886316975000057 ], [ -1.298270016999936, 59.883902640000031 ], [ -1.283876951999957, 59.882057736000036 ], [ -1.28298179409899, 59.88092898504916 ], [ -1.28225653252533, 59.875085804107776 ], [ -1.28286806899996, 59.873639006000076 ], [ -1.282092699646473, 59.873765859428403 ], [ -1.281885146681759, 59.872093677181624 ], [ -1.270786881835905, 59.870536791486323 ], [ -1.270524726300666, 59.862748185050073 ], [ -1.270828357580763, 59.859615893379726 ], [ -1.271962941999959, 59.857367756000031 ], [ -1.274235634490951, 59.854824413438571 ], [ -1.279909688275439, 59.858981236654131 ], [ -1.291373611999973, 59.86884344200007 ], [ -1.291843802999949, 59.873274996000077 ], [ -1.296718858999952, 59.875040283000033 ], [ -1.301463492999972, 59.873617660000036 ], [ -1.303961195187005, 59.867759814150965 ], [ -1.311645508233141, 59.862595677148931 ], [ -1.313723742058328, 59.865131908735613 ], [ -1.31629513699994, 59.870417171000042 ], [ -1.309895743936698, 59.879138847330196 ], [ -1.307695150710174, 59.88126361352505 ], [ -1.308496377860431, 59.881801853813414 ], [ -1.31832396671833, 59.893916059720404 ], [ -1.319961548186484, 59.897563934428263 ], [ -1.321355107465728, 59.897652465839741 ], [ -1.321547757999952, 59.897889941000074 ], [ -1.324628557999972, 59.898209955000027 ], [ -1.332811518999961, 59.89880931600004 ], [ -1.334582225679474, 59.89849277128117 ], [ -1.338395834399819, 59.898735045985859 ], [ -1.359544753887008, 59.891870021684269 ], [ -1.360881918689265, 59.89184350627125 ], [ -1.360941029999935, 59.891874852000058 ], [ -1.361369428158397, 59.89183383916447 ], [ -1.380582430047473, 59.891452853455277 ], [ -1.390885312999956, 59.912931803000049 ], [ -1.36656697899997, 59.919650716000035 ], [ -1.366575093000036, 59.919959507307134 ], [ -1.364124775337814, 59.920465826836676 ], [ -1.366636332197874, 59.922290063357551 ], [ -1.366850868999961, 59.930454606000069 ], [ -1.369108275398404, 59.931840490775301 ], [ -1.364723444131243, 59.940144419529645 ], [ -1.332212448545363, 59.946332454879041 ], [ -1.33321620140577, 59.947295972608778 ], [ -1.330742483999927, 59.948530878000042 ], [ -1.331160943999976, 59.951931089000027 ], [ -1.336598919999972, 59.956169761000069 ], [ -1.330888414999947, 59.976838152000028 ], [ -1.335328069463124, 59.98076798441798 ], [ -1.336600661690795, 59.986982345559056 ], [ -1.344888583022828, 59.99630775162867 ], [ -1.345367463203006, 59.997158484961773 ], [ -1.336948127155259, 60.004289008176848 ], [ -1.334799663016255, 60.006022715586575 ], [ -1.323834419222749, 60.00637257063778 ], [ -1.322847319896981, 60.00890739189775 ], [ -1.318623699999932, 60.012526045000072 ], [ -1.320781864963458, 60.014211375945088 ], [ -1.317042183663222, 60.023814688821403 ], [ -1.314876110999933, 60.026593822000052 ], [ -1.311845913970639, 60.030480570775559 ], [ -1.306908250215201, 60.035743117451091 ], [ -1.306703161441092, 60.037077035264076 ], [ -1.306697722999957, 60.037084011000047 ], [ -1.306690564233054, 60.037158968759798 ], [ -1.303792181510564, 60.056010338656385 ], [ -1.301057790738372, 60.061107399921099 ], [ -1.293823242148619, 60.069056510649773 ], [ -1.286328435208759, 60.08546793469776 ], [ -1.277757723984881, 60.097808084360395 ], [ -1.274267992999967, 60.098313877000066 ], [ -1.276338049337443, 60.100017102403754 ], [ -1.274871329572887, 60.110169418970564 ], [ -1.274761, 60.110477499000069 ], [ -1.274172148775256, 60.113227186128526 ], [ -1.266451716473284, 60.135200142572614 ], [ -1.269429258444, 60.135369989375363 ], [ -1.26940474099996, 60.135484432000055 ], [ -1.271962941999959, 60.135662542000034 ], [ -1.280939217999958, 60.136287492000065 ], [ -1.281650969082701, 60.136067147802173 ], [ -1.283272743042346, 60.136159658042004 ], [ -1.2927841035983, 60.132620547362279 ], [ -1.292819429999952, 60.132609611000078 ], [ -1.30308099399997, 60.135067661000051 ], [ -1.302211576903437, 60.136040935174414 ], [ -1.292420148670601, 60.143986940744924 ], [ -1.294246318866189, 60.144957690976341 ], [ -1.292186537999953, 60.147263525000028 ], [ -1.299719213415442, 60.15051122266712 ], [ -1.294568083212732, 60.16838278800676 ], [ -1.292685882242599, 60.172721846850187 ], [ -1.284894109175525, 60.185173511748417 ], [ -1.289768760249399, 60.184145182918627 ], [ -1.291051839999966, 60.190449972000067 ], [ -1.296757377999938, 60.18791688500005 ], [ -1.313118523990738, 60.169232994152679 ], [ -1.322227116966846, 60.174241936115799 ], [ -1.31413095495826, 60.193709243313641 ], [ -1.310024142099962, 60.201084256233855 ], [ -1.308275001018297, 60.207789946511625 ], [ -1.304199061999952, 60.217590585000039 ], [ -1.30374335686587, 60.225162931717769 ], [ -1.303338050510263, 60.226716756573182 ], [ -1.303659140706823, 60.226562332136695 ], [ -1.303209873999947, 60.23402769300003 ], [ -1.307179468999948, 60.232845679000036 ], [ -1.322450945999947, 60.220467739000071 ], [ -1.345019880999928, 60.209188955000059 ], [ -1.347512263176418, 60.211504545938361 ], [ -1.347368955912259, 60.21638226472993 ], [ -1.352809702852918, 60.216426224253524 ], [ -1.35974725485196, 60.222871677400526 ], [ -1.359448552508411, 60.228739500028269 ], [ -1.364072908781175, 60.23221456064627 ], [ -1.364834306999967, 60.234666219000076 ], [ -1.358629319999977, 60.240897373000053 ], [ -1.36113165699993, 60.243565570000044 ], [ -1.368371096170434, 60.245376237980061 ], [ -1.368427038476625, 60.245834350375105 ], [ -1.376882433776984, 60.249448179790022 ], [ -1.384153724990991, 60.246796330555064 ], [ -1.393927109999936, 60.246836385000051 ], [ -1.407343733999937, 60.25022096500004 ], [ -1.396657889999972, 60.240897373000053 ], [ -1.394328067223366, 60.239775356445428 ], [ -1.387968659026001, 60.2357623580466 ], [ -1.386238509640018, 60.235879516118317 ], [ -1.375860630999966, 60.230881646000057 ], [ -1.373053292650349, 60.226612919678047 ], [ -1.372002601738359, 60.221108555515514 ], [ -1.367935186125079, 60.218830531763786 ], [ -1.363414577999947, 60.211956676000057 ], [ -1.363286385388658, 60.198252668106328 ], [ -1.371262431263575, 60.20122131091069 ], [ -1.37333308999996, 60.205139465000059 ], [ -1.388608429999977, 60.204728981000073 ], [ -1.398299960999964, 60.207789438000077 ], [ -1.404643387535896, 60.188865774405102 ], [ -1.405560374011657, 60.186408520137263 ], [ -1.405497958157531, 60.186316425583868 ], [ -1.409277497999938, 60.175041330000056 ], [ -1.416374327999961, 60.170001339000066 ], [ -1.426367597999956, 60.169314840000027 ], [ -1.433889395999927, 60.173270660000071 ], [ -1.43540325999993, 60.181361099000071 ], [ -1.440250001999971, 60.182264086000032 ], [ -1.445569066423255, 60.17754657895108 ], [ -1.45197737235759, 60.175938844902078 ], [ -1.450471576289404, 60.170102730710326 ], [ -1.453044876999968, 60.156361957000058 ], [ -1.459380044771075, 60.151565259339705 ], [ -1.470878958896378, 60.160282850473379 ], [ -1.484521091605537, 60.161275877048624 ], [ -1.505107980999981, 60.165901801000075 ], [ -1.510355592909079, 60.171894097841296 ], [ -1.509953141124242, 60.179565310690521 ], [ -1.526968725430617, 60.180317073187766 ], [ -1.533624159999931, 60.181688044000055 ], [ -1.543113001999927, 60.187659489000055 ], [ -1.544058922999966, 60.196163542000079 ], [ -1.537545811671921, 60.202672867684207 ], [ -1.534372711307071, 60.204545933825408 ], [ -1.52473258699996, 60.207145377000074 ], [ -1.515401943621733, 60.2082366700715 ], [ -1.502701163727465, 60.208724260516249 ], [ -1.50300538441854, 60.21005252280402 ], [ -1.483990468999934, 60.217126076000056 ], [ -1.501435171999958, 60.219445158000042 ], [ -1.504105373999948, 60.229489752000063 ], [ -1.520439186999965, 60.239404291000028 ], [ -1.52373973899995, 60.239594017000059 ], [ -1.525741903999972, 60.23780008500006 ], [ -1.520229678999954, 60.228537452000069 ], [ -1.522562057999949, 60.222203536000052 ], [ -1.531528043264725, 60.217024604709131 ], [ -1.53277301805997, 60.216793656002608 ], [ -1.558703422424514, 60.206546425377326 ], [ -1.556951642004208, 60.220530152045171 ], [ -1.562048523136909, 60.220125405900859 ], [ -1.565110118999939, 60.222665886000073 ], [ -1.589804632773702, 60.219838646973209 ], [ -1.602489709531994, 60.220251441351195 ], [ -1.598737808538691, 60.216399204148502 ], [ -1.605496423999966, 60.211962933000052 ], [ -1.623127378999925, 60.209918663000053 ], [ -1.644874081999944, 60.21846051600005 ], [ -1.647420732999933, 60.227416813000048 ], [ -1.677964592871352, 60.234298874802363 ], [ -1.682472824960655, 60.235727905918338 ], [ -1.68331354708397, 60.235504087032382 ], [ -1.68526886899997, 60.235944655000083 ], [ -1.69022455399994, 60.240897373000053 ], [ -1.690676779602755, 60.241640451569424 ], [ -1.691796228689225, 60.248821684538193 ], [ -1.690960073999975, 60.251938660000064 ], [ -1.694692790324979, 60.254595927670621 ], [ -1.696345515575007, 60.257299417276521 ], [ -1.694824702693074, 60.259216969509694 ], [ -1.688709139514742, 60.262043714745857 ], [ -1.686473501786865, 60.27157640239367 ], [ -1.684238630999971, 60.277109585000062 ], [ -1.684984448212429, 60.277925679129766 ], [ -1.684232830580356, 60.281130552633101 ], [ -1.69057224204659, 60.281867473372678 ], [ -1.69800719999995, 60.285016110000072 ], [ -1.699214157999961, 60.290197517000081 ], [ -1.690990019999958, 60.297624552000059 ], [ -1.685931373999949, 60.299542360000032 ], [ -1.680730879947989, 60.300825344651308 ], [ -1.661797643146429, 60.304149269673474 ], [ -1.645482540086903, 60.304172516248798 ], [ -1.624588890748783, 60.306425813311719 ], [ -1.607328593999966, 60.306214010000076 ], [ -1.598552723999944, 60.303453811000054 ], [ -1.595069697497706, 60.300748195263878 ], [ -1.593443751028019, 60.296703457798856 ], [ -1.571112633141013, 60.287731647497765 ], [ -1.56938769799795, 60.297734127220302 ], [ -1.561911344999942, 60.296675540000081 ], [ -1.542802369999947, 60.296983641000054 ], [ -1.547414942999978, 60.302978075000055 ], [ -1.545188572999962, 60.306762761000073 ], [ -1.536083103476525, 60.309869538125639 ], [ -1.534632801662156, 60.30994951735687 ], [ -1.52414839684802, 60.313941648131426 ], [ -1.51718582999996, 60.316317269000081 ], [ -1.50642161899998, 60.317605752000077 ], [ -1.496033036999961, 60.313149992000035 ], [ -1.484076996999931, 60.290535930000033 ], [ -1.473663396999939, 60.285958028000039 ], [ -1.469319035999945, 60.288667653000061 ], [ -1.478146194999965, 60.292771340000058 ], [ -1.481551001818465, 60.302729021164097 ], [ -1.481253504745041, 60.302703976407599 ], [ -1.472190537197242, 60.304204021981356 ], [ -1.463127286999963, 60.30070831900008 ], [ -1.455620373999977, 60.30017943200005 ], [ -1.459667593999939, 60.304301460000033 ], [ -1.458182722764998, 60.306522507612726 ], [ -1.449287176361793, 60.307994842688174 ], [ -1.458210822190291, 60.312105464070548 ], [ -1.458656812999948, 60.313513022000052 ], [ -1.454273264785306, 60.316029336760685 ], [ -1.433312535045161, 60.32234942908309 ], [ -1.431093583590532, 60.325061648336565 ], [ -1.428642854999964, 60.325760070000058 ], [ -1.417961971999944, 60.318985542000064 ], [ -1.405930663999925, 60.31785302000003 ], [ -1.391090091999956, 60.313015180000036 ], [ -1.379002791999937, 60.291418610000051 ], [ -1.37897648749921, 60.291408383930829 ], [ -1.379352569265279, 60.288090110070641 ], [ -1.368303656887747, 60.286201477116606 ], [ -1.367282320105662, 60.291553536356069 ], [ -1.362683305999951, 60.298308014000042 ], [ -1.36038635370205, 60.299593687701936 ], [ -1.356889009120152, 60.300647974224887 ], [ -1.357518511824413, 60.301198905575475 ], [ -1.354801705999932, 60.302719584000045 ], [ -1.367034366999974, 60.310932109000078 ], [ -1.368471625772909, 60.31485112655303 ], [ -1.368210910161792, 60.326464875215599 ], [ -1.36687349999994, 60.328765999000041 ], [ -1.367235266999955, 60.337304810000035 ], [ -1.360258093477041, 60.341183643300006 ], [ -1.354793764094674, 60.343030202804663 ], [ -1.348791452999933, 60.342694945000062 ], [ -1.342837573223925, 60.338549563948099 ], [ -1.340139746651516, 60.33550143214552 ], [ -1.339421282470219, 60.337444443739955 ], [ -1.335438615999976, 60.338189918000069 ], [ -1.336120684692472, 60.346370566875478 ], [ -1.333672046427523, 60.352992654187858 ], [ -1.336847424508428, 60.355086995768218 ], [ -1.337040372296502, 60.357401188052492 ], [ -1.305292010217727, 60.359118461847572 ], [ -1.301638884887513, 60.359569013519909 ], [ -1.301083475999974, 60.35958344800008 ], [ -1.274881599999958, 60.351516718000028 ], [ -1.267810561999966, 60.352543667000077 ], [ -1.282108025999946, 60.35774656500007 ], [ -1.286785183993539, 60.361400968126766 ], [ -1.285292864073938, 60.361585020732321 ], [ -1.298975228823281, 60.370197534788588 ], [ -1.324082731932037, 60.368733048192041 ], [ -1.327781910864044, 60.367968814894489 ], [ -1.342365161999965, 60.366902502000073 ], [ -1.344602070921446, 60.367337746861722 ], [ -1.352832555877228, 60.373718023568188 ], [ -1.350290921731499, 60.379750132971381 ], [ -1.34838310799995, 60.38171142200008 ], [ -1.349442439894244, 60.382975431471358 ], [ -1.354411125072943, 60.394884467244708 ], [ -1.365208863997623, 60.39181613960335 ], [ -1.366960829449216, 60.389227821279015 ], [ -1.38138655299997, 60.37979327000005 ], [ -1.394261671999971, 60.381576787000029 ], [ -1.405720194999958, 60.387534462000076 ], [ -1.405786968122616, 60.392524497791811 ], [ -1.401164531917175, 60.395111680060211 ], [ -1.402007220799172, 60.39592405424802 ], [ -1.39912190299998, 60.39782148900008 ], [ -1.407927398999959, 60.402534118000062 ], [ -1.411445003999972, 60.407002835000071 ], [ -1.407902991999947, 60.410937234000073 ], [ -1.39954500999994, 60.412587274000032 ], [ -1.398604692999925, 60.414125954000042 ], [ -1.410819199084894, 60.414436839284384 ], [ -1.409796357115624, 60.417342662933834 ], [ -1.424735020230857, 60.414791026673036 ], [ -1.43777554899998, 60.415122936000046 ], [ -1.449167494907193, 60.419017355389926 ], [ -1.450131002072187, 60.420519495223559 ], [ -1.452385320834479, 60.430194039782975 ], [ -1.448496222622225, 60.434816479497101 ], [ -1.447751840867467, 60.440780551727357 ], [ -1.44169564699996, 60.448010647000046 ], [ -1.446689466129438, 60.449292420311863 ], [ -1.446528553649387, 60.450581669608539 ], [ -1.451482696990046, 60.450522708240847 ], [ -1.456797070999926, 60.451886759000047 ], [ -1.46400054399993, 60.458374425000045 ], [ -1.461954755999955, 60.46221455400007 ], [ -1.449326799999938, 60.465937097000051 ], [ -1.444917648999933, 60.468912903000046 ], [ -1.456447529999934, 60.469495219000066 ], [ -1.461322347999953, 60.471227859000066 ], [ -1.461383626999975, 60.486128906000033 ], [ -1.468302205999976, 60.484878718000061 ], [ -1.480356, 60.477582067000071 ], [ -1.480680549499881, 60.476838545774491 ], [ -1.487065911262277, 60.473356961754632 ], [ -1.484392506528748, 60.468334700165663 ], [ -1.486485485999935, 60.463539824000065 ], [ -1.495405438999967, 60.457673140000054 ], [ -1.50876326499997, 60.466438900000071 ], [ -1.50299301719806, 60.473899157644311 ], [ -1.493534564768026, 60.476158738435345 ], [ -1.501480459954962, 60.484078526303165 ], [ -1.510123277491297, 60.481185290424122 ], [ -1.52863238499998, 60.481468884000037 ], [ -1.543634472083744, 60.485019907288802 ], [ -1.554226756459229, 60.490636825129627 ], [ -1.565796017471712, 60.482507347736146 ], [ -1.566139533332406, 60.481802155316011 ], [ -1.571663528999977, 60.479778901000032 ], [ -1.581159850504068, 60.479498912048776 ], [ -1.582968950556165, 60.480044960806424 ], [ -1.585823304617456, 60.479361415058406 ], [ -1.588227496999934, 60.479290530000071 ], [ -1.609510209999939, 60.476577060000068 ], [ -1.625126196999929, 60.482108928000059 ], [ -1.627454537999938, 60.486176624000052 ], [ -1.61592730722395, 60.498091257040876 ], [ -1.605533047889537, 60.506108069368594 ], [ -1.593094559310037, 60.506384410455603 ], [ -1.585788845878085, 60.504654645995345 ], [ -1.583955508856126, 60.505615667901829 ], [ -1.575400148999961, 60.504321634000064 ], [ -1.571136371999955, 60.504901261000043 ], [ -1.572512531999962, 60.510995108000031 ], [ -1.572260888292079, 60.511745902777051 ], [ -1.56503427011495, 60.515534043361583 ], [ -1.567287754867144, 60.526583558096448 ], [ -1.563488003999964, 60.537920353000061 ], [ -1.553947354880053, 60.546562615880646 ], [ -1.54969232186532, 60.548380959843733 ], [ -1.535643837999942, 60.553084183000067 ], [ -1.528930575999937, 60.552581825000061 ], [ -1.524578887999951, 60.550308437000069 ], [ -1.520523725114272, 60.540154356383624 ], [ -1.521328926488252, 60.536561131691144 ], [ -1.513712525811968, 60.52987086814602 ], [ -1.49130639507874, 60.522221130155771 ], [ -1.483718786855149, 60.519008463787053 ], [ -1.474532246965282, 60.513453245071503 ], [ -1.448750614748519, 60.505068540980631 ], [ -1.446051200878681, 60.507515144990698 ], [ -1.441599570999927, 60.506568650000077 ], [ -1.410250406999978, 60.51134773800004 ], [ -1.414075387999958, 60.512723655000059 ], [ -1.443220168999972, 60.511525593000044 ], [ -1.455970018999949, 60.513853304000065 ], [ -1.473932684540443, 60.524354336213413 ], [ -1.480476736911328, 60.529928922981469 ], [ -1.486115189009662, 60.531476267620654 ], [ -1.489446614999963, 60.533423830000061 ], [ -1.493196373999979, 60.540429901000039 ], [ -1.482087554072886, 60.549451837886267 ], [ -1.473265528480852, 60.552284717366035 ], [ -1.470847534962615, 60.558580327111805 ], [ -1.468243894705949, 60.560694852167053 ], [ -1.459104180313375, 60.56204974679855 ], [ -1.448202133521136, 60.571102023040396 ], [ -1.432630658277844, 60.573670625299485 ], [ -1.431809901904955, 60.581581354296134 ], [ -1.439572143457909, 60.583917642590094 ], [ -1.440347220999968, 60.589524649000055 ], [ -1.428346131999945, 60.600896151000029 ], [ -1.427365827449306, 60.604363700398807 ], [ -1.420154809596454, 60.610916256480152 ], [ -1.420728802791473, 60.617457151626525 ], [ -1.404335888419152, 60.614658984907905 ], [ -1.388659969853889, 60.611055696361525 ], [ -1.383793354079728, 60.607214331276623 ], [ -1.368636163930064, 60.608755084246013 ], [ -1.353974815999948, 60.608173065000074 ], [ -1.340442718999952, 60.605160326000032 ], [ -1.339530751999973, 60.608164563000059 ], [ -1.347206003999929, 60.616626781000036 ], [ -1.346169717999942, 60.620945695000046 ], [ -1.341862073999948, 60.623989008000081 ], [ -1.328610434450932, 60.62579640928795 ], [ -1.313635468701477, 60.625554442283885 ], [ -1.30954550906935, 60.624851155155199 ], [ -1.303556501999935, 60.619235808000042 ], [ -1.30553591300683, 60.607311149490727 ], [ -1.307346224548269, 60.603145122949343 ], [ -1.30650819242491, 60.601453801018955 ], [ -1.307433426999978, 60.595879867000065 ], [ -1.315800885999977, 60.588134556000057 ], [ -1.327177826999957, 60.585250208000048 ], [ -1.328528499733738, 60.584283050946588 ], [ -1.33591997652519, 60.58413124076435 ], [ -1.328957246712538, 60.58178387356687 ], [ -1.315372832999969, 60.568929132000051 ], [ -1.317377533999945, 60.544018360000052 ], [ -1.326511075999974, 60.538858902000072 ], [ -1.340860796744774, 60.538107988301007 ] ] ], [ [ [ 0.840739070996198, 51.36381078054611 ], [ 0.820276259941579, 51.36887431100115 ], [ 0.815671241153072, 51.368745634197026 ], [ 0.809024018000059, 51.370147772000053 ], [ 0.797342654000033, 51.369008735000079 ], [ 0.788585524000041, 51.372975556000029 ], [ 0.775086271693468, 51.368145977671183 ], [ 0.773613197526969, 51.368388707700433 ], [ 0.766151388326079, 51.372040312430272 ], [ 0.766637772907973, 51.375328727679637 ], [ 0.769127024000056, 51.379386638000028 ], [ 0.767642343113662, 51.382120563001763 ], [ 0.7677962778763, 51.383161306149702 ], [ 0.76687481571864, 51.383533905326033 ], [ 0.766546025000025, 51.384139348000076 ], [ 0.751456, 51.391144999000062 ], [ 0.750615176000053, 51.393935078000027 ], [ 0.743758785122518, 51.396601191550992 ], [ 0.741422176792469, 51.398334979775711 ], [ 0.731624950270924, 51.401321585241604 ], [ 0.729297494000036, 51.405294308000066 ], [ 0.728130022852879, 51.407286878990384 ], [ 0.728004813471784, 51.407757758713842 ], [ 0.733109681902616, 51.409590115514355 ], [ 0.734171600000025, 51.409592068000052 ], [ 0.740923031000023, 51.412107422000076 ], [ 0.741024752100688, 51.41243117457406 ], [ 0.742318511290648, 51.412895560381855 ], [ 0.741592486369794, 51.414238129372613 ], [ 0.741880478000041, 51.415154734000055 ], [ 0.739342814513561, 51.418398234056092 ], [ 0.73676891096492, 51.423157909640707 ], [ 0.741432, 51.426424999000062 ], [ 0.743154, 51.427795499000069 ], [ 0.743805500000065, 51.430793999000059 ], [ 0.747253, 51.433673999000064 ], [ 0.748022305000063, 51.435751563000053 ], [ 0.74337710900005, 51.442815795000058 ], [ 0.745319109820992, 51.446702593651068 ], [ 0.752701209925784, 51.444988247089974 ], [ 0.767613692000054, 51.441186521000077 ], [ 0.769835989397775, 51.441009033878835 ], [ 0.773349642772075, 51.440193057463773 ], [ 0.79176700104648, 51.438904166194504 ], [ 0.800912678159136, 51.434888768988607 ], [ 0.814930051000033, 51.428290588000038 ], [ 0.81723195540411, 51.427723812316223 ], [ 0.819675445365533, 51.426651001343032 ], [ 0.822887994803489, 51.426331180375222 ], [ 0.825466447000053, 51.42569631300006 ], [ 0.82995447703023, 51.425627686396865 ], [ 0.859547734540627, 51.422681570098746 ], [ 0.869767363050805, 51.42211399860669 ], [ 0.886052476000032, 51.420505544000036 ], [ 0.901961758000027, 51.415465834000031 ], [ 0.907981100534988, 51.410155962415338 ], [ 0.911781311358766, 51.405833959569861 ], [ 0.922308057232179, 51.399715947865452 ], [ 0.933507413000029, 51.392628537000064 ], [ 0.936539501000027, 51.390709490000063 ], [ 0.949532030690842, 51.373581552732261 ], [ 0.941081564089694, 51.36905571583754 ], [ 0.936687421000045, 51.36908346000007 ], [ 0.933507413000029, 51.367178372000069 ], [ 0.923036633000038, 51.360904946000062 ], [ 0.920198459000062, 51.360009776000027 ], [ 0.906513094000047, 51.355693118000033 ], [ 0.892073687055022, 51.355796159588493 ], [ 0.88477352291259, 51.357366687948044 ], [ 0.884324589000073, 51.357516965000059 ], [ 0.87130551100006, 51.364500780000071 ], [ 0.856228, 51.364726999000027 ], [ 0.840739070996198, 51.36381078054611 ] ] ], [ [ [ 0.670649222000065, 51.405294308000066 ], [ 0.670071750000034, 51.406407911000031 ], [ 0.668463225052928, 51.406206648053171 ], [ 0.666966198543367, 51.40833201899413 ], [ 0.667465195203351, 51.408788866979108 ], [ 0.672478195042533, 51.40970386332117 ], [ 0.674549114000058, 51.407773048000081 ], [ 0.675624689000074, 51.408926996000048 ], [ 0.682351786000027, 51.408877641000061 ], [ 0.682402697751413, 51.411489005310088 ], [ 0.691116941421198, 51.411267081301432 ], [ 0.690789915000039, 51.405294308000066 ], [ 0.690712535000046, 51.40388093100006 ], [ 0.692042175095481, 51.402160527324135 ], [ 0.692396144774605, 51.396840870102615 ], [ 0.691714443000023, 51.396568493000075 ], [ 0.683729286000073, 51.39816858100005 ], [ 0.680412625000031, 51.400002613000026 ], [ 0.673721373165861, 51.398741506232973 ], [ 0.671796817255393, 51.401473852774757 ], [ 0.674040392000052, 51.402367212000058 ], [ 0.671458134000034, 51.403734347000068 ], [ 0.670649222000065, 51.405294308000066 ] ] ], [ [ [ 0.91303785100007, 51.774560725000072 ], [ 0.907224537000047, 51.776203922000036 ], [ 0.904180722000035, 51.778121311000064 ], [ 0.904312798000035, 51.783545150000066 ], [ 0.907849963376127, 51.789291611228968 ], [ 0.917341470632721, 51.793377280037816 ], [ 0.924760579837255, 51.800962448158657 ], [ 0.932460427707099, 51.801074862515236 ], [ 0.943224310753692, 51.806595444424318 ], [ 0.957750572412762, 51.807728350757714 ], [ 0.981681516680249, 51.804055329160867 ], [ 0.983961462651678, 51.803277134932102 ], [ 0.994227317718965, 51.801374618787705 ], [ 0.998675184000035, 51.799469070000043 ], [ 0.999047422000046, 51.795951842000079 ], [ 0.976894264000066, 51.784253274000037 ], [ 0.951339897000025, 51.776980655000045 ], [ 0.933344142000067, 51.774268148000033 ], [ 0.920198459000062, 51.774457554000037 ], [ 0.91303785100007, 51.774560725000072 ] ] ], [ [ [ 1.037812594000059, 51.803319986000076 ], [ 1.029225058000065, 51.801709899000059 ], [ 1.027008620000061, 51.802924688000076 ], [ 1.036302430000035, 51.804688660000068 ], [ 1.037812594000059, 51.803319986000076 ] ] ], [ [ [ 1.227295606000041, 51.874407831000042 ], [ 1.226159677000055, 51.875519840000038 ], [ 1.227295606000041, 51.878818854000031 ], [ 1.23155009900006, 51.881656020000037 ], [ 1.233565047176282, 51.881780302147305 ], [ 1.259161451114383, 51.882533953245051 ], [ 1.26319744400007, 51.879003376000071 ], [ 1.267818968000029, 51.865580210000076 ], [ 1.263734543000055, 51.864500170000042 ], [ 1.258863145000021, 51.868256723000059 ], [ 1.252913634000038, 51.86971690200005 ], [ 1.253119027000025, 51.872424251000041 ], [ 1.256473257000039, 51.873938259000056 ], [ 1.253671270000041, 51.875597271000061 ], [ 1.24706825100003, 51.874111276000065 ], [ 1.243442197000036, 51.869319551000046 ], [ 1.232982090000064, 51.874011936000045 ], [ 1.227295606000041, 51.874407831000042 ] ] ] ] } }
]
}
